Sample_ID,True_value,Mean,Lower_bound,Upper_bound
ONE05,0.85,0.8311976,0.622045101,1.042631391
RIM03,1.1,0.89921755,0.673548689,1.140360117
RIM04,1.2,1.8281277,0.75032016,9.223219705
RIM05,1.15,1.6100075,0.785580032,7.606756032
