Sample_ID,True_value_min,True_value_max,Mean,Lower_bound,Upper_bound
ONE05,0.89,4.45,10.414429,8.534867859,12.54888728
RIM03,0.973333333,4.866666667,7.3825192,4.733810294,10.90805352
RIM04,0.93,4.65,8.479341,2.221859473,14.7976774
RIM05,2.196666667,10.98333333,9.26733,1.188061395,19.13247275
