Sample_ID,True_value,Mean,Lower_bound,Upper_bound
ONE05,0.13,0.0211352,0.000659427,0.070691997
RIM03,0.1,0.067808315,0.002859163,0.183184529
RIM04,0.15,0.39211652,0.074395109,0.716039605
RIM05,0.09,1.1078589,0.494588367,1.865235493
