Sample_ID,True_value,Mean,Lower_bound,Upper_bound
ONE05,7,7.605138,2.823094505,11.97819047
RIM03,6,7.048516,2.37784518,11.74245923
RIM04,3,6.8005567,2.625429249,11.16816182
RIM05,3,6.6354003,2.538903672,10.95368319
