Sample_ID,True_value,Mean,Lower_bound,Upper_bound
ONE05,0.85,0.9344721,0.757050444,1.100616693
RIM03,1.1,0.9184936,0.7324412,1.098319396
RIM04,1.2,2.487827,0.97868232,14.85065868
RIM05,1.15,2.7270818,1.055443245,15.29800682
