Sample_ID,True_value_min,True_value_max,Mean,Lower_bound,Upper_bound
ONE05,0.89,4.45,5.166754,2.492594564,8.023352695
RIM03,0.973333333,4.866666667,3.7395122,0.670820767,7.06118573
RIM04,0.93,4.65,8.2281065,0.79202943,17.11706281
RIM05,2.196666667,10.98333333,8.323615,3.893304533,16.03841186
