Sample_ID,True_value,Mean,Lower_bound,Upper_bound
ONE05,0.13,0.013298923,0.000370938,0.047325617
RIM03,0.1,0.06662984,0.006037996,0.150181717
RIM04,0.15,0.3994381,0.159895514,0.646028395
RIM05,0.09,1.0955029,0.692392822,1.63813343
