Sample_ID,True_value,Mean,Lower_bound,Upper_bound
ONE05,7,5.501741,2.314670855,8.742575192
RIM03,6,6.2854266,2.59942795,10.00171251
RIM04,3,6.0732327,2.217051101,9.734621835
RIM05,3,6.2034326,2.411250246,10.44430764
