Sample_ID,True_value,Mean,Lower_bound,Upper_bound
ONE05,0.85,0.77671814,0.387378706,1.172968319
RIM03,1.1,0.92159384,0.46936307,1.369128978
RIM04,1.2,2.2531142,0.278668158,9.73005693
RIM05,1.15,5.5086675,0.34801954,13.66538014
