Sample_ID,True_value_min,True_value_max,Mean,Lower_bound,Upper_bound
ONE05,0.89,4.45,6.931211,5.360675275,8.472265792
RIM03,0.973333333,4.866666667,5.917968,4.006911218,7.747298312
RIM04,0.93,4.65,9.135554,5.595517242,14.98493605
RIM05,2.196666667,10.98333333,13.8225975,9.468392658,18.26078954
