Sample_ID,True_value,Mean,Lower_bound,Upper_bound
ONE05,0.13,0.017743692,0.000651562,0.057729993
RIM03,0.1,0.01656209,0.000587329,0.06326199
RIM04,0.15,0.36588398,0.158263152,0.568431202
RIM05,0.09,1.4015101,0.909258273,1.891990957
