Sample_ID,True_value,Mean,Lower_bound,Upper_bound
ONE05,7,6.805033,2.65777688,11.10573471
RIM03,6,6.4291854,2.512043589,10.75482178
RIM04,3,6.5256777,2.588390994,11.24230385
RIM05,3,5.800806,2.47155633,9.289389682
