Sample_ID,True_value,Mean,Lower_bound,Upper_bound
ONE05,0.85,2.033958,0.661231948,14.77825592
RIM03,1.1,0.9451876,0.72878473,1.17115173
RIM04,1.2,8.606377,0.861340208,18.46153755
RIM05,1.15,6.625115,0.629051924,16.6863903
