Sample_ID,True_value_min,True_value_max,Mean,Lower_bound,Upper_bound
ONE05,0.89,4.45,8.179388,3.13561402,21.91441112
RIM03,0.973333333,4.866666667,2.808836,0.280620375,6.346841049
RIM04,0.93,4.65,17.162762,9.594583488,24.73330402
RIM05,2.196666667,10.98333333,16.359224,6.0771837,27.4782373
