Sample_ID,True_value,Mean,Lower_bound,Upper_bound
ONE05,0.13,0.067378566,0.004131153,0.189134356
RIM03,0.1,0.08006547,0.004365163,0.203937313
RIM04,0.15,0.40634006,0.064279529,0.7673787
RIM05,0.09,1.4767095,0.568737969,2.451207274
