Sample_ID,True_value,Mean,Lower_bound,Upper_bound
ONE05,7,6.100588,1.462364471,11.34040847
RIM03,6,6.5946865,1.887627897,11.10266242
RIM04,3,6.832915,2.958489567,11.20680556
RIM05,3,6.69465,2.91832366,10.34386621
