Sample_ID,True_value,Mean,Lower_bound,Upper_bound
ONE05,0.85,1.2351348,0.603840582,1.678471893
RIM03,1.1,1.0814716,0.569224687,1.514688349
RIM04,1.2,10.013564,1.100127834,18.78949528
RIM05,1.15,9.478311,1.271504486,18.39988565
