Sample_ID,True_value_min,True_value_max,Mean,Lower_bound,Upper_bound
ONE05,0.89,4.45,4.0609365,0.869464357,8.189278817
RIM03,0.973333333,4.866666667,3.4091,0.234500544,8.387326455
RIM04,0.93,4.65,17.028267,12.33246846,21.57248726
RIM05,2.196666667,10.98333333,16.387577,10.82309308,21.71557817
