Sample_ID,True_value,Mean,Lower_bound,Upper_bound
ONE05,0.13,0.09647572,0.009837676,0.211913458
RIM03,0.1,0.10122042,0.006078624,0.229773111
RIM04,0.15,0.5227374,0.254370782,0.784810428
RIM05,0.09,1.4320599,0.837224886,2.053190017
