Sample_ID,True_value,Mean,Lower_bound,Upper_bound
ONE05,7,6.7310667,2.633019173,10.91895118
RIM03,6,6.7444515,2.183230841,11.19751017
RIM04,3,7.365388,1.924463013,13.15428367
RIM05,3,7.179531,1.878152621,12.61316898
