Sample_ID,True_value,Mean,Lower_bound,Upper_bound
ONE05,0.85,2.1679926,0.544936323,15.45101171
RIM03,1.1,0.8658237,0.548200725,1.145883775
RIM04,1.2,1.2411168,0.646950971,1.732996592
RIM05,1.15,0.89971876,0.05700294,5.728196537
