Sample_ID,True_value_min,True_value_max,Mean,Lower_bound,Upper_bound
ONE05,0.89,4.45,7.8401294,2.0414451,17.61701202
RIM03,0.973333333,4.866666667,4.557548,0.369437549,7.709155869
RIM04,0.93,4.65,7.099224,4.782404017,9.88078649
RIM05,2.196666667,10.98333333,7.841792,1.475387868,17.04311647
