Sample_ID,True_value,Mean,Lower_bound,Upper_bound
ONE05,0.13,0.07153596,0.001990497,0.229214292
RIM03,0.1,0.092143476,0.004094687,0.228093578
RIM04,0.15,0.266851,0.037451672,0.513769844
RIM05,0.09,1.0775889,0.350463182,1.79968839
