Sample_ID,True_value,Mean,Lower_bound,Upper_bound
ONE05,7,6.3365107,2.829954338,9.731285954
RIM03,6,6.3240676,2.837419051,10.24047108
RIM04,3,6.508338,2.964147681,10.06672988
RIM05,3,6.558378,2.490642464,10.39525177
