b1,b2,b3,b4,b5,b6,b7
0.0010221009152702667,0.001136973879101225,0.0017777907822170503,0.0024929647740365006,0.00036501799706211314,0.0002367994144251909,0.00038864334131475
0.00018314371969086667,0.0002053593380596125,0.000301091701723575,0.00038095029569122857,0.00019768624332590001,0.00015499149236729523,0.0001430221102843
0.008262695042196967,0.008410542701259675,0.012109394192685051,0.013842632049874543,0.0050959350579609,0.00407706297699224,0.00437622433127115
0.00022008645484237568,0.00029332791453938754,0.000948497862001425,0.0027218786160596435,0.0008259782999864801,0.00033316099453002,0.0029036682236028
9.972920115170818e-05,0.00010078182447700563,0.000168633320528625,0.00021021759541531429,0.00012213707221424888,0.0001028846792392417,0.00014767460871745002
0.0007733087941346667,0.00088272083818215,0.001379496866342,0.0016932068416802284,0.0009269644915514399,0.0008141012146808599,0.0007554156353739
0.00043352329098605,0.0005144539773516125,0.000666635375077325,0.0008237222510038999,0.0002236469961464,0.0001633212603633393,9.415776459315305e-05
0.00027728064467275005,0.00028979012732380005,0.00046905406975125,0.0006132456675201858,0.0003562104448420401,0.00025274601720046,0.00037220034973265
0.0065020439434239664,0.009356006576590123,0.0140154988407139,0.018947804974549984,0.017469146984853585,0.014019782495627459,0.01412978694372605
0.0024590152632663832,0.0044591684615741,0.009745021677629974,0.01430491643116297,0.00171225554764716,0.0012055374154759,-0.0002120817214044
0.0022156063659825834,0.00230444346667715,0.0034696551760665,0.004155759677869571,0.0014159070963637,0.0009926806033554,0.0011951958570323002
0.001620793175697433,0.001924682298058275,0.0026565360748094253,0.0035552744242017997,0.00118574894165334,0.0007183717357598401,0.00095077564066225
0.00499035920966,0.005799965351985999,0.0099441277764971,0.0127818362567487,0.00768231625815244,0.006417288494277,0.00581399023661335
0.0007452110240372987,0.0023813322223031996,0.0088220709490342,0.01767055126329983,0.007830489199027579,0.00465233359751298,0.02365068647303645
0.0017965133174092,0.0021925491699518124,0.003428941849072675,0.004003757450994772,0.00032522502682462,0.00032934495447356,7.69506878125291e-05
0.00016863624075796665,0.00016912838347196251,0.00022128048264515,0.0003342786011211714,0.00016333459535662,0.00011771895143655348,0.0001838060917594
0.017294364557705215,0.019602349319124773,0.02255142841720035,0.02305219068483399,0.0056109634089682005,0.0039990138529643,0.0023548961519382003
0.0010672206797912999,0.001075046736456375,0.001624075575398125,0.002153204185233957,0.0011191856336643,0.0007201832907102401,0.00129899879897555
0.0005897237937787333,0.0005548728120521375,0.0008828934903827501,0.001229579582209943,0.0006406137584068002,0.00047211010347898003,0.0007152040625914
0.005573738323018151,0.007353911600894526,0.0136451049694956,0.018916453561409557,0.002589411743472,0.0013046354458156801,0.0028709310480394
0.001195650773904683,0.0013785762189914752,0.00200379311483615,0.002808373513296471,0.00163611817303886,0.0011956549058069602,0.0016324693602332001
0.0005856713684582334,0.0006170473821710999,0.0009443229783072751,0.0010654125633808857,0.00046954450693272,0.00035876797879282,0.00029798191737974997
0.0016937896665530664,0.0020400962860672124,0.0029000058769236502,0.0028252838527251856,0.00066277119624514,0.0005639574410566201,0.0005221004739339
0.0021521543922343837,0.0031397910644065624,0.007362277697289249,0.012884300959006615,0.0032565509194412605,0.0015452676157146998,0.00261164900147825
0.00119297291510725,0.0014838072535537001,0.001964632740084625,0.0022821330593415716,0.0003559811718566,0.0002742291928068,0.00027309860789940003
0.005314349339930516,0.006647326931624949,0.011106529562904977,0.013202543127883843,0.0071962173248583585,0.00580277519654768,0.0049939739794200005
0.00060364499661785,0.0007098818106219624,0.0010013550021058001,0.001244757289502386,0.0004943261775597799,0.00040875062512740003,0.0004942507764865
0.004427171279143017,0.005006115067146313,0.007659765842284149,0.00950640934987614,0.00403519648852522,0.00307291785282792,0.0034977724616952997
0.01084676875617365,0.010592831250061312,0.016191935714097674,0.017952038287002346,0.00610358340381598,0.00466436822747294,0.0031196691497175
0.00034827857647815,0.000432502557635575,0.00068968188921115,0.0007891032727548285,0.00044507750579014,0.00037169695792982,0.0002696079120129
0.0002391696118345,0.000243950941814575,0.00031101285974125003,0.0004204101429996286,0.00019702314678297998,0.00016294400132042,0.00017442416897035
0.004931181417369633,0.006592325387738413,0.014883921395427624,0.021931028522717343,0.00510326956504438,0.0025513871035979002,0.0064470050037290505
0.009776944383059084,0.011224966230812414,0.01713946780948765,0.02500015561951748,0.01133778815040642,0.00817689471715158,0.011405938798223849
0.00014009160920776668,0.00015102597892766248,0.00022562818240365,0.0003055763804752858,0.00016679559944029996,0.0001264505510285168,0.00020732008683535
0.019410316618063833,0.020919731751722487,0.022823568278199126,0.026196835572735774,0.00583476012777656,0.003816269030445819,0.00361140321658575
0.00032127872304366664,0.0003163393796098375,0.000757415528749925,0.0017542981190052287,0.00019371534610860183,8.624499876176856e-05,0.0001321774551688
6.975382482804668e-05,8.582859755023986e-05,0.00014237836731645,0.0001873110025958,0.0001166588937525297,9.194218195915202e-05,0.00014933334732355
0.00043665660584789995,0.00047783996525238754,0.0005863328783108,0.0008065415083958715,0.00029811463916030003,0.0002467132711824,0.00029443783456005
0.0002096172566956667,0.000214433492197075,0.000360911499456425,0.00048350391236665714,0.00026217066904438,0.00021489219213785999,0.0002624764295929
0.00026992121220653333,0.00019483026200296251,0.0014217839572095,0.004610183346592171,0.00321287335416936,0.00130882521733542,0.00830930757516985
0.02601245287061145,0.026018128647035385,0.015184354043938898,0.0122660675022966,0.00051249554165726,8.275158620700005e-05,0.00193286132173695
0.007496105902419683,0.009396988815820738,0.014675841868526449,0.020361408764456444,0.0018533113504690657,0.00012824344824070578,0.0018551768733998
0.00012518384346116686,0.00015149152485541249,0.0002226855758531,0.00027208692877935713,0.0001552847361286,0.00010883595335462891,0.0001655010200069
0.003063884033760733,0.0039169657433124625,0.006697590035801725,0.00975996964614627,0.000314314415419,7.21750845540008e-07,0.0005930551979295
0.00043640218558343335,0.0004912925450951001,0.00067649590825495,0.0008362498316218572,0.00034485516619781997,0.00020987088313216,0.00024003610733965
0.009139972696768682,0.010532921097266439,0.016333274446495426,0.019171277986822926,0.00954415657145738,0.00854167055016168,0.00654623589056765
0.009701287135813768,0.009282416900709188,0.014307291943689526,0.018440134840345297,0.011160135240839659,0.00915317810538946,0.01146346778767715
0.021181696014558053,0.021795855551292022,0.029809089972983798,0.02842409923484477,0.011760740205856499,0.010657772402650858,0.00774358693028465
0.0011846497749369667,0.0012401948717419998,0.0017327259032456248,0.0019800703141091857,0.00072529818593756,0.00062709782842008,0.00060907541125485
7.543225029803264e-05,8.540678634111102e-05,0.00012444504562655,0.00017105723944414283,0.00011029014710500567,8.194540413069941e-05,0.00012431705130305
0.002046096136151417,0.0023707946673823506,0.00405501750065945,0.0049052864093532,0.0024534958019365393,0.00187304588560732,0.00128350358138135
0.0008043902570371501,0.0010087537159271874,0.0014765225715745252,0.001805427008090457,0.00080785870858194,0.00073014799919078,0.00048728064858265
0.00016840038658655,0.000172432087133625,0.00023270859802777501,0.00032208746848535715,0.00016860420022066,0.00012310825460490655,0.0001670939539067
0.003183060490447467,0.004099964791027788,0.0079419794583343,0.012678600687979043,0.00113164540451488,0.0006647734613537401,0.0002509313694455
0.00020530793164628332,0.00021786714340275002,0.000321654342821075,0.00039861497778644284,0.00016913175016052,0.00013403790402342,9.547140453949264e-05
0.00013604432496566634,0.0001519117430025875,0.000206451988493525,0.0002915934982335143,0.0001653492039391,0.00012546440006624,0.000177218486346
0.0054081463724407,0.007242037364063925,0.012851869635191174,0.0203424130450926,0.0085626818752401,0.005444964045613921,0.01501575259388635
0.002295607237354167,0.002497765544428725,0.003108705608239125,0.0034219671011972426,0.0009464728085097199,0.00091879147314484,0.00098317635098385
0.005037345610794266,0.00634585564499615,0.01096836966678345,0.013582796435505428,0.0066271980736519,0.00609304257975094,0.00316741946541095
0.0039205898624108506,0.005908669663522825,0.0089214894702996,0.013228079640596841,0.0060022925200946,0.004055243504598941,0.0044619998692666495
0.02734707840597365,0.0291273737221774,0.02444590153318875,0.022098349873586973,0.00343461347913058,0.00410286793887184,0.00152631732538915
0.0003255652674392904,0.0011739247531991125,0.0051463277224969494,0.010442911688916399,0.0038276025612893998,0.00222110812001592,0.0038456698085081497
0.0157165933372182,0.019292870290024522,0.023611921775921373,0.031148425864725802,0.02103451771377838,0.019582857763257442,0.0158811798065144
0.0024652612828030833,0.0026832020428279877,0.0035579571295800247,0.005104004926255886,0.0021258714987549003,0.00129709259087324,0.0022530568797235
0.0001957260796124,0.0002230489693485375,0.000327818049520575,0.0005149578229274429,0.0002465572006344,0.00018419325698589998,0.0002721201364679
0.008394917563971219,0.010101537303490312,0.012080975922063001,0.013668924871606413,0.0011806778911930798,0.0006745321576594399,0.00043628603156035
0.0004243376686368667,0.0004447101560498375,0.000538685291126475,0.0006363621693147001,0.00019711557757378,0.00013674360731894,0.00014655235731235
0.008998519932339617,0.009596810824943463,0.0141820517211658,0.022660835473767443,0.0036681781179373394,0.0019957159576439202,0.00139241853460255
0.010452205646696735,0.0115422792719913,0.015323747202955075,0.01675298235883217,0.006266094340624699,0.006125693823084319,0.0035264144794195
0.0012914455077989169,0.0014568133694491503,0.0023002418124457003,0.0028431456918104857,0.00131419887295214,0.00100311330092762,0.0015701347483045
0.0002029065745431667,0.00022461720460813746,0.00032504709998067496,0.00040744775316484285,0.00019174635352644002,0.00014856232949503437,0.00016994370481295
0.0017047367606599832,0.0019938454579072127,0.0025116168689870502,0.0028226836208013572,0.00061563533733148,0.00047131693434106,0.00020101639679800216
0.007858179093180416,0.009410144162691685,0.0157973286210567,0.01912174121405264,0.01598849814124856,0.01408898507156608,0.0134385300265802
0.0005611920000001334,0.0006113950279939126,0.0009265674114655251,0.0012204128309450714,0.00046027432529136003,0.00041232743201568,0.00028936034119385
0.00020190467532714995,0.0002089473898754,0.0003154583128662,0.00040441494993232857,0.00018861378117752,0.0001378537562456,0.0002238006303649
0.0007217389682867666,0.0007833333252721874,0.001084588732098175,0.0014797605336569141,0.00028014693320356,0.00025653786066008003,0.00031841508886079996
0.0001386668851324,0.00014705178379245,0.000227916750398225,0.00031726281190462856,0.00017201803796216,0.00013669455507706044,0.00023002481676559998
0.0001272416887775,0.00010739094694340521,0.000184222540016775,0.0004720273646174,0.00018546384295543998,0.00011530660794771361,0.0005591699292014
0.00069854330316785,0.00072566730248565,0.0010304947861137,0.0011559563090884572,0.00041667476753098003,0.00035030226220058,0.00024736739928305
0.0015042303516780667,0.0015486673407378124,0.0021648319680104503,0.002733437654440486,0.00108772498203594,0.0007728902231053001,0.0009502616185156
0.0018301795106007834,0.0018379317113356374,0.0024909864990371004,0.002820794171212443,0.00087148693604116,0.00070017879828778,0.00079723575033635
0.004838132942521001,0.004821622311621138,0.007730898312042875,0.01029774311400683,0.00618824381173724,0.005146229943559159,0.005058105226248199
0.004642030126991867,0.005836129380356025,0.008850736051943699,0.011792673044513527,0.0007791366959416195,0.0006457568293563867,-0.00015493504465126173
0.038620171295751266,0.03975412615499844,0.0382655931538389,0.03701568807813327,0.01324616671274324,0.01102073510167122,0.00830921178370445
0.00786625789203925,0.00932464792833899,0.01721454387411365,0.02881476528945429,0.016535414081679703,0.011905277089849921,0.0409521922651751
9.858667166489145e-05,0.00010243791750545275,0.000153619483516875,0.00033168529887498576,0.00014586763818266,0.00011504839180734812,0.00030233224368915
0.017286119600533,0.019299933030411824,0.02480339617164625,0.027886297366482814,0.01976353346617938,0.01678499450515856,0.0220075291983854
0.0006436845670866001,0.0007032497342704625,0.0009513758817186249,0.0012801508592274143,0.00028062534881224,0.00022760301053933999,0.0002015786149006
0.00481152626148015,0.005378648714385575,0.0039142522949733,0.003555916389828714,7.414796696813955e-05,0.00019435621323643997,7.212328465664998e-05
0.00037755580507585,0.000400273696491475,0.000565826566011875,0.0006829254341214856,0.00030644450552672,0.00024046582524023998,0.00021412838664115
0.00149642296486465,0.0016888534912965002,0.00201762801731905,0.002476771713716086,0.0006167264675479998,0.0006175599678209401,0.0007027876341206499
0.000457634980418,0.0004988109918287874,0.0007286275611727499,0.0009836860716849142,0.0005187460276383399,0.0003924970543168,0.000414836683722
0.011293763612752833,0.013521281802906387,0.020157955621660773,0.03427664520787821,0.026017422477879,0.01614257329664582,0.0522631084075668
0.0018336981931803165,0.0022696615227430247,0.004523817431467375,0.007960152825271143,0.0026537859250869602,0.0016687999800847203,0.00262367051731405
0.0016702738056797,0.002034534346371625,0.0054568226617888495,0.009802207337863956,0.0006992236629638999,0.00030072664332944654,0.00047861123024874996
0.00264193376757455,0.0032050354641413124,0.0045986278424697,0.005419539045112485,0.00023605913557088004,0.00034882942605272006,0.00061648088124245
0.0023025725037874004,0.0029043711370457374,0.0038866094022501,0.004179868698872128,0.00116503700299334,0.00110238505620362,0.00070719890632045
0.0026874393643114996,0.003295118685957613,0.0059854123222154,0.007773533932875114,0.0055583246856894,0.0051478884105802,0.0033107081162665
0.0006584598944542499,0.0008052910851825499,0.001436017887834025,0.0017523728125263573,0.0010431588896155403,0.0008771924781951001,0.0005279165874953
0.00811272521016795,0.009641890335239212,0.011479057320376625,0.014125086781879199,-0.00021993785026062,-3.4222122775240006e-05,0.00084413964515735
0.0007848581085330834,0.0007984461375926376,0.001557347803002675,0.002586244802545314,0.00021489978553000593,0.00017203689443086138,0.0002294495910176
0.0017779715773675502,0.0019822778775454627,0.00312962366138035,0.004461562822359315,0.00233753823813346,0.00174251582958584,0.00248323491293895
0.00021588968905469997,0.00021061667003601252,0.000300031065093375,0.00039116471156121424,0.00017389735792823998,0.00012694532785300933,0.00018083905252115
0.00037651043686611667,0.000414176246554625,0.0007639365065175,0.0014748925366674,0.00019876615342324,0.00013184363207900587,7.854742347193768e-05
0.0003550322738638333,0.00033727937840221246,0.00080279538569065,0.0025847050952907285,0.00036230883510903996,0.00014097092113186,0.00050555814279775
0.0010252190189748167,0.0014746135145057124,0.0061551787268764,0.012499958648853757,0.005273702341956959,0.0024899352625238,0.00867328099978065
0.0013173698734974,0.0017340561265069498,0.00266675879564285,0.0034837078872555854,0.0015833896858000202,0.00115580125922698,0.00184603343232925
0.0014276975241709832,0.001379723608868675,0.0013919555135153499,0.0015652377918993856,0.0002558955994615,0.00020274699812273901,8.644191620149883e-05
0.0036506153082176665,0.0040195839337944,0.0055984853716196745,0.0068419187967548156,0.00200922297680222,0.0014766338219001601,0.0017933993118511
0.0017439578616627166,0.001719592994642475,0.00258092362258025,0.0033214337299289714,0.00179554203569918,0.001351559432721,0.0016859132150198498
0.009234508100248666,0.01073215501992644,0.0171034994241136,0.023043020260113994,0.00402764546563272,0.00282911870905814,0.0030670173301156
0.008196468120187516,0.008930564525762049,0.008197541816249976,0.006556528497645499,0.00044786126230563996,0.0012130724984952801,0.0009263639671959
0.0019199072963385167,0.0023237111499334,0.003589994307538525,0.003948989058597586,0.0014986136595423801,0.00117773073276366,0.0006589702838945999
0.00015511653637416666,0.00017814488997208754,0.0002486237299996,0.0002653788149940143,0.00010995333873262079,0.00010074500156617079,8.764533270733886e-05
0.01674119495455133,0.018796267402209688,0.02332830465553785,0.028467587763325784,0.018185843369885983,0.01625677364702944,0.012035829140915149
0.013391234213014684,0.015140070977288976,0.02124772334605805,0.026518507348772813,0.01656977002713044,0.013145364571584781,0.0085681190492063
0.006376608198359915,0.0078123014213437505,0.011671152975041024,0.01449412566545667,0.0057211730069548,0.005184236528253801,0.0028191329811952997
0.0003271637717915167,0.0019485455891730375,0.0069963264632219,0.014556636937131384,0.007620429044996141,0.00374057599488054,0.01468607356045305
0.00023346439745211664,0.000293529481293625,0.000430776346329575,0.0005597710972261714,0.00021223417755022,0.00016935264136576,0.00015569097332990002
0.019619866919229248,0.020072744778830098,0.019271917760055476,0.018454186759999432,0.004102051317141,0.0032775062015091604,0.00060113817441555
0.02105417125532277,0.021493324516703237,0.020297257869618876,0.01849307164765997,0.0026104684532938993,0.0026281019170805997,0.00181916526316085
0.004301587569202783,0.004612923271324212,0.0072215358021155,0.008907729956964571,0.0009495496826995257,0.0006917926365605056,0.0003326400794856
0.00013482471120209325,0.0001500023394245086,0.00028818223265915,0.0011811594172531144,0.00101089460712054,0.0005481489208042001,0.0008235634108201999
0.005448514544851717,0.005987173803565374,0.008165122838974501,0.0113272609740637,0.00421327520359926,0.00281390927304586,0.0025663242176442
0.010686021518087133,0.012060303930776863,0.012397079720315625,0.011989792184386172,0.00237484100248194,0.0019222915593738398,0.0003196312123709583
0.00023711271198016668,0.00024896452995905,0.000352244765318525,0.00048818380538424286,0.00025593914147916004,0.00020659681753594,0.00025594123909465
0.00019972915778750002,0.00023314442339170003,0.000323099460470325,0.0005190514124785143,0.00024598433020922,0.00017725979041938,0.00040322325128485
0.0007212881343928333,0.00077890999851005,0.00102620806228775,0.0013822108994967716,0.0007034271969624,0.00050700048598756,0.00042962068527324995
0.0007691108313199166,0.0007896559476285,0.0009347920110114,0.001128516200226657,0.00033016041608917995,0.00028225285267666,0.00027134164322545
0.0009552591820392999,0.0010227120050572,0.0014836189851586,0.0019424643026806144,0.0010616351867424802,0.00076409375010892,0.00133743348708015
0.0007617080131098833,0.0009501669609999875,0.00142050294430885,0.0022343877363331433,0.0007430927163307,0.0005490932377162801,0.0006095178222896
0.007532127454958401,0.008612512367063513,0.0071276715308379495,0.006178619561828357,0.0005067180068211999,0.00036560770311921996,-0.00046897849208775
0.002034827321959074,0.0031594089479618746,0.010018555134288126,0.0180487844407008,0.0116344973358491,0.00746194617030162,0.02744674090246675
8.131777311779409e-05,9.208167270640888e-05,0.00014128262058635,0.0001916166279834429,0.00012012433497338016,8.21316990837915e-05,0.00014907903946315
0.0022463735515160167,0.002829178311697325,0.005445686012795274,0.006272230525179286,0.00316368363983196,0.00270528019091916,0.0021783550220912
0.00027630038701208334,0.0002990017828457125,0.000387577528674325,0.0005751163969916143,0.00028157809957934,0.00022018066029144,0.0003460193699833
0.00018256919945320002,0.00023356106388371252,0.00035029256347750005,0.0003634170510400143,0.0001574173908208,0.00014524752368632,0.00012372936963215
0.0019481184381584503,0.002719481568970238,0.00494566394749115,0.007385559761162843,0.00011927839226787676,-0.00028606262132086,0.00015677201509961083
0.027237717588457038,0.027949082770894997,0.025848892041899777,0.024833159248404495,0.004193204844254041,0.00509363722925364,0.0040356186217617
0.00036670991722188335,0.000416775778982825,0.000581097383277,0.0007232921891332714,0.00028340348697166,0.00024384630668524,0.00023234969940074998
0.0032245609784399168,0.003546430434858025,0.0047698488991481745,0.004892451216268814,0.0009552752767978401,0.0006765249790944399,0.00055008245123765
0.00038886734071645005,0.0004331194726987625,0.000689400468584025,0.0010697115179822713,0.00014309814599699377,0.00014104650913313976,6.298558491904433e-05
0.005980190985087934,0.005875107791827737,0.00661707631015115,0.006040208309978329,0.0010490174271214799,0.00121841186798152,0.0006344367537266
0.0043520597227291674,0.0049306655305559,0.005594834939793074,0.006108230985689315,0.00045068554631894086,0.00046691767317171993,0.00029602097554275
0.010431745884049784,0.013724733403360601,0.023105963432011874,0.03334296928743136,0.01732140456679698,0.01353869120180598,0.03416378054095345
0.013339557538882316,0.0150042184009732,0.021308848202340802,0.022903528073038443,0.011474254514924221,0.00954433849279214,0.007155787975491851
0.0007496808456155165,0.00084479135689285,0.001205835263946975,0.0015886248264439572,0.0007292378279962599,0.0006181678381577399,0.00091439324752105
0.0023141073462553,0.0029263143039030878,0.004527322703045125,0.0056000587225775575,0.00228713302860304,0.00198131534415048,0.00135534960994715
0.022574960467667684,0.0262335319442479,0.026707273862947748,0.025267886064357557,0.007055014742078999,0.006284976882976,0.0037312907830227
0.0011542114264122669,0.0010521792677696251,0.0015708197627004499,0.0022679954304541143,0.00044152029737956,0.00022856965273597164,0.00035734939294739996
0.0004452208845898167,0.0004467213988721874,0.000586789653369675,0.0007158800691562714,0.00015202606762745999,0.00014240895641766074,0.0001536784708222
0.0007718756932879999,0.0007740795147425375,0.00112519135843955,0.001346544428984686,0.0005783529952358601,0.0004094448171465,0.00029538568152745
0.00011302350372176339,0.00010936813721687129,0.00014495402536870001,0.0002154721825313,0.00013642703434426,0.00010029325658171204,0.00017163705451740002
0.0002780283042702833,0.0002907395112502,0.00042564083629405,0.0005106280305025143,0.00019555091850005998,0.00013917642442698,0.0001514820289848
0.0003022119149730333,0.00032343879942022495,0.00047683868442910003,0.0006729311804766285,0.00032963874707254,0.00022644345001712,0.00044218673437180004
0.00152431654805425,0.0017447577685638625,0.0024502585515642997,0.0030545402924967856,0.0013239217903640598,0.00085226701112908,0.00133158275419425
0.003594047255028867,0.004678407741770763,0.008033612932438825,0.010009538723045542,0.00608505147524698,0.00500609102163474,0.0038195512128780997
0.003503199187485233,0.004376418935922037,0.005811412378739175,0.006540939476002257,0.0024694252146247194,0.00187709747571424,0.0015951640278199
0.00018353075310955,0.00018112198571036252,0.0002529159547988,0.00033058424047927146,0.00017214208339323998,0.00011472768615511343,0.00015337116643689998
0.0019142827421318,0.002811930708241375,0.006942532069834125,0.010218280526898386,0.0007628663067945799,0.00041519300489573996,-0.00027283071469689997
0.0021798821226449165,0.00263680040020795,0.00387823974415625,0.0050350510079702855,0.00229072743748686,0.00191878369289414,0.0012522448811059
0.0005889806932484166,0.0006319729841531875,0.0009795765696015502,0.0013157722002508,0.0007576618878744,0.00058858959180546,0.0009297126006745
0.008358204376889349,0.010377156623025487,0.0149093030162313,0.019292739543253227,0.00246063457059662,0.0009256532793285,0.0009500484115766113
0.0032138727305673995,0.0038797587545245375,0.0062045836433786,0.008216062603219472,0.00464971989986444,0.00343924619364884,0.0048940667687532
0.006783317496857416,0.007648404355941337,0.011077450736015224,0.012522631014180627,0.00339903368992128,0.00282885356957362,0.0031861069502391497
0.027584461247654634,0.031343855309561644,0.02753307370397445,0.025765885566423445,0.00366819833396806,0.00233529638731678,0.00279961204425405
0.00023115492479153333,0.0002353404490623625,0.0003303265335764,0.0004392911111805428,0.00027064789530635997,0.00018489499269774,0.00028310876880429997
0.0024238974990445,0.0024189810972254874,0.0051589959293138,0.008256979867871743,0.0009767148152350002,0.00060178125214384,0.00020920037853301
0.014643186695541634,0.017148756892189265,0.021857334935063675,0.0275122541322935,0.01996730692248474,0.015291923391130679,0.0195884209612409
0.00016000177419288333,0.000182251693795875,0.000281825361952425,0.0003392876385083714,0.00018302866795524,0.00018906334923863996,0.00012078140528770483
0.018834544665663547,0.018958429404945628,0.020276252397230875,0.022206932132089716,0.00261815692079624,0.0031368746798456403,0.0026760278765772
0.012005108721750084,0.014705080647785076,0.0169314719318056,0.0156531371060464,0.0015315390868595401,0.0009280138007163,0.00119730435038085
0.0010376287957358668,0.00124709026752585,0.002043029886189675,0.002610556835216314,0.00103431392421988,0.0008993283713981601,0.0008520269256983501
0.0027480065254991497,0.0032265835870704377,0.0047393219474626755,0.005276032514077128,0.0001517250170298996,9.841701566619381e-05,0.00013148011590471658
0.00022063449186674998,0.00025925701001227496,0.00037872468356954996,0.00046869219012718574,0.00027603933959472,0.00018912315175482,0.00024079384460295002
0.0002100165218861,0.000227683205599925,0.000482200296797425,0.0015142308519833572,0.0002421637407844266,0.0001582061430035481,0.0005229113861279
0.00032323610737773335,0.00033029268263277495,0.00048243014749632494,0.000695937898026157,0.0003172726040814,0.00022804581424411998,0.00029478529334930003
0.01059366632135435,0.011974426657783775,0.018625928248121423,0.023610924914185344,0.01781147521024046,0.01527643664827138,0.012283485996274851
0.005562166308769617,0.007861107494562862,0.0145129755398689,0.02007910906955826,0.0021405166407532797,0.0005222466303348,0.0027370724293605
0.004880230856735667,0.0052625596446260366,0.00698484244577775,0.009327713897289572,0.0008799960064824199,0.00065082679187546,0.0004015925322305
0.009979941409457583,0.011164775425615663,0.015196663657450376,0.020000678101395584,0.010501443227763,0.00838836636560628,0.008193358284750499
0.035355049113080565,0.03998516741634216,0.04094948908856105,0.035191557713556115,0.00986521991397548,0.00829272150237328,0.0033140457061765997
0.005309555238747616,0.0059562712866687,0.008589772812418175,0.0112966807030287,0.0049163983071952005,0.0044609341285225205,0.0032089469967766
0.0025699353958687833,0.0031037996933561875,0.00391730689576735,0.004148895257419786,0.0008665378853328799,0.0009340960075292001,0.00060881949983355
0.011768260847347466,0.012056139516114487,0.012900360728386276,0.015902285815475672,0.0013430598905016873,0.0005621917215573473,0.0011873169738074
0.0017722081149877666,0.0019248223952097623,0.0025810519852488504,0.003712252213693157,0.0019405244385368402,0.00130624370103788,0.0011945344341925
0.01867112236066905,0.0209527388846277,0.02624758207742835,0.026438804936015272,0.006421151646999359,0.0052774662593965405,0.00369510492675695
0.00161116574426635,0.0017078076664013124,0.0023808304955455,0.0030186113201868853,0.0010479793825323399,0.0007477663174919201,0.0006818073286333
0.0007225834668628333,0.000729745918801825,0.00101950966191155,0.0012031793803203572,0.0005230376389571199,0.00042258824656872,0.00030886856482074997
0.00041460598018476665,0.0004159542111467625,0.000624028196609875,0.0007875117216484287,0.0003969756794815199,0.00028468924672514,0.0005077803396912001
0.00063672420290165,0.00076829693554845,0.0012698384427955,0.0015702685624103142,0.00090346829338212,0.0007497106241584599,0.0008546878279632
0.009622399236351784,0.010753951196495224,0.01573548564145195,0.02305084356580433,0.0053652378571361,0.002893665183128,0.00294975683815835
0.0008820947061233333,0.0009693698316279001,0.0014408787013366249,0.0016102568782958,0.00056238553693906,0.00045076996887216,0.0002747606539569
0.0016848694861777667,0.002137854022661075,0.0028422579665372,0.0034484742994563,0.00117621564066458,0.0009832923606399601,0.0009309265083405
0.012477946234310483,0.017369742436975037,0.025530445595805074,0.040299383617146196,0.02701977339304078,0.018187084309540698,0.07367056564609259
0.013814393911009934,0.015000141836003124,0.025328099526903923,0.03642008284970979,0.02787856162061924,0.01945494281392714,0.0709287419651424
0.0002517841197556333,0.0002589813183483875,0.0003993121518426,0.0005479582886563571,0.00030528431993522,0.00025457112094972,0.00036874345336250004
0.004300930548654933,0.00435390379178345,0.006412876766691901,0.007514537857215057,0.00262867358445446,0.0018129080390798201,0.0016018563302168
0.0032929756185937,0.0036636675227027377,0.006469071912681775,0.008762470949312985,0.00610558545715826,0.004962011546888559,0.0065527353524437
0.00037786288193553336,0.00045531902212214996,0.0010133978033949249,0.0021349959793645,0.00014190239498996002,0.00012434817618165733,0.00016527366357541173
0.020511170835680517,0.02400832500110059,0.024282585307679173,0.021614583363718666,0.005706129070171239,0.004594755714851821,0.0014818236477401
0.004251174587461416,0.004385886001978725,0.011615772120029476,0.019073640328998987,0.0094194298815334,0.00529057997161994,0.021689053186054602
0.005836653470340333,0.0061538171425670005,0.008442759809564075,0.010002490837195885,0.00363336692948912,0.00287428028718898,0.0016104668777781501
0.00024457177570128333,0.0002091204313500625,0.00035377766397782503,0.0008140950649949286,0.00030961145854186003,0.00018989162782766,0.00066840403653945
0.01571101004145715,0.017007502951815214,0.025907867863811974,0.03560363912006802,0.01848380812825058,0.011124609765109861,0.02732303539255675
0.00022443167782803335,0.00027449560119666253,0.00038483275446274997,0.0005208352694162,0.00028135265694392,0.00019798876097760001,0.0003250788409652
0.0003905605756020667,0.00044528586566245,0.00051830989796445,0.0006136628116675571,0.00016836617752494215,0.00010586403717096368,0.00011808649349932285
0.03874905352844158,0.04014069835100803,0.03629862035921973,0.031636893329510855,0.008052942876877401,0.005957806655050279,0.0082106059736865
0.00024273575340026665,0.00026853086353365003,0.00034552720987865004,0.00043285711834375714,0.00017312407050544,0.00011657973713152499,0.00013320984121595
0.0190676043335951,0.019384369921503275,0.026720568617713374,0.03157378641604155,0.022695226674078042,0.01992457394342216,0.0176128955235926
0.004458801445924867,0.0052683814772984125,0.013029897769284076,0.02281420673414557,0.01151846507981304,0.006779249309868581,0.024218695907747598
0.002179747889518583,0.002513160886610863,0.0040954906515455,0.005737772960571858,0.00314108382105992,0.0025497853349702804,0.0033006652603612997
0.014501375048443933,0.01577531164273575,0.022640536817051325,0.026947326061883072,0.01925006559784178,0.016967131260826017,0.013807954346309399
0.001085529819737633,0.0011471115268244375,0.001565211647351625,0.001907728066361143,0.0007269856661252201,0.00058521206939416,0.0004065638772377
0.002807664522581967,0.003770790375042525,0.0070566585515198,0.009386955011018657,0.0011370625289176999,0.00088026631909682,-1.4814994702051044e-05
0.00016217956690271664,0.0001601697020007875,0.00024158966755420002,0.0003288534523546572,0.00015912295102862,0.00012178297333258,0.00018593577634535001
0.00439153153719285,0.0059653599234368755,0.007576527839466875,0.008049652327613128,-9.422691127017999e-05,-0.0001732107221027581,7.110307817690003e-05
0.0005125835215274834,0.00063611621746445,0.0011059381793726,0.0013558306428736,0.00091302294030292,0.00081969558245718,0.00056977304393885
0.00027897823579460003,0.000276622868173675,0.000382293043389425,0.0005357482810481715,0.00027530089506968,0.00019982320365038,0.00018967673701755002
8.118245028500001e-05,7.74815982680112e-05,0.000136356780595425,0.00018740873556207142,0.00011203291454475999,9.542227476346141e-05,0.00015123020799504998
0.008589816606383567,0.009544025479359288,0.013434483209139127,0.017228469516921457,0.00846294868881796,0.0061533634010892,0.0044103491022269
0.0017127899210166667,0.00189244275451675,0.0039531761895722,0.006688347571297685,0.0010359522048417002,0.00111977799154554,0.00057468090758415
0.0003414004911233667,0.00036990318169326247,0.00045799020256842506,0.0005530949285246715,0.00016501209531499995,0.0001577659034341,0.00012869891524025
0.00021899015553538334,0.000265397141932775,0.000708449209128675,0.001793311085197357,0.00023515199045813346,0.00014003647313309348,0.00012281934630915947
0.01750161909178365,0.018263333727480364,0.026564014063048803,0.02833017810616089,0.020272260228844603,0.0179329915944657,0.010034656927500649
0.0037263353777497337,0.005127943716611125,0.009236108952036675,0.011002657171892444,0.0052450456446728,0.00466814681145228,0.0033525852887090002
0.0027715377764365168,0.00310557351206795,0.005515743743771475,0.006181231242723414,0.00319238958309062,0.0030090879810875802,0.00192017852707575
0.0004685337479580167,0.00044035042916323744,0.0007008642195668,0.0009483755727335857,0.0005441348132191599,0.0003955440083801999,0.00058634655098865
0.00194159696295375,0.0021480937406920873,0.00374792428772045,0.004795518846133814,0.0028304944036966597,0.00230791379203018,0.0029115261276186502
0.00011573812698928355,0.00012030157108634999,0.000193069051932725,0.0002414977321439143,0.00013400931304638003,9.478228497857264e-05,0.0001412606594232
0.00014218770074023008,0.00014706120266927257,0.000233907493267875,0.00032298309587394284,0.00016187047437534,0.00011745086259741905,0.0001252648910288
0.00011636610098807045,0.00013008638407130282,0.000225924383230425,0.0002936358985192429,0.00017251814545726,0.00016063930792666,0.00015379752818885
0.00028328265639938335,0.000330998899008575,0.000492011444550925,0.0005629541788383572,0.00026643834787664,0.00023681868181702,0.00021402411870645
0.00913803093867145,0.010208072191613274,0.015367058485316326,0.018747909606085487,0.00918353161726016,0.00795610329577956,0.0071394135174348995
0.006989275272557466,0.008312500579563136,0.01417616328301415,0.017471898446045773,0.01466746272061204,0.012678114148585102,0.0107480438126154
0.002505541437430383,0.0024641356959722626,0.003424498791063875,0.004477794930602943,0.00142738777828842,0.0013352530013489,0.00106985425081635
0.0005346373304564834,0.0014881869844490876,0.008550226555566049,0.017421976725326728,0.012895563677386021,0.008895669722775461,0.02411749146698805
0.0029303006638913,0.0031209797792856498,0.004370351085661325,0.005661711378544743,0.00171626422731164,0.00118820785421306,0.0016036854637220999
0.004476920164830517,0.005590868413253163,0.01099651401210115,0.015610205342971317,0.010041438618669218,0.006841219153749881,0.01012086240336605
0.008840864122596449,0.009444627635518775,0.007211936826556325,0.005634254046185042,0.00101225199550354,0.0010296782106874601,0.0005534243812200499
0.011036191718916483,0.013687680675296,0.017108605347911424,0.02217884717790456,0.012667200698734522,0.01031054496941138,0.00672117622073935
0.0026413745115531,0.0026759894666709624,0.004122503722862725,0.004825835371081185,0.00173152339396646,0.0014309997201039201,0.0012263601398931
0.0006586818352027167,0.000657645434531,0.0008737767998686,0.0010374613807839716,0.00017709365488172,0.00017623478131256,6.63801777061677e-05
0.011366808505685567,0.013255119024843411,0.024378434977624847,0.037303769884027414,0.034073090513954685,0.02161272840772912,0.08260184326931275
0.008358195157203518,0.008990602058653914,0.010542247889407075,0.011342495776819042,0.0028296044400881602,0.0026049910509942003,0.00110829473113225
0.0013742690152637501,0.0019396028767727374,0.00676177907502765,0.011923130943394969,0.0018333077180899,0.0010537559281305,0.00068280233246575
0.0011797492428129333,0.0013469188244331,0.0020877466410403,0.0030968480749030717,0.0019007648617980603,0.00115769403005842,0.00209754946865945
0.005581171085523599,0.007125942592684875,0.0109542849436147,0.014352457247819214,0.0093785907888682,0.006660885441414801,0.00680402218794165
0.015009573793583302,0.015424287192279725,0.01839195299555755,0.02005188746367813,0.00326583438246204,0.0022751198921807402,0.0033712104100224
0.029311001182846852,0.03001606786842394,0.03506745927757603,0.03132398349161365,0.00951840557045494,0.00841283732508996,0.00723091076452665
0.00013576099943717748,0.0001442586534074,0.000235183661767725,0.0002926048161252714,0.00014489745193156,0.00012120013405247686,0.0001742217909002
0.0011050678160812665,0.0011142742390480127,0.0016338055683092249,0.0023755662385606855,0.0006131360253309201,0.0003010324089510443,0.0003055033316917
0.0007166747496687,0.0008182820594352749,0.0012685246496294,0.0017096605905760713,0.0009596314483682198,0.00072145731870982,0.0010801837941585
0.002715092668061117,0.0032834152485862506,0.0042355988409055,0.004137462373997143,0.0005649486649979235,0.00042674346956768345,0.00052387816245155
0.00965976864419815,0.011348338715367938,0.017375621942534024,0.025118501597619785,0.0061892320728364,0.00330770841583686,0.0036474516066036496
0.0022256207439235666,0.0035301788502479624,0.009198825760909624,0.014657141849032699,0.0019574792589862797,0.0005483291458750295,0.0004804977272702
0.0014172312719450332,0.0015501657982516625,0.0022727464560354503,0.0027149429503595143,0.0009839210164793802,0.00076292287127014,0.0007186585571445001
7.995986674693089e-05,8.497664023316998e-05,0.000129048457312375,0.0001897268200946857,0.00011253244341163999,8.483423305827196e-05,0.0001426442539395
0.014221376516371198,0.016337420962213512,0.023287511399570075,0.03010862302913733,0.023949465093090837,0.01890796527520516,0.0306862496347304
0.0024317579199764332,0.0024771082153986503,0.0036410363764451496,0.004801715220413658,0.0023883161622900604,0.00196021288227528,0.0022505704371261
0.0024217636946905667,0.0026538615601289753,0.005662622379406901,0.009258495450624614,0.00636219595430446,0.00423119354364294,0.00689602224534285
0.011575516554684417,0.011372783350508162,0.016547549745700947,0.01954615591862053,0.0125872605117721,0.009848698347905919,0.01301420813609465
0.00018201725014615,0.00019704222311685,0.00023391785990947502,0.0003243715461556571,0.00016000201563456002,0.000127717086053542,0.0001295120821182234
0.0016348199139206334,0.0018880009781493626,0.0024489351609718753,0.0030542518577867284,0.0009282167261015399,0.00078225237179566,0.0009143453336596
0.004795713519434333,0.005514467767419099,0.00729163143023835,0.007823684197425285,0.00257771719584846,0.00153280737606202,0.0011571634548149501
0.0004757431739239167,0.0004987626435401125,0.000676528268120225,0.0010740215951111143,0.000254902167448,0.00013829301321361943,0.00024885231623200004
0.008696526723986851,0.009936625823758975,0.014331162810906725,0.016083996840602945,0.0043725637429790605,0.00396907417579564,0.0040480425172553
0.00020398301097551667,0.0002108991868676,0.00032483403454355,0.0004025241786941857,0.00018943214418523999,0.00015109800716171998,0.00017881022854959999
0.0019266209391575167,0.0022061378093097875,0.0029341634047483005,0.003774471781198901,0.0016496544845715,0.00127091656081952,0.0012350549665747501
0.00019351311577076667,0.0002079969412350125,0.000314733659614975,0.0004047334949588,0.00021669781677777998,0.0001580145621270948,0.0002141562623606
0.003790094765427616,0.003937242479178725,0.006007484651709074,0.008176429310687185,0.004080664715315359,0.00308963772953426,0.0049150112032414
0.0031733749958886503,0.0032155567730289248,0.00388647198530435,0.004717848929011086,0.0011953085714610401,0.0007392186712641,0.00056976990388055
0.012316480901110233,0.013003681094355402,0.01941002214102855,0.02365664959241298,0.01593491565413776,0.014080617072778861,0.0116334241213423
0.0003078843630864834,0.0003688166612219625,0.000483590848521375,0.0008127281429907001,0.00034513446713812,0.00020311317716849363,0.00047117394337079996
0.0020938885382003497,0.0023495125014929125,0.0033826650768822,0.004531385328636371,0.00247599909986314,0.0017389236576513597,0.0029015085186535
0.006739426063809918,0.008566702873972975,0.012982629362191125,0.014470403958357315,0.00608366407895638,0.0052019489557986595,0.00451886266544655
0.01210976136903015,0.013489604661223788,0.0166000065096705,0.015463976415794287,0.00419176461815462,0.00343396457503536,0.0013536308420025
0.0007534577127903166,0.0008376651651141626,0.0012669277644919749,0.0015561806534291143,0.0005211492020543199,0.00039183320412684,0.00044055691119080005
0.012341029487613167,0.013427748005027237,0.016440482028718298,0.017834956430878245,0.00541014130353044,0.004364228210730179,0.0035954503432381497
0.00030396623546445,0.0002998945452598125,0.00040970875584745,0.0005384475528514427,0.00022493020655442003,0.00014874309731690002,0.00017619244521760002
9.476294430007502e-05,0.00010383952128309855,0.0001789014243886,0.00022948539935494283,0.00013627996161126002,0.00010160357839733014,0.00014602951029
0.00021271156406963332,0.00025450331954367505,0.000413283151113625,0.00044660568523677144,0.00019097886015152,0.00016283162413411998,0.0001235366579085551
0.007580194269746401,0.008409774984795126,0.009246449893546924,0.010328389328105885,0.00139021048022504,0.00089871453918804,0.0006091747214028
0.0003674873970356334,0.00037963748734445,0.0006145698379423,0.0007767532616036429,0.00039129823594642006,0.00028497246834645996,0.00039870612517820003
0.00392677628093495,0.00515462170969965,0.0067699416538076,0.007708780353969486,0.00011909137343429999,0.00017042236017654,0.0001609958847584
0.0012689552028367502,0.001278915470219575,0.0018285974264932,0.002349779424430743,0.0010065204155685198,0.00074626695190758,0.00069444998110045
0.01235507220294535,0.014326423107644098,0.02288659542708165,0.034299025328104825,0.016421827125914456,0.009148057660748039,0.03301914299931595
0.000213773003296,0.00021542184063262502,0.000317258408800725,0.00043299941353741427,0.00022481533743755997,0.00016628772226385998,0.0002342396698803
0.0012008502115041335,0.0012946572082949126,0.001564216892175625,0.0016911423894481572,0.00033680088284854004,0.00032426345405764,0.00011014159987203799
0.008064927919615232,0.00890146305225435,0.01011017948601795,0.010796870486324729,0.00322102897742746,0.00249436776180084,0.0015189816207676
0.0027869207623134333,0.003048044641887737,0.005398863158989974,0.006667458118432386,0.0037876748778883002,0.0034495305544825,0.0020320461146298
0.006035400717370483,0.006686787728368325,0.005310048253119651,0.004460750363337257,0.0002577359208175031,0.00010971003106359858,-0.00037911062686325
0.00014220672445791667,0.000167977145666675,0.00022018609063112498,0.0002588297044254857,0.0001187177666001,0.000114107502587,5.269014150807711e-05
0.0012536542384676,0.0015185421985126752,0.002186541001452975,0.002917995845846657,0.00110202939525322,0.00098534849476506,0.0008772163962131
0.0024738089760611005,0.002874835069430762,0.002700536862463825,0.002119655244488,0.00016548741961675312,0.00024747657879725996,0.00011063358835047886
0.005710057161631266,0.006109049920467787,0.010105403865861026,0.014196194529490303,0.008437772115931,0.00595659105211658,0.00952715197737405
0.0005536872454946,0.0006066195155848,0.000790346357505925,0.0009704785397059142,0.0003387490139315,0.00021599927544084003,0.0002987734864349
0.0017009717707998837,0.0020285788397597752,0.0027988792292124504,0.003044992149806086,0.0011022444669160601,0.0008303932676166799,0.00062406333321725
0.006350658450786966,0.006242868258330963,0.013253568855011876,0.01902647623445734,0.0037274845597025596,0.0019197165927612402,0.0047001489676394
0.0008881749154049834,0.0008867547194383501,0.00127496427436215,0.0016571076579164712,0.00066354414177306,0.00045298386864154,0.000557761840832
0.008879052277891868,0.010067462524291625,0.010749153523173726,0.01065993205777013,0.0003870755408215505,0.00021848035109021057,0.0008425410758366001
0.0050974876134367,0.004984230751542851,0.0082921091678912,0.011040608634112728,0.00696938708230044,0.0050381079132299,0.0073629788530750005
0.002618253080638167,0.0027076122997101125,0.004353500824441501,0.005866594478465113,0.0029572308251581397,0.0020904732815201594,0.004052427753893299
0.009478542895760235,0.011145911880595626,0.014786242965016775,0.01890738774624907,-5.068578111190004e-05,5.5743494025639954e-05,-9.903975902749996e-05
0.0005213258851045,0.0005310927782362625,0.000803602942795225,0.0010965701649477998,0.0005595905207296,0.0004025859050619,0.0007647753805344001
0.007491786918183983,0.009095917804656099,0.01362932206096565,0.01706321394767893,0.00995156685104486,0.00764716040615996,0.0079649942192331
0.00292062907103385,0.003448187986613612,0.006905464656153525,0.009921906953530957,0.00463458913184158,0.0034682941600130994,0.0055135749734654994
0.007735348917194467,0.00822279925920105,0.011610145023563475,0.012883522078181843,0.0049493005874421,0.0033284138274167806,0.00329755255467415
0.00017339405597376038,0.00020737176594782497,0.0003197719176519,0.00039835790328142856,0.00020779200324964002,0.00017856625903925997,0.00017303073564615
0.005523862826620317,0.006481036498753337,0.010903864589195376,0.013303880144375502,0.01035739436386556,0.009372514188162059,0.00732872940202185
0.0007762678111829833,0.0010463771757571125,0.001873682037306275,0.002239596315004714,0.0014174930521675,0.00128322928075074,0.0010205556988743
0.0016224775568872835,0.001714011782037725,0.002076864028723125,0.002555255774195057,0.00063792491916444,0.0005969224036756199,0.00055062708233065
0.00042415422971146664,0.0005072933405088624,0.000707581362168525,0.0007495969101867286,0.0002393231582385,0.00024851819931939994,0.00017481359488685
0.0006770997750454667,0.0006925142460621999,0.001230945812941825,0.0016207026439764574,0.0008496881892864599,0.00072131750955042,0.00088250195543705
0.004140874194170617,0.004254313596050513,0.00628861532153345,0.007063154297555544,0.0026604021264322805,0.0020774592581577203,0.002047775271305
0.00957583515103545,0.010204569057896837,0.015114108031736424,0.01943425243462523,0.01037562707667022,0.00845805396504638,0.00937968047182925
0.0010777567308085168,0.0011008523765489375,0.001557725325955175,0.0021439889449081,0.00110400455227902,0.0007595210213026001,0.0013667367368611
0.00034986555508721663,0.0003593509897067625,0.0005515865501294,0.0007406800027799857,0.00023526954932314004,0.00019161349431944002,0.00017234443264235
0.0002172077725056333,0.0002230841149543875,0.00035091506467107496,0.00046120726561548576,0.00020090409540340004,0.0001521965204923,0.0001893458710688
0.00022806708087683334,0.00022235409938120004,0.00035791886651894995,0.00045367150489122865,0.00026595388781894,0.00020781394716298,0.0002311126468369
0.00041375247261219995,0.0004739548160152125,0.0006849434285768999,0.0007759202487596428,0.00028045269408474,0.00024379090401533999,0.0001649916558433125
0.0003710755386448833,0.0004202797283439,0.000730101230460675,0.0008834969390175572,0.00054607698472776,0.00047705173021616,0.0003526831276263
0.00015234325263018334,0.00016870065508006252,0.000252988234812275,0.00030773927758071424,0.00017667941685334,0.00016377394433893998,0.0001255124544218
0.015501793825493682,0.01636476603639031,0.025579155575599574,0.033690776794953456,0.019096167872845918,0.01548188902228794,0.0345297073261433
0.0053039394795638675,0.006040368335721511,0.0115637618736057,0.02074743069476817,0.0074955115734415805,0.004809297413603779,0.014669342540887649
0.0001999618989279833,0.00021612564038625,0.000287246186042575,0.0003686674700077,0.00017536142548793998,0.00014674433290233997,0.0001630454178694
0.032801576494085265,0.03564152306365671,0.03320117333408967,0.029518176557582355,0.00617635456725226,0.006767036283565181,0.0040454188337319
0.010820280546539033,0.011892916527380112,0.01512893712469365,0.015618657196116085,0.00392797021669846,0.00310407152822098,0.00148722511208815
0.00018330231561356665,0.000188429387720775,0.00025823598695324997,0.00037098188785144286,0.0001324600683809,0.00012036243303492,0.00015297322482435
0.006361994199084883,0.007372078561639463,0.01065156131060865,0.011707808207304887,0.0031688329529255405,0.0031076474666847202,0.00121425830006165
0.00244205975743265,0.005487022414228226,0.013675568467749876,0.022224531888364034,0.007851942458324181,0.00506545304117472,0.0108480655362641
0.012099574912513867,0.01430014724501035,0.021471341504265024,0.02231454332035803,0.01008094922028412,0.008069341642364041,0.00505588346518545
0.004475367713475584,0.005196192868987299,0.009383494693600149,0.011704131150803513,0.00991720559618144,0.00783312371944472,0.0070704803283481
0.00018935329361233333,0.0002257086992686,0.00031193422667627496,0.0004094614926855,0.00026491274273818,0.00018032004813974,0.00027994274835835004
0.01262972482349665,0.013360331492221812,0.019083944625528773,0.021493907585970744,0.00898035825024116,0.00781681035559106,0.0068815363117796
0.0002456451068806333,0.0002788142321581125,0.000356462039451875,0.00043403337318264295,0.00010002643488229246,5.9668681825090804e-05,5.068319670409934e-05
0.0002751152608327333,0.0002750378361575,0.000428032037902675,0.0005336119865059001,0.00024844159263975993,0.00018625632137581999,0.00023274516031600003
0.014501496842044902,0.016087595565861302,0.0199013676328622,0.02011096528130991,0.005877790736077181,0.0046914992572364995,0.00253485316351395
0.0002777089623747167,0.00031857196830185,0.00047229545778285,0.0006265193130447858,0.00036181327866998,0.00028847493999169997,0.00041670406771749996
0.00046454162337463334,0.000528387359918475,0.000844817834346925,0.0011029009587005,0.00069013374600528,0.0005381215209941599,0.00065909668741325
9.256882161239488e-05,0.00011466761995293813,0.00015321827578235002,0.0002097898572104143,0.00012478630109213998,0.00011507924989846,7.810754245033856e-05
0.0006837727724342833,0.0008110366654754626,0.0012816428846808502,0.0016340744270109855,0.0009722290857897,0.00080146645820072,0.0009534564958336
0.010002254497689532,0.010830256920338862,0.0118051052371754,0.0107410237785106,0.0017395679297469199,0.0010834495948383999,0.00067752674063815
0.00506346421592225,0.006381133525685062,0.0107416683483134,0.014037573779253656,0.00968036028445878,0.00886846302012708,0.00650044992972665
0.013399229167401617,0.015702477222937113,0.0207568861973813,0.02396722066228108,0.011793169093590098,0.01044717645999484,0.0101789117328062
0.0023251129725766003,0.002507447295209425,0.003960531375206725,0.005327852900743572,0.00322552989280242,0.0025962991287100797,0.0025798572534775502
0.004784337198575984,0.005616480913910737,0.00876057612471175,0.008771102837532144,0.00205655758302538,0.0018402693840752402,0.0020483294617734
0.0030745620133946334,0.003592896268970925,0.005677917356244775,0.006232428055732429,0.0025568197102553,0.00191129107635034,0.0012803882694087001
0.005069569899435266,0.006827658621502312,0.011267064697417851,0.0175017243238288,0.0044808474019240796,0.0028778684129023603,0.0027900614799127
0.00035113078961465,0.000365750367091325,0.000527974578672425,0.0006484455491684571,0.00028447391976446,0.00021865251033941998,0.00019287677706365
0.0018272480967954502,0.002174193797517713,0.0030704092630906,0.003952493697595843,0.00041319268628627997,0.0005252701616958999,0.0001541304330154
0.00013887866220823456,0.00013983976267955227,0.00022391295453055,0.0002870987320847143,0.00016413118385308,0.00013503839734236,0.00016814761529185
0.017144588884623634,0.017438502686285662,0.023458705195957025,0.02936467928136343,0.01984812787074656,0.01825627726487036,0.012258724959790749
0.0002060018442243332,0.00021692977892186606,0.0005861520369215,0.0018243678596553856,0.000858946314168,0.00035500098122384,0.0017155192608123001
0.005104260858354001,0.006347868455938213,0.012346944167528249,0.021447159810073557,0.0063660577099725005,0.00282218307885554,0.0097109078433541
0.018013627159833234,0.020508653706098487,0.021992371647134676,0.019068029831740076,0.0047459622659142995,0.00336791888261852,0.0016196125252804
0.0034020132380969833,0.004165208610229188,0.00431273899812775,0.004017376891372914,0.00022904726245954,0.00018940825996198026,7.47413060651957e-05
0.0001623488371044,0.0001564921978329625,0.00027365826321922504,0.00036049143024711436,0.00019629572963242,0.00016500144937874002,0.00027365069500555003
0.008793380396882367,0.009817069924067215,0.00803354382845,0.007304555559241229,0.0010777880105464998,0.00093612668539614,0.0007208114825682499
0.0016183171151854666,0.0019318321716233,0.0028427413048565,0.003558907092906172,5.2396081863964824e-05,0.00016559740110936482,0.000200311355780113
0.00019350328864094996,0.0001970969996971375,0.00028322124142079997,0.0003650724692276429,0.00017940943513738002,0.00012171717744253201,0.00015761384272805002
0.0043123244193526665,0.005162172596559125,0.003907883649033775,0.0035244439837255575,-0.00018367598115731683,-0.00023306335566759614,-0.0002721548465754
0.027216398620496685,0.029859529022071903,0.03255147298841723,0.029892637986902743,0.009090644510719819,0.00525505534781,0.0046701407716932
0.0004448439828191166,0.0005310879914782625,0.0007022903269923999,0.0007956993929435144,0.00020221307281704,0.0001574724908061869,0.00012325730249155968
0.0030088264657638,0.0034199134352895498,0.00544510798192465,0.007260287227816785,0.0036014578303606203,0.0031975438852449396,0.0036219676004067497
0.0016660620084256,0.0017868296923868375,0.0029145380138265245,0.004279881023577971,0.0024307867375089197,0.0017626728585936398,0.00246118534310435
0.0006335537813890666,0.0005949051722737125,0.0007901065146682,0.0011318293327388428,0.0004622051336947,0.00038885341634874,0.00030758304135395
0.0003636648240921,0.00042586087642602503,0.0005283244082605501,0.0005946828758507,0.00015262203507902,0.00011923260223863021,5.6631315901147276e-05
0.0011446026130743168,0.0011387836273120625,0.001472251055785375,0.0017205188412120283,0.0005277260790101599,0.0003796736740705233,0.00036130697651095
0.003850298722069467,0.004561337203449437,0.011987899958127775,0.021318926252991244,0.01810554111498306,0.01084598399667236,0.0488618898164193
0.01624456482186067,0.018333254918313634,0.025731154087819876,0.029973787751825385,0.021358687219552322,0.01941575201065742,0.01344127945567935
0.0016897167086230836,0.0017389918274283126,0.0024013352566825503,0.0033945353222553285,0.0008927980458517,0.00064374869545734,0.00027964890221609997
0.00014003267336433708,0.00016771089255926248,0.00021399002737802498,0.0002923458140641857,0.00014134799856422,0.0001105834552865931,0.0001596397233324
0.004644384645102883,0.005278103945991862,0.005307706710287875,0.004788833956174986,0.0007638278114859199,0.0006039149216018653,0.00042511380961765
0.0017401428189927834,0.0018638679946906501,0.00287003893173745,0.0036429935540786716,0.0003324306101014602,0.00037883386375394,0.000332181641327
0.0024647978172080832,0.0029191314692946124,0.005225494213839625,0.006357744212955028,0.0016535436599931798,0.0014263606891977,0.0007540479191633499
0.006899540802536433,0.008290610602853988,0.012145627555253625,0.015042787944443773,0.00061866966572244,0.0006022925355305374,-0.00029031964177562324
0.0003885639696341333,0.0003541477150081375,0.0005364564386435499,0.0006438582933578429,0.00029973855526544004,0.00023600887871929997,0.0002597770755377
0.01644040121605873,0.01811751939417039,0.02386577839430595,0.029004280502744596,0.01814080842815114,0.015519808827537718,0.014193598819712001
0.00249531436803325,0.003294156499461625,0.0053491122165725755,0.0068175384142261436,0.00019573808611744894,0.00011654189945810756,9.273490140440088e-05
8.760248561198146e-05,9.379515349635302e-05,0.00014445946716687498,0.00018432541947822857,0.00011445874725824383,8.088087219432059e-05,0.0001364769487338
0.0012753361200900167,0.0015180010365280752,0.0018957004674455499,0.001921307364444557,0.00057114742045562,0.0004920313584624804,0.00036258035377924997
0.00018160494618729998,0.00017385760484846252,0.00028451526568572504,0.0004371992755356286,0.00026150182025546,0.00020380061971032003,0.00034552186470265
0.00030015725356218335,0.0003366195459535,0.0006524883556074,0.000736846774534,0.0005205724947125,0.00045663733752190005,0.00041700146033124997
0.00039553108929938334,0.0004976806893256,0.0007777429886393751,0.0010470412050158572,0.0007459920411560801,0.00064821898490304,0.00050030716699225
0.016813017467377765,0.017766546554310363,0.02407813401445675,0.029106572565601372,0.01783797657102986,0.01386912159656232,0.009081537834782851
0.004715848542705484,0.005217786339798625,0.0066731242882575245,0.007270834690455786,0.00215082226453632,0.00198232548735574,0.0006864759346393
0.015379356503655883,0.016584863984929414,0.021635240003254202,0.027255836888587213,0.01446036167796556,0.01106537777530322,0.010339955466515751
0.009004838142956016,0.009238443814804863,0.011609262513503575,0.012522691540375113,0.00380678390203356,0.00303855127706364,0.00229042067911625
0.021628174778045833,0.022364045037300127,0.02648887890684363,0.027387780124091914,0.00675875399959244,0.00699792179282438,0.0038623074906863
0.00043681743188029996,0.000484197745866,0.0007536169483046,0.000843271729765,0.0004687115257061,0.00040076326295916,0.00023798909334965
0.011960329759372966,0.013104765038407625,0.018771149146661878,0.024245568547797525,0.012784915061646982,0.01085283275897406,0.0094167342750771
0.016266371400358432,0.015522519966036125,0.010117791673024925,0.007600023788755585,0.00146767824819718,0.0010148240315643001,-0.00028574391267214996
0.0012326996790878167,0.0015148771080401124,0.0041080732818385,0.008316026921137457,0.00245338215867296,0.0014290064157029998,0.00196979076482005
0.0002214774926367,0.0002705411050019375,0.00036060484968104996,0.0004056418282127714,0.00015228694851096,0.0001239662453622088,0.00011050529652405458
0.00040381498957835,0.0005068133300040375,0.0008798551603961501,0.0010435304889882858,0.0007866476146319599,0.00066492808149984,0.0005547635543069
0.01517159785935132,0.019408461269715262,0.024729745108012898,0.03006548068683723,0.01605196348927238,0.01100453118157088,0.01906712457425795
0.00023578703145823334,0.00025634255730390003,0.00036027609925455,0.0004695534476148429,0.00025056107384654,0.00019480722038803998,0.0002268783734039
0.005528777286945533,0.006551747346486437,0.0124075628877376,0.021057240650615573,0.00749987992220782,0.00366117561736252,0.00618292576675015
0.017588239136525897,0.0184130726406909,0.0243023240282991,0.030688098679557716,0.009920163049709899,0.00627489843669774,0.0138007567396805
0.0018208539507134,0.002250457379438725,0.003480977024758925,0.004532051744664143,0.00020730135372243997,0.00014907294832675825,0.00013019260737572375
0.011663772843389516,0.014833869408887423,0.018292214129787075,0.016240881697198915,0.00381871443027866,0.0035468414061137,0.00136353664284345
0.0007838366924336333,0.0009419222118125874,0.0017602356862172,0.0036023811783242425,0.0006598600921637798,0.0005387402502154001,0.00039993633572429996
0.00011299402945775664,0.00011333226342351806,0.00016690253933394997,0.00023726765570920003,0.00014965792160804,0.0001074912678914498,0.000166404757459
0.0010912504759116666,0.0013252915346704253,0.0018264993864103999,0.0020383235485063288,0.00053013649010554,0.00040158648140211994,0.00032565765197905
0.0042816110577641,0.0043306691686657624,0.0070692042902166,0.009991451978377872,0.00634045180912776,0.00463693242525818,0.00625417651842
0.0012316614936760666,0.0012554318787617873,0.0015835448194229749,0.0017682836597212857,0.0003770191950332799,0.00035945244111198,0.00027532390997470004
0.00109129116453125,0.0011467111003365998,0.0012794821275156749,0.001263401441447643,0.00025001320415564,0.00024931719859586,0.0002131136809546
0.010552731530167383,0.011363907809395977,0.0141747071905814,0.016061971970177873,0.00425316012283714,0.00251064129140702,0.00253052729182595
0.008274168235376982,0.008292332521980039,0.011492947022421526,0.013081890357786587,0.00444485265208304,0.0033509367596538603,0.003974663136035
0.005823049457071467,0.0069816324811449,0.00543392450431575,0.005324305802370614,0.0001771965749895606,0.00010716518756557475,-0.00060122847494745
0.0001203606360919724,0.00012264426138865,0.00020244846240627504,0.0002753655068162571,0.00014665003868946,8.712372538010974e-05,0.00017144821586215
0.00046944320625219994,0.00089029775887375,0.00651470083585955,0.013719406290631616,0.00869486174970362,0.0048139895533254,0.02074891411182285
0.0025026550410871835,0.003175381296470725,0.0086489293096839,0.013996630633851287,0.00727190511350038,0.00488853179271534,0.0075806869816906
0.0003118383340100334,0.00030182604298025005,0.00041739798896437503,0.0005017423938498713,0.00017252778952937998,0.00014392791732104,0.0001521876116086
0.00433890592549165,0.004548461955933301,0.006245030816761375,0.0075513149317355715,0.00233272860927468,0.00174527975856906,0.0016895847009723499
0.00016747169818448333,0.00017411717020223748,0.0002406122664053,0.0003673957643420286,0.00020942311680698,0.00012736776650162856,0.00021113241169895
0.014211700571483285,0.015537980674888523,0.0206627601300161,0.024782795098643257,0.01251844235429222,0.01010242124873184,0.00768124602972395
0.009163699885109584,0.009834136094518487,0.012499924461793075,0.01402462404753541,0.004026826730333099,0.00287440647354382,0.00318094557268755
8.111728131496412e-05,0.000100963608260763,0.0001867095829705,0.00021308451325678567,0.00016012320007362,0.000133857155745,0.0001252815199426
0.0001619921053686,0.0001900784374071125,0.000236568963100525,0.0003402699868314429,0.000158616050827,0.00012577303011176,0.00016324299165055
0.004081692559636833,0.004960625139948162,0.006415344830237775,0.006253704866014542,0.0008899644798137599,0.00050906760979084,-0.00026118252553165
0.00017154693670258332,0.000176281847666975,0.00028901036944395,0.00036584485039294285,0.00020489711970266,0.00015519922944034,0.0002249117414002
0.00025255071895379996,0.00030337202968666247,0.000480012232555025,0.0004984520601764,0.00022664925129951998,0.00017418717019822,0.00016218273649175
0.0026508115858255,0.0033405759652752752,0.00580902075984445,0.006655374593350143,0.00331112228080526,0.0028437599074703796,0.0023238958772258
0.0082211947174643,0.010821600555309539,0.01614334812245875,0.01915669157891949,0.010186389805168419,0.008057061640252581,0.00655863750477575
0.010050003088135433,0.011364643012668138,0.015890966711728075,0.01996840223917971,0.01094878645957004,0.00825824262069782,0.00709208232620945
0.000327427154909,0.00027936504652150004,0.00056867742805105,0.0013643198196120285,0.0004142718102246,0.00022670568599497906,0.00078197174924895
0.0003778895748911833,0.000415160711518425,0.000696404599498725,0.0010710837140945142,0.00033397339016364,0.00025798422389224,0.00020859742053865
0.0014717373196351002,0.0016581451868853626,0.002512806204369175,0.0029753709032743713,0.00118556648375792,0.0009548089388182199,0.0011293296254574
0.005180998321449466,0.0066164406938867245,0.009738303690004151,0.011554003133515013,0.0043968917446578605,0.00357502010178,0.00208846172429335
0.00018311750614655,0.000232339028898625,0.000318056585458025,0.0003701468081753571,0.00020816892360642003,0.00016781662150078,0.00011917460587843574
0.012848132654692734,0.015541119251894787,0.01912739626141395,0.023464609467630643,0.009091053000177901,0.00781740608918588,0.00600811662823795
0.008982594670722535,0.0104414952768475,0.014855420730212274,0.016868695217679187,0.00576211007481778,0.0040611664811911205,0.0029352339062533
0.003639690499001133,0.004452137994212587,0.0043841156261965495,0.0043058065464719715,4.848161618889746e-05,0.0001723407596624893,-0.0001565271234334615
0.015328471316969051,0.017904417301679215,0.01941923215682205,0.017747762311946372,0.0017771949421244802,0.0018655858823642397,0.002048525404472
0.018198548587969685,0.0222312064793695,0.023855267068542973,0.022119504588502627,0.0055032566463136395,0.0031633906565771397,0.00550721113735065
0.0010548046438023668,0.0011431775273635751,0.001573434375782025,0.002271893239677771,0.00112785718336998,0.0008007333016711599,0.0012892642190855
0.0032516277253127166,0.004262302846958212,0.0075035417838915505,0.008889228436175428,0.0041428026124423,0.00340079895705244,0.0024393154490976
0.00026849209353563334,0.00028512686267365,0.00039508422029535,0.0004930919872681857,0.00019291643766434,0.00014973052093748,0.00014199006366515002
0.01758508584597693,0.018485036808089564,0.024279077067902922,0.02927666311414306,0.016412903181471903,0.014162452282819921,0.01084741545228175
0.0025441237882215997,0.0027219644543793253,0.0038481617112055004,0.004020344535171072,0.0010473851341094998,0.0007803055756692,0.0005961671439919
0.00030062088655251665,0.0002737676526534875,0.000407674936986575,0.0006418567743143999,0.0003347554115554,0.00023444710275374002,0.0003325699266654
0.0011967874813127667,0.001055596556315475,0.00174090324624825,0.0021890836162161862,0.0010998167683014,0.0008056259339377399,0.00091013347544495
0.0006728990357646168,0.0007297777348684374,0.001156572315775975,0.0015749460436955145,0.0005870814829440399,0.00039594133429816,0.00048824634671915004
0.009105334622232585,0.011922023357583161,0.0169252762310797,0.021106072592289315,0.019480756711067863,0.01777798841295742,0.01512285353237855
0.0032745720208559002,0.003946809342247875,0.004108005612898625,0.0040260057504025995,0.000218329824586,0.00014013664172861725,0.00014991428722148804
0.011324517172933318,0.011717751328663437,0.011748456392511951,0.011318895386161414,0.0032896368306331997,0.0022085558362885597,0.0009181953622098
0.0009992770486167795,0.0012298686317334623,0.004797506029473875,0.011260973763387245,0.0044248240304548,0.00132318511349644,0.013867534398406
0.00078995701223535,0.0009301382525019375,0.001377722422387725,0.0017534896620752143,0.00097815854553852,0.0008173609104552601,0.00071141280117525
0.0008112838552767334,0.0008275832724976251,0.0013381880374542,0.0017066647721494714,0.00105031028736488,0.0007847309357960399,0.00120543141707155
0.0029776979753486665,0.0035937073206036623,0.005515277050005625,0.007238404518453571,0.0032507923604485,0.00264474447263578,0.00298605393328105
0.022223185265310568,0.025249529226026763,0.02756021492331672,0.02744508045431296,0.00958089484544924,0.00729304105998532,0.0039819736189196
0.004099573040195716,0.004355702478262637,0.0067927106188344,0.008249175709434741,0.00381348569153398,0.00281906399489886,0.0025490007590249003
0.00014145202918533335,0.0001492912070027,0.000204677403440575,0.0002938842558121571,0.00014605652986966002,9.004185313695254e-05,0.00013344038812694998
0.012320127838074667,0.014441506664378899,0.0212877360262567,0.024843750398321585,0.016802687066531437,0.01526617436822884,0.01319471122315865
0.0013470825919835502,0.0012984370589205752,0.00198181157453055,0.0025817341760848286,0.00068514270381082,0.00051686300126608,0.000462683053475
0.0004739055310848167,0.0005365507679084,0.0008084380307573249,0.0008463582844786,0.00021936243049978,0.00022819836573222002,0.00012521045260116206
0.00044176876138985,0.0005567804195870374,0.0011293880312079501,0.0019020865894338857,0.00019113634594912,0.00015647557566246002,0.00020008121835185
0.0038606338528508334,0.007435926328890413,0.015272370538185325,0.022724637656970557,0.0079935475454272,0.00459919026997362,0.010577936424815498
0.0018797255252445335,0.002331467740589688,0.005160866805072875,0.008250940533506657,0.0004551376393275401,8.652861102066e-05,-5.064536301949997e-06
0.00032425484769726666,0.0003219249001139,0.000564202408004,0.001371424185458143,0.00025848710449358,0.00017314427478982002,0.0001663218310623
0.0010286474850722167,0.0014559575352011875,0.0025540829039925,0.0040487071334515705,0.0017153476257952597,0.0013127590339776,0.00066409991419015
0.0007715547769046667,0.000963178589353125,0.001522308780056575,0.0018559716331540427,0.00118999395008512,0.0011100648584864599,0.0007218621996236999
0.0076179206956299836,0.008953711758016387,0.016109725300642527,0.025744558056550373,0.009291176778071621,0.006049004374315261,0.011081137679286649
0.00019581721321236664,0.00018865072896775,0.000275906593474425,0.00036844078170121433,0.00016588663874098002,0.00010881855705327468,0.0001676688930296
0.004963806208870349,0.0062650216584582375,0.009570005756440526,0.013116959517612686,0.0008036953369869599,0.0005540054399808022,-0.00016039962344165
0.00012688472119434463,0.000138124769158375,0.00019816541870864998,0.00027760744968674284,0.00017410600357108003,0.00014172125234902,0.00013740540956545003
0.0011669841918734499,0.0013339108877206123,0.0021306821577331,0.002732970314640757,0.00165742123702548,0.00127578437741814,0.0017981971622986
0.004347521203181899,0.006338895321088488,0.010458959955696075,0.015709518243344444,0.0007823864695518502,9.553671939998922e-05,0.0004191676913185558
0.016088022565797083,0.01730489866367135,0.02225279005101885,0.028680212929944698,0.0205596160979818,0.01814673896579938,0.01530970582079555
0.00015410605477083334,0.00015508231373315002,0.00026584494865355,0.0003204696488552143,0.00016122300256026,0.00010464557447005381,0.00016943642329775
0.00018464307939974997,0.00019457419968852498,0.00026789587396525,0.0003766218894058,0.00016712696201493996,0.0001330035610582,0.00015269699355780001
0.009438818675900249,0.009114614192758339,0.015000554781251224,0.019974563263036326,0.011867143663479959,0.007898135519896921,0.01626436149395375
0.0008332431104885502,0.0009731622127746126,0.0011733496477474,0.0013144780006876854,0.0002777644229212,0.0002466954180126844,0.0001722990159087
0.00025739357300871667,0.0003018889860143125,0.00045558647548529996,0.0006893634670564571,0.00017963185912334,0.00016154260907640003,0.0001096800512478
0.0006948407680271834,0.0006827635265486624,0.0007592638005485,0.0008015867167024999,0.00021825414362714002,0.00016942362978532,0.00011783074041508699
0.017257431413838748,0.020549956093186012,0.02795500915026415,0.031515701681488574,0.023018423404316396,0.021523906111526138,0.0154007425918086
0.00013699457996243334,0.000132192924180075,0.0002061868186141,0.0002694908928878857,0.00014204235577314,0.00012076064938159848,0.00014833361388605002
0.0007130293125950667,0.0008321489877452625,0.00111524152792245,0.0012975617603531858,0.00030083848243218003,0.000245431155438,0.0001888053534487
0.00150073573406345,0.001480353355353125,0.001966794768352375,0.0023323062237022713,0.00059231616312332,0.0004912258294135,0.0003921551741835256
0.013582401837696802,0.015342818626689125,0.014463415077138424,0.014506958203405156,0.00169296501797526,0.00239306968006722,0.00042186804720295
0.018831800730698952,0.020164323119367736,0.02580041219473085,0.03046082044450246,0.01422873639419008,0.01073741239696616,0.0120238342720018
0.0012825366947703668,0.001634277429556925,0.00309366651239385,0.003863753603590543,0.0027657386940230398,0.00238589794699806,0.0019216887450596999
0.0020758281754232,0.00239753844434505,0.00512791878731895,0.009488074633875328,0.0061592193606474594,0.0036465829996611,0.0186915673974096
0.006392289135172533,0.007302613893104775,0.007137505853047575,0.007419463764355571,0.00090273442899044,0.00067903227251686,-0.0003475179629499587
8.880981267673793e-05,9.179629019839716e-05,0.00014389016453999999,0.00018660492539887143,0.00011904207139385998,8.49457556713277e-05,0.00015435984304484998
0.0002625505576000333,0.000291700196080875,0.000420835815407125,0.0006751332804961572,0.00021154412085362,0.00017117901289408,0.0001775169039279
0.001071486272473,0.001089098294609125,0.001586226415980475,0.0021550046068463144,0.00133388012302708,0.0009117011408111,0.0012700719727212501
0.0040519632145515,0.004861176873219324,0.007311828732636825,0.007917795323558942,0.00312563678282902,0.0028965526792688995,0.0019641337344012497
0.015306918045380202,0.018589193455562463,0.0221575573165897,0.024576642550899617,0.008261358569135522,0.00856654584449536,0.0019104315907368
0.00014350710111125,0.0001538567907015625,0.00023997185972974997,0.00031458215106042853,0.00017962615895777997,0.00013195096132734868,0.00016559925319965
0.00049913008454585,0.0004956041111298375,0.000742167851492925,0.0009738105544771857,0.00042808190184873997,0.00025840141690444,0.00039020765668494996
0.008453687518100484,0.010166121973040225,0.0124624266068676,0.012908057912162558,0.0031186994729222803,0.00197872392962772,0.0018199081064373
0.01755154954562475,0.01895652367833644,0.016291770198538925,0.013377924564091327,0.0019285351979470202,0.0008796674870147202,0.0011107975307807
0.0006378720967371833,0.000678365731650275,0.000936468948326225,0.001272881260022957,0.00048520636461408,0.00039048183202098003,0.0005146017183015
0.00028814646253658334,0.0003097144864756375,0.0004398363196292499,0.0005919225068701285,0.00029888031665876,0.00021594198624582,0.00028953544937224997
5.105572465693332e-05,0.000248249336283325,0.001377274339092425,0.003617415929767386,0.0026155159681360797,0.0014909203553182399,0.00251790337764335
0.02005922890081238,0.022161804052036778,0.024801840378842928,0.028266518361486685,0.012459871408338218,0.01045316295823526,0.007585647927074
0.0005674413922967334,0.0006250500988543875,0.00116408475754605,0.0023465633759876853,0.00018126099896027025,0.00019545834241202755,2.130847766087664e-05
0.005511723919085883,0.006048258040175938,0.00509514724302915,0.004503312973151358,0.00013081784582324,-3.83679395149395e-05,0.0006314848602613
0.0006128539105536166,0.0007282565152290374,0.00120055803732135,0.0015634565155355144,0.0009461697984161401,0.00070331196485182,0.00079582099172405
0.015993968086950933,0.018203968419124975,0.021453589537866625,0.023620151472406786,0.00602218138677626,0.0049588059072484605,0.0056098791264872
0.007342035538877433,0.008873850669612401,0.0105346035896333,0.012319332570787355,0.00043873439671704006,0.00046412511385696,0.00109488340183615
0.012285689456055167,0.014673617071476124,0.020275269641893898,0.021813403429341013,0.00883832134896718,0.007463363357628899,0.0064308831144255
0.014201563703619899,0.015263673114353215,0.015659865359044425,0.018646685345845928,0.00396022619584458,0.00211958319672966,0.00213464929894235
0.005384796753340666,0.006797879987341463,0.010557758871932426,0.011804425023733045,0.00498269842870652,0.00468042416171122,0.0023169200460821998
0.008036176411615949,0.008652305168837512,0.008723708109291874,0.007432057355032671,0.00097842952880366,0.00095243835916148,0.001284053924336
0.0017661573975775167,0.003120379463708512,0.0107571678267088,0.018419814964252344,0.00757422227263046,0.00381465186453898,0.014524462189971499
0.0008340890231304333,0.001057442515613975,0.0014267418551043,0.001870127940129914,0.0007812816795580799,0.0005611042674292399,0.0005983271440318501
0.007363004130354234,0.007876964571415138,0.00589563426958785,0.0047906699546761715,0.00080400441398882,0.00056905688839822,7.171659711753309e-05
0.00012251147539541667,0.0001311490480131875,0.000173774214112325,0.0002441693750565,0.00013358530927161998,9.814647371669135e-05,0.0001681090142689
0.009000549588544383,0.011029857829915137,0.012117458551985125,0.011569826166284772,0.00164989579844678,0.0013399189054687601,0.00198145983980755
0.0002516549438885,0.0002842490764508375,0.00040149010914182503,0.0005628491291797143,0.00016799630030256,0.00013974419717304,7.619307487131387e-05
0.008247120945026684,0.009549930528756174,0.014206172188295901,0.01816600886685706,0.0099343544079458,0.00788345162624934,0.0089964965939036
0.001920150455172467,0.0020878796498327748,0.002673321930184675,0.003790569498645357,0.0015147760927894602,0.00117154171921516,0.00132796238711525
0.0005914417817717499,0.000728444053122525,0.0021843087167270248,0.004627030476333158,0.0002484705257888308,0.00026267334345806743,0.00032608630734815003
0.01091274246728375,0.01476406690991661,0.026193374099464376,0.04008578987372015,0.029733492069451924,0.02189814374263294,0.06809239401083544
0.00089904808008675,0.0010193359845370627,0.001240296004555225,0.001414440091448314,0.00051189250875892,0.0003610594638445,0.0002640128613822
0.0008138045819492501,0.0008412872984462249,0.00118685778939885,0.0018893360721223284,0.00054860125124802,0.00047685567668239993,0.00032916537013515004
0.00016955436724638332,0.000185964386139725,0.00027285177332035,0.0003403535304687572,0.00017090101311628003,0.00011593368354515754,0.00015441343580955002
0.004817507235669433,0.0058001008937225255,0.009362600743066201,0.011011029706645631,0.0042569910555854806,0.003957822014031739,0.0030859671280183
0.00041690064718498334,0.0004549425131164,0.0006351120324393,0.0008189892469700573,0.00040671182369765997,0.00034833479511425997,0.00046644564641155
0.012844541216858801,0.013979884957330112,0.021187487346809777,0.031216857761013166,0.0103001793384133,0.0063424836351654995,0.01669223907323155
6.732909363249991e-06,0.001966548890802,0.01051575194024745,0.0178862305077439,0.013337805740176201,0.0093381508575266,0.0313810297711322
0.04044703938846883,0.04276653773087888,0.0385646111997648,0.033267789756012314,0.00516303119917524,0.0055942277420055805,0.00199463042478975
0.0002644919006465,0.00028929197614155,0.00036225456689005,0.00046394079629024287,0.00020333468194344003,0.00017336527963418,0.00015093078763354998
0.0010143731073286998,0.0012284676921212375,0.0025660342983346,0.003029762540101771,0.00147765090066604,0.00146867320849744,0.0007234698530242
0.009659871580820068,0.009956068143824874,0.015146771674464175,0.0193047673155054,0.013789789700199681,0.01122967859338528,0.00858060317819585
0.004237774347515566,0.004253770763299362,0.00687706226396065,0.007781543886501101,0.0024954582375160397,0.00201597600574214,0.0023227712843442
0.0014135237501985334,0.0015067279610548748,0.00209807649294415,0.0027882245021922,0.0011924169285030802,0.00091172517269884,0.00157176619340145
0.00029892130172236666,0.00027179624029805,0.000615579153433575,0.0014382887517025572,0.00046953126670036007,0.0003033038738806,0.00027436302355325
0.0021362546708413167,0.0022393279212484627,0.003728628075829,0.005512639298018614,0.0029429175182611603,0.00244835496693498,0.00367987725904045
0.01579857004639763,0.016231133349270923,0.021440609493945974,0.026988300245143655,0.01531954210082894,0.01059371742528116,0.0138950608268437
0.0013165987573358334,0.0017324035249983998,0.0041127877062882,0.006650835143888672,0.00025934223669305835,5.461793091082101e-05,0.0001980798872597
0.00013621728909278332,0.000135460548305375,0.0001778923983938,0.0002802092085156572,0.00016809139634790002,0.00012268999943692001,0.0001987395784365
0.00035123714089734995,0.00035808483641448747,0.0005333067925265,0.0006667255227090286,0.00030390133972362,0.00021463054298244004,0.0003530265312545
0.0002474815986934,0.00024498433552761254,0.00036162306157102496,0.0004843592873697,0.00022620041758050001,0.0001703547521004,0.0002730769509312
0.004776383624673699,0.00629708373521085,0.0075294424331851,0.009064547164476472,0.0005453275078677399,0.00017623972699364,0.00065911942288725
0.0008862021318167833,0.0009190896875288124,0.0014957765644664001,0.002572968796780057,0.00035111261477296,0.00028486559924942,0.00014188169377613962
0.002890241725189384,0.0034124371294687247,0.005081349208275075,0.0063861592728659865,0.0023124066153867398,0.0016701842274003998,0.00122841922130955
0.021493670941624767,0.02431190240989039,0.021985834460173603,0.019948128229074127,0.0021857376167426805,0.0023744963780529802,0.0006760640830918
0.0029419045698875165,0.002941540061327737,0.0034870734156094,0.0033258551613046714,0.0004555061165514001,0.0003257382262154317,0.00022381040712170117
0.0004909932356096397,0.0006765576354758125,0.0064732579620326745,0.013967209070902473,0.011022655103912581,0.00779923075126028,0.0189442502912028
0.00022319360787976663,0.00024977530502345,0.00032980230330020003,0.0004257159331288858,0.00015637567131135998,0.00013860147850634,0.0001658115524578
0.017517829781989652,0.018950031278041374,0.022135898241035824,0.023947693724509698,0.008358771819355479,0.006377220441489679,0.0036671139758764
0.0102347751510577,0.01208096921643685,0.01614656827651685,0.01965090096317424,0.00935700169718344,0.00709828595109156,0.00608997746730105
0.0005554262035069001,0.0006080429752159124,0.0009132583566438749,0.0011909389873764286,0.00069301640104146,0.00044070543346651995,0.0008449234392368999
0.0041602303597018005,0.006078413372877362,0.009441267802236052,0.013252776374712472,-0.00010590142283991434,-0.0005708499165538642,-0.0003682763447188
0.0005760437069780333,0.000602553070039375,0.0010382535912588499,0.0014701541352985287,0.0002640539742419,0.00012601717856136418,0.00014462438285879308
0.00020213802682886672,0.000211764092109975,0.000319897510768075,0.00037664757271032857,0.00017682125164102,0.00014209695416522145,0.00019261210817295
0.005670487882907918,0.0061443678363663,0.005295952718536675,0.005045990572762657,0.00023868024110318916,-0.00014765124874482,-0.00014714888130962702
0.00584521771673215,0.007425528331088937,0.014249964490314624,0.019853914906885373,0.00293678249533542,0.00177709059773194,0.0019631964054241
0.0015086646985931335,0.002033192398163875,0.0026664364403576,0.002834486382196257,0.00020750326355367869,0.0001560469391242,0.00014376921114002278
0.00030818406962263353,0.0006116658160033875,0.0022209373508735504,0.004153370885152343,0.00036763919462395997,0.00021198339093309542,0.00028391053179305
0.0019970675785209,0.0020992470333506,0.0030492302139887,0.0035899021724662716,0.0012905077900756,0.00127338852613024,0.0008380225554110001
0.01923099105075673,0.019200450468643535,0.026040908321625998,0.029462852945393084,0.014867219207714699,0.01289549454358992,0.00875969623585395
0.0021201262656675834,0.0019307546302988374,0.0024894516591553,0.002981889027251657,0.00068673899353748,0.00062337182893746,0.0005209408925203501
-5.370147065473076e-05,0.00036403990423493755,0.00184926943193485,0.005743239020694772,0.0031789585129028803,0.0015234713230547997,0.005854894877968
0.004331352651182633,0.005032891364441074,0.00795116798549805,0.009761926351693527,0.00471145682080448,0.00401742621768028,0.00294537215548545
0.014397441478839486,0.016037655092221475,0.019587062698560576,0.019345017469709427,0.003993712309446939,0.0044551156616653,0.00080075921575025
0.0004976314704625166,0.0005276428277512,0.001428918720196775,0.003325328744730357,0.00042519726185306494,0.0002921967460980849,0.00039729789556725004
0.020158875973836848,0.02189875765178244,0.025512175407720526,0.026523683021683297,0.0090369016939209,0.00600769843419294,0.00606055395050425
0.022275250526466752,0.02415951554321685,0.030495338630421996,0.029782318315258148,0.014364368025623842,0.013135795163521641,0.0110373890360559
0.006156597545782416,0.0064841312461255615,0.0095256424942591,0.011043011320460757,0.0044879710748138004,0.0032572164257271803,0.00335359634171875
0.0029507135174106666,0.003508480863393163,0.0044665726008327,0.005705299054492257,0.0015051955824156,0.0012890814948822399,0.0010472487124276
0.0022717260686536665,0.00410762030677775,0.01107236151701645,0.017915393245091813,0.00426010953496752,0.0019792695986424204,0.0048511010500362
0.033675508503866323,0.03585018660966746,0.0331823119414482,0.028670764624846374,0.007800868436006321,0.005729628549484581,0.0021767248743737
0.0018976587311674833,0.0022772540932486252,0.0050172851799698505,0.008945117519995055,0.00017446829186661253,8.959683139841165e-06,-0.00018315694579576963
0.0006680588075481166,0.0006977226548420124,0.001018360036669575,0.0016683298531170998,0.00028919249203374,0.00016517312883709243,0.00016415608027235
0.020403868671387382,0.0235242347305589,0.020252948378997073,0.017483533634851004,0.0029781821733180203,0.00289912149293378,0.00027740293908880005
9.556171890654842e-05,0.00010954325187778315,0.00015350448637735,0.00020723785114675714,0.00011605159886046,9.236693359717131e-05,0.000147844035358
0.00015243843028621667,0.00014843491452081248,0.00020645625199635002,0.0002843566071970143,0.00013480022818396,9.923397781883972e-05,0.0001552711543764
0.0009674870331742502,0.00101883255728925,0.001485903254622175,0.001788595062902857,0.00067965939982256,0.00046734257484652,0.0006575012097107501
0.007040564957805567,0.007641677620260751,0.0088414708935911,0.008759177342659229,0.0010494656206875002,0.0014889667621426,0.00117466111417475
0.0033491361254612832,0.005369200581937538,0.013648083918345875,0.02018510402339593,0.00526986610250874,0.00302036643995566,0.0053752930729695
0.006407992076538867,0.007349486292769563,0.010912478806694126,0.013304643167296815,0.0046715606624464605,0.0043503739381024805,0.0031303605743635
0.0003403247316883333,0.00035597638631357497,0.00047701373416229995,0.000631358558180843,0.00018322114004427998,0.00016632260753438,0.00017696053150795
0.018819666632260115,0.020152571015773377,0.025622351486597778,0.031418391421190815,0.014345196026355738,0.012292861769935841,0.01076337787245625
0.00024724478664044997,0.00034240506076277496,0.00047649629507857505,0.0005416585014936143,0.00030400715268606,0.00026480850809931995,0.0001962239862857
0.00852380194776205,0.009365578197828626,0.015145332268581677,0.019903424364363258,0.01554235200087566,0.015382734321657602,0.0133922459585937
0.0025413804561818334,0.00299286530968775,0.0038468276351061753,0.004803932743411043,0.00157639038220252,0.0012846132065212,0.001891230108008
0.01436031120695515,0.014460529734099064,0.013681858956491148,0.013043837732428884,0.00271006968703282,0.0013578988556668798,0.00016836113422615003
0.00019216893072708334,0.0002453754948276875,0.0003543864328551,0.0005404098579611858,0.00010404047390986542,9.025102297677508e-05,8.405377116431478e-05
0.00065475638236425,0.0007114333071126125,0.0010887992670587001,0.0015207379317916715,0.0009162977047610999,0.0006755424110252001,0.00081665379946105
0.00246513244136185,0.0027641096755959124,0.004444412039385525,0.005477715919006471,0.00266323110124072,0.0021254821068921,0.00158975983563195
0.00021188025879203336,0.0002202988615631875,0.000323905247557825,0.0004055317138405143,0.00020531102688286,0.00016258749581594,0.0001582013709267
0.0016922223485345332,0.0019387095867533627,0.0025587063974307003,0.002782423077277086,0.00075005466001438,0.0005947827968426,0.00052655651415355
0.007384527723670267,0.007931549374814313,0.010883368438445225,0.014413568608318458,0.004894253228417101,0.00329471904025452,0.0050134159638924
0.0037682037057866825,0.00509337070055155,0.0089976105570043,0.011222655565045758,0.00058950715818688,0.0004435675411577299,-0.0005455643058408608
0.003557575817251267,0.0035890339952052504,0.006122720824122,0.008012036229713429,0.004158700877995461,0.00312009670493966,0.0045122563415378
0.0012369702573705166,0.0013301129084196998,0.0020117892838568,0.003438051876184314,0.0010214029565557602,0.00076951555832532,0.0008449568858457501
0.0122885381001852,0.012588986896523588,0.007279499750773275,0.0057058260573178005,0.00026317819628833995,0.00055265826294514,0.00108250224512055
0.0006419093918059333,0.001404289914880375,0.005059769985041426,0.0120514953677823,0.00588128537109272,0.0031474072940019795,0.0159432694089398
0.00010734868154074313,0.00011417695431804585,0.000145034349116475,0.00021053805765908573,0.0001206258338831081,9.007395857009293e-05,0.0001572192741782
0.0003651170839048333,0.0005231738746492001,0.000895019292956225,0.0010350780115851428,0.0006780313300969801,0.0005822388216875401,0.00045824568056804997
0.0004098239510548167,0.0004369042752059376,0.00060511886110465,0.0006932409378634859,0.00024054009698995998,0.0001931839784442,0.00011933680723395001
0.0177977626441852,0.018609919454616552,0.02750773161482145,0.0295548306027879,0.01905009256310134,0.017556143541293718,0.00998741504622885
0.0006210698664154667,0.000987298986998075,0.002967019826437475,0.005741791420372899,0.00045684802706156007,0.00023104249046143537,-0.00018925512107228386
0.007738538184519833,0.008979163087928774,0.014050222524498775,0.014608655206568413,0.004057487504233841,0.0040798013123484805,0.0025401328257355
0.006045625156992533,0.007200800630146612,0.012920067600704676,0.015860711059791813,0.012513813319683001,0.00992997489329718,0.0093462555110502
0.0031063941570134332,0.003835207953264425,0.004332198733575101,0.0048149925379835,0.00046606784848932,0.00010850895622681999,0.000446813916204
0.0007874061478927832,0.0008120421661094374,0.0011189102992995251,0.0014534291117894859,0.00052612459629428,0.00046653883161814,0.00044361568210175
0.019754176480683897,0.02134000399426164,0.021338830980343323,0.021906540578957884,0.00378654304594876,0.0033924105225834203,0.00130784140798495
0.0035798458570280006,0.0043820322844009,0.00742976648847415,0.009648949323993886,0.00039000648137703587,0.00062110860019652,-5.96582871476e-05
0.0005294910916607,0.00055693286527645,0.0007014243711173499,0.0009118250048453286,0.00034481479318298,0.00025895973890049993,0.00028843181446655
0.0019983013711634833,0.003097775608762175,0.008685077410463675,0.012086034855272858,0.0008792034430418998,0.00048552585399654,0.0012187646022216
0.0005250799442551333,0.0005410166198477,0.00065438123442685,0.0007818555112231715,0.00024770742620458,0.00022339174562294,0.0001635745599725
0.0001869096146534,0.00019366527101766248,0.0002935809577774,0.0004066055579936714,0.00018179371214336001,0.00014902034425036,0.00026908448158165
0.0031824050896373,0.004194049622333175,0.006671831648876924,0.008514238162312473,0.0037927116382173,0.0031133852299462202,0.0026946272226150998
0.0007273155129433667,0.0007510977435413375,0.00104847593787225,0.0013492979536908428,0.0005908044300309801,0.0004879849659171,0.00058200568342795
0.0004059974907883,0.0005072243978389999,0.00119982716033655,0.0020089647443745427,0.00010369810692783365,0.00016287534086003365,7.85924852132256e-05
0.006700957109856634,0.009151534201978,0.016106823270016824,0.02360321145069513,0.00671121255651916,0.00388188642705638,0.0083455229340832
8.861820931653241e-05,9.743315330383302e-05,0.00014171562502185,0.00020546456549297142,0.00013433714288508001,0.00010615976605241766,0.00014433246476715
0.0022058792999285334,0.00457984452036935,0.011421158923426475,0.018760300287854786,0.00571358602379754,0.00250929316048084,0.00580571464512695
0.0016972377176649334,0.002286198246816688,0.00440199810971365,0.007104541167454957,0.0005092983738362001,-2.2198601816013e-05,5.419720853960563e-05
0.024778528710443237,0.02550880055535449,0.025795224348061578,0.02715849084335079,0.00751661353717626,0.00617292539642204,0.00574780075871025
0.00074676208744865,0.0008380867538016499,0.0020887352026239,0.002987449970993928,0.00015892861671777024,0.00016029744195027206,0.00015285064514334999
0.0009036876717664334,0.0009708311144601751,0.00143027569465285,0.0019416424174283997,0.0008520090711197,0.00061212648586888,0.00093600561043365
0.0005154047688042834,0.0004271337959226708,0.001301976361574075,0.0037354658433280713,0.0008852751938753401,0.00042713502939532,0.0014561624207206
0.004389845759309666,0.004887221557344862,0.008309220092778201,0.009814721228804642,0.0059262952453737,0.0042479337961802,0.00550635047780205
9.154721745998356e-05,0.00010438985342102491,0.00014894112970305,0.00019533559072470002,0.00013672437360856,0.00011454478428328001,0.00015650358745774998
0.0003043987548443,0.0003280128885565125,0.00044880263052417496,0.0005971379241589714,0.00018611101168064,0.00015049684356989999,0.0001342995369453
0.0001431533995493,0.0001442559236697125,0.000237267357101925,0.00030485562526982857,0.00018900276469238,0.00013267632511452,0.00023335467206455002
0.006067076273566716,0.005987546643587099,0.008932015403831949,0.010866674423757045,0.004039455195386361,0.0028261179496870395,0.002044085475526
0.0003534947094845666,0.00041750778488458746,0.0007089317063473251,0.0012340285662564285,0.00016618517928688653,0.00010942661153890397,0.0001265151313487
0.0056300439066704335,0.006751303923031238,0.009693475103944926,0.009463694966585298,0.0017085396239490797,0.00168659797008616,0.00131879782884785
0.0006702821477390501,0.00068850544209895,0.0010734688634929002,0.0018118280032012287,0.00034487864230539996,0.0002413965296235,0.00015333792866129999
0.005265776608347767,0.005516575946007325,0.008729512165624424,0.011790540187365759,0.009065104422185659,0.008021857216483361,0.00893438170571085
0.0097441839041921,0.011880167754762113,0.0205532113621606,0.03264936238853223,0.01922242585534112,0.011621083301678001,0.03738343091349705
0.005600377356668867,0.006504976114679262,0.00960309010658125,0.013051703843522328,0.005943664263350061,0.00524034098477752,0.00717393022928405
0.0007438339668354834,0.00088268767287355,0.001332325628011075,0.0018447745557126146,0.0013428403127953598,0.00111482233227164,0.0009582053420308
0.0008286764131004834,0.0008607652271382376,0.001006130630215825,0.0011607373140111144,0.00028814318836465995,0.00023807395972409704,0.00010601028970692091
0.001993605821742533,0.0021415150777536625,0.003358871530797075,0.0045176619218975,0.00225104926963152,0.00158112623332168,0.0024693232138586502
0.0006238490174815835,0.000621052809709825,0.000828654627363825,0.0011731266942327286,0.00064054517133876,0.00043802241218206,0.0006129042156197
0.01362717080996455,0.015296836003880664,0.021311509533289627,0.02594680501269153,0.01725634474656924,0.015055482218360181,0.01193606170666335
0.00026388866885933336,0.000371673891381125,0.000593300890921125,0.0006691215065032857,0.00037493016402822,0.00037040434106352,0.00024966533539080003
0.004844212667174933,0.0075575978298197495,0.021003101566296853,0.032126378995256256,0.022470382231437595,0.0154261240204684,0.060595715005948056
0.0036954997465823004,0.004596697378164738,0.0055553220675865,0.004879224174218142,0.00084481487736052,0.00072841088119408,0.000656523111818
0.0034932834703128826,0.0033651134908068126,0.00636949926524865,0.008201171842306744,0.00385167188838238,0.00283187409521016,0.0037643610663579
0.00014245123233078334,0.0001485459809841875,0.00021666407370015,0.0002905414226177,0.00015142463510061998,0.00010300141927995976,0.00018198902516455
0.0008638953266456167,0.0008894219890528624,0.001464684571162775,0.0017560336452178574,0.0009855348423905002,0.0007221533389308001,0.00104581264918065
0.0005134036998279667,0.000582283802112825,0.0009548697123550501,0.0010861420141897713,0.00043928696578809993,0.0003806191051918,0.00022997551500380002
0.0010295023325890666,0.0011432081609115748,0.00168911371555635,0.0021370385548080285,0.0006293668006317002,0.00056476098038432,0.00038828331888
0.009639299045691732,0.010595772152201125,0.012839479694019499,0.0115338421677915,0.00280800064760182,0.00235249299742672,0.0015009932556475998
0.007121879655431017,0.008403903067133026,0.009684331527858876,0.008740261996162358,0.00125220474316062,0.0006832261648063286,0.0009553438602421501
0.0008092995300153999,0.0008348159827137125,0.0012442900263837,0.0015385913663767856,0.0006370819481825799,0.00054333183919556,0.0004592047167299
0.0059776512349346495,0.007116223182927463,0.011359831056868075,0.014535414716561185,0.00839322929841416,0.006854923730604499,0.00612290909709545
0.0001723402078219,0.00016641245896365,0.0002721923552736,0.00033282445817904284,0.00013558224115553999,0.00011035324062582804,0.00018651941738645
0.0009542960236465333,0.0011195670378473124,0.0017148156137088998,0.0021183747466626567,0.0011374119976148601,0.00085309982704318,0.0010568547051566998
0.015832032106533916,0.016151215863495473,0.020093158057287525,0.02109925923730197,0.006895968321692659,0.00539869318331866,0.00342740697533285
0.00020021618970365003,0.00019397820156564997,0.0002741127268624,0.0003802380734528,0.00017912819612248,0.0001281011734310963,0.00012464664692795
0.0008568229273123334,0.0009828598708306751,0.00146206262602015,0.0017202075718974286,0.00083941982194294,0.0005985841444258001,0.00075343455835
0.01624715585667445,0.01821973876918501,0.01400887171225045,0.012494788005394197,0.0021515709150545003,0.0026363189329284,-0.00143563196788205
0.008824852560367349,0.009200560706303975,0.006049024658440425,0.005682820879894058,0.0005067446540795799,0.00037582410292917324,0.00044085459706665
0.0064176043627204825,0.007055005932378,0.008866384516459899,0.010457924585268643,0.0035773702237539605,0.0023082220374675997,0.0019432121775738499
0.0006939144552333666,0.0007293864725549875,0.0009186917912643,0.000956917589902,0.00017531395656405997,0.00016811844280894,0.00013884562640700045
0.003979909625987284,0.00467623017767475,0.00395098459377855,0.0032529096519869857,0.00036682894695496,0.00030540676245136,0.0001262280355495
0.00016397751075889998,0.00016399847399543752,0.00022574905837015,0.00031684099928595713,0.00016016753743486003,0.00013291445403291395,0.0001634005880145
9.266688943702609e-05,9.479561728259898e-05,0.00014198538258795,0.0001918816417471143,0.000103753573147668,8.563535933155148e-05,0.00013115984308385002
0.00087932930528345,0.0011248065735595,0.001907490106534975,0.0021775627762440713,0.00095919300801916,0.0006985648483931199,0.00054816686687075
0.02662555415174292,0.027884868303098,0.026599884777760402,0.024137952976539555,0.00426297298425186,0.00518141556543866,0.0045864925371465505
0.0014599133107815832,0.001496933402764325,0.0023777711290041753,0.0027511628488248287,0.00093551104244058,0.00071061537560486,0.00074009577184075
0.00020671414521920159,0.0004120387450780125,0.001242511259991475,0.003268167844641086,0.0021985706038842403,0.00117454817306664,0.0030293705015214
0.010595674108204734,0.011038900792917401,0.01317803971760405,0.012356554737322273,0.0024672802214928736,0.0016449577409207601,0.00138095586100915
0.0009603450737339001,0.001064416035089175,0.0014301852225906751,0.0017479188987822429,0.0008014026739373599,0.0006769864153200399,0.0008135824253117
0.012263338329876283,0.013069502251218024,0.020345495785495528,0.025681146773733843,0.01820231382548714,0.015675774146736078,0.011644476404226351
0.00047741345898730004,0.000534862085340975,0.00065047267371845,0.0007417482665298571,0.00018826753454746,0.00018169042804412,0.0001529182798439
0.015244566284594183,0.017442178887115887,0.022342628125504128,0.025288687468844957,0.01118852554500822,0.009523203651292899,0.0067738889429909
0.0012409031464315002,0.001349626179348525,0.001521099224337775,0.001621768841145257,0.00011632659166871562,0.00024616822654534,4.469572085566244e-05
0.0202792797430951,0.02048066131644226,0.025501086868958696,0.03138717924825498,0.02034751671324246,0.0173840253214217,0.0137811506385926
0.0106888997567066,0.012343160041597375,0.019804870906622925,0.031903413002103184,0.01838841014985354,0.012283639634441321,0.03788636486776015
0.007457769903797901,0.008416163872694813,0.009978956826272225,0.013118362931021772,0.0016915677686065004,0.0012966316265683997,0.00140769310207825
0.0002546322059083167,0.00028546102275565,0.00043681507981535,0.0004856198219241714,0.00020461010680298,0.00014280954468958,0.00012804151839684999
0.014217656501647582,0.014754691796193148,0.019791216829382348,0.024376072072922642,0.010052541522179699,0.009355817208270261,0.0063259375608518
0.00098379125669145,0.001180791804523625,0.0014394157133418252,0.0015304260916815145,0.0005171904141239401,0.00037517000369073996,0.00021573163790094998
0.0040803402084812,0.004457296869348112,0.004022860751972275,0.003623911653352557,-9.295179476339553e-05,0.00018255755129982003,0.00016343188936856164
8.133171648310639e-05,9.141530507779802e-05,0.0001447705217332,0.00020145603567715717,0.00012607774027583097,8.296630324350327e-05,0.00016969460478520002
0.0001445479545527,0.0001539167587460875,0.00025665438179225,0.0003438551809447428,0.00018396915803611997,0.00013461011043512002,0.0001917150300953
0.005018730749889384,0.00498616955918805,0.006770338995417075,0.007877529763785128,0.00246516862161814,0.00180219085812104,0.0013218302589034
0.00016166568606833332,0.0001662881491374125,0.000209315572701525,0.0003057354501196286,0.00015159405174258001,0.0001338948956464,0.0001534849111884
0.00240209063629335,0.0025135234981839374,0.0025596508706373752,0.0024727872348185857,0.00017090121089383326,5.0964135188519926e-05,0.00028579432980925003
0.0021889423450895335,0.002343914271055425,0.0034013435615640004,0.004565854188873157,0.00208799448899008,0.00157547092898334,0.0020356058527213
0.00020244082369933337,0.0002262968959303125,0.00037909311900975,0.0005629459556839429,0.00025702743794284,0.00018548752762852,0.00023820341272264998
0.0011631499261138168,0.00124186601616265,0.00214141872373235,0.0026775988154789996,0.0013483363563897802,0.0011418730403243,0.0014181170421236002
0.003124914810429117,0.0035999478134083997,0.0053085542171989256,0.006125252562062915,0.00106689326769982,0.0011002229261949802,0.00082079972991965
0.015328626548620732,0.016302385351885662,0.014065051481648199,0.01277445681020073,0.0016831089721503,0.00137700468093364,0.00128331819920055
0.00014124509064228333,0.0001810750983181875,0.000285025556162825,0.0003246426080305,0.00021037900139352002,0.00017692117846248,0.00011021736600845
0.010598897229123251,0.011192884318013775,0.014638704063601399,0.017802335277499786,0.008329898284141001,0.00703140758512528,0.0072337019226998995
0.012966272644919735,0.013737394222609502,0.015261619402723924,0.017195824980405113,0.0035057434719907602,0.0031202785986021203,-0.0005334110178425999
0.02259524793198715,0.024370920158561925,0.02351176622812855,0.021790457517007887,0.005543127321464459,0.00517537437000298,0.0015989841139917998
0.00034329539029093653,0.000388750824179454,0.001906880634043325,0.005257370702024386,0.0014321094325772201,0.0005880362430969674,0.0020517466088228
0.0023653290139772497,0.0025305673683041377,0.002688399469283975,0.0026142712900296575,0.00065350933505838,0.00049150906665212,0.0001761603123142
0.006404094134565267,0.007066669110714475,0.006254183138815025,0.005429512225069458,0.0006896820633728888,0.00059682228384546,1.122481562435e-05
0.012137449231806518,0.012166094778171925,0.0152186240163815,0.017321322284444083,0.006532972083665581,0.005125706368639019,0.0033834260901067
0.005616009678318417,0.006716067450098812,0.011443848648379225,0.012643808644263458,0.006719937250829601,0.00532871066999706,0.00451431165175035
0.00011939832158788844,0.0001310981411243125,0.000214713903476775,0.00025324468612027145,0.00015234730945745998,0.000128930998571,0.0001084235215907102
0.0002588223646961666,0.00031271312776037503,0.00039747637023584997,0.00047591444064884285,0.0001707058847797,0.00013763629082822,0.00011481319236436615
0.0022159172858836162,0.0029442611815465123,0.00669385875961625,0.010714819200007913,0.0008201828347940199,8.395523590928961e-05,0.0008422299558244501
0.00024309076960768333,0.000278304504825075,0.000417834251301675,0.0005410754059374715,0.00029721881647954004,0.00021848460771546003,0.0003482260771444
0.0002393565446989558,0.000221761722687025,0.00055734342677625,0.0011603411995279428,0.0009235370036757,0.00047073316367901997,0.000563771662863
0.0002902092051943,0.00030583290502042505,0.000459810894218325,0.0005918120069642,0.00026146973526166,0.00021098976435732003,0.0002431518374662
0.0131468261863693,0.014019207902854486,0.019848750922730675,0.02001321642002793,0.006699560520742061,0.00616144667444286,0.0047670174775342
0.002145929360099533,0.0026345870761252874,0.005372023205152875,0.00985694810670707,0.003978747571568219,0.0016611304576936998,0.0066263913858908
0.0015530822863443333,0.0016859476517623751,0.002528161723161475,0.0031995964687457,0.00115000551039678,0.0009435440839698601,0.00100302494863435
0.00220269778436905,0.0025281238064291628,0.004867390104676026,0.006002373105233557,0.00304066281092434,0.00239664173623538,0.0019686147364116
0.002846271878507433,0.0035044326405665746,0.006177432303583125,0.007705510270702557,0.0056133858439104,0.00527732808166656,0.00386475243429855
0.0001870088426477,0.000192265269877375,0.0002498074402542,0.0003283620824838857,0.00012193467888254003,0.00011183437467735807,9.789745117401165e-05
0.00074648822234695,0.0007266477633418375,0.001208584013329975,0.0016705109563128712,0.00078560048631266,0.00061107008626482,0.0008129675529408001
0.010577288415118166,0.011803558503384036,0.017048305359848873,0.0223023363686479,0.0028639516572556605,0.0018970778101460202,0.00359457649957105
0.016362110480478,0.017135382672671208,0.02494782258673665,0.030153408177629768,0.010760982207109679,0.00740246843390756,0.01450258330196315
0.024917693731235483,0.027156659523170826,0.0249224033486177,0.023279611823968555,0.00618102005997714,0.0057920443426869,0.0022983311062635
0.0060396918088321165,0.007726541907655138,0.013145906444922074,0.017693629914629826,0.00742386037761356,0.0048420816799275394,0.0058210462957822
0.012839152113194219,0.014110137928328314,0.024713277385103448,0.03744395666278015,0.026099415193643283,0.019245773566355078,0.0593538713941095
0.009182770787985434,0.012935139165204362,0.021000522995160274,0.02937253174332109,0.012509367138428141,0.007433643513719,0.0157061003745614
9.205328744684283e-05,0.00010931204462492919,0.0001621332203695,0.00021005291139011427,0.00015500836769974,0.0001326800153533,0.00010316301001742874
0.0074501436648519844,0.009214916381591826,0.010411546454260002,0.012194630733794287,-0.00037155309561279996,-0.00017869411197002,0.00073778518277475
0.00028816840693846664,0.0002908230494774875,0.00043860433762569996,0.0005995883815838428,0.00030943193034292,0.00022190361308930002,0.0003657304482464
0.016034558711479737,0.019050147004284725,0.021754577698435126,0.023903862858339085,0.006587681113291499,0.00519871913357466,0.002593077573079
0.0068757616016476,0.007911346188508925,0.012545600527689126,0.0159184960965148,0.00804957069099624,0.007044870980605081,0.00529413412666505
0.005780718282864351,0.007199783682729162,0.008920883142054525,0.010671862478436,0.0003837047285807483,0.00015238050406266994,0.0002140797078077
9.116742845012315e-05,0.00010080536513080915,0.000165162283953425,0.00021450046554375717,0.00013841941730008,0.00011190567605304894,0.00016761338891475
0.0002515931828565333,0.00030821618686544997,0.000472833882245325,0.0005645610949710857,0.00026843932262842,0.00023016273493242,0.00019336534802909998
0.0011178224115712333,0.0012028682669692876,0.00194443691551555,0.002516403585457943,0.0012652929461462402,0.0011133999807620202,0.00148124796468225
0.007580725061084249,0.00911831951824725,0.017593240777949798,0.025969960561676442,0.015500558636845699,0.01092237341355544,0.0292678161507805
0.0022360799736735504,0.002717692189899488,0.00388238162326275,0.0042561635167387285,0.0011803228639774798,0.0008998377904490199,0.0010256668521286
0.023565808976389782,0.02712587353154865,0.02812074531525055,0.0287164549456559,0.00872740788342798,0.0065246189345411,0.00367084677456205
0.0053486697890418175,0.006936514842306613,0.0092697538779901,0.011322270475261445,0.0038012512959133596,0.00315774599062186,0.0031532738437584
0.00018937499063446668,0.00024656678329508747,0.0003371058574434,0.0003621435373602857,0.00014948566726386,0.00012150262951322001,0.00015171246734190002
0.006804370638526117,0.007041801635524976,0.011800017820983026,0.014930801380129973,0.0080340920032475,0.006116041563252199,0.0090860970239743
0.0006343047367826333,0.0008157347237274,0.001739130979064125,0.0025882816977732715,0.0005409220358254,0.0004570856108875599,0.0001889018454283
0.005259736789724967,0.005943780140865763,0.008716670996282476,0.0117653622327326,0.006175318824580641,0.005228878309071041,0.00596846634039205
0.0002776513272883167,0.0003304646146356125,0.0004694362110649,0.0004939180628213571,0.00023445932159498,0.00019838010062866,0.00010285608704359726
0.005057028846999283,0.006849518760788575,0.00983079071127735,0.0106273210600325,0.00303348240116732,0.00301698096892286,0.0019791171346517002
0.0018803862724787335,0.0018856583914584,0.002594788247869425,0.003656199478000186,0.0016374446975434402,0.00112257816261406,0.0018956991091130001
0.00013381514911853332,0.0001643690536856375,0.000335736130521975,0.000814997145023,0.00016180569580708003,0.00010966802229605904,8.611939884461785e-05
0.007651035166304149,0.008603845435258937,0.0056925775394072245,0.0044632748019399,2.864660947788536e-05,0.0003259781286661,0.0007033498037745
0.0132237334311537,0.015342788513693187,0.014707154378114401,0.016834192173390456,0.00093158442070406,0.00099537365966328,0.0006671591818514
0.0015504481168566167,0.0020555541177396247,0.0035248959395071996,0.003990880967925728,0.0018167782890683,0.0013799919933263599,0.00111819155620715
0.00014456539491676667,0.00016275012829867501,0.00024180710669897498,0.0003084846642574857,0.00018269291722202,0.00014734356888340002,0.00019211589052
0.0021101606737082335,0.0026503223331310623,0.002671119834556175,0.0026399582494785285,0.00019028566177046693,0.00029629235321360005,9.939414089297786e-05
0.010939739175201716,0.012600330756636776,0.016916763942640425,0.021869390571975,0.014668330573869301,0.010894953030945061,0.0119200013640814
0.0011874409900416501,0.0013991575161174626,0.001621498527302025,0.001615021497967857,0.00030088191206648,0.00022811020040814327,0.00022406457336185002
0.004573757487203466,0.004769069734354801,0.00758712365109835,0.010613076007580487,0.006472064784406821,0.00464308892043712,0.00687013720164475
0.00023653579581321663,0.00024000183589896254,0.0003623325976694,0.00044448902333437144,0.00022845061705864,0.00014553689746530572,0.00017161866971165
0.0002301730904236,0.000267286093736825,0.000343801892671075,0.0004314432136714,0.00020514038591345997,0.00014106459217504944,0.00014577582146460002
0.007557785384310301,0.009796426074585939,0.01587760732900115,0.022599561103153153,0.00498920284269784,0.00343400182652024,0.00310456391616575
0.00015054970771011665,0.00016167788718665,0.0002227027134768,0.00031788628669014284,0.00014114582604322535,0.00010003460342421812,0.00016565232923374998
0.00018132830211875,0.00018371893716663748,0.0002997516148068,0.0003867659639061856,0.00016670604133562,0.0001274835435782876,0.00016416091299425
0.0008270689677772332,0.0016883976028868,0.00654755929448455,0.015417987593497415,0.0068100143757704205,0.0040758160150951,0.010209808693985401
0.004313356655308983,0.0057324653080506995,0.008579160904252375,0.010675243585446028,3.9175074078999984e-05,0.00034854255663608,4.0713535999300006e-05
0.00010461896111293888,0.0001304141228077,0.000205133265216375,0.0002782502911623286,0.0001577812910429,0.00012367437202794,0.0001900850996952
0.010903447262832584,0.011459376415447212,0.0111069905196569,0.01105250217738253,0.00185279802709826,0.0016679029487953398,0.00133156067921945
0.009202050267463019,0.00969049595556835,0.014371418262465276,0.01630125810661896,0.00680378069381986,0.006089636549175781,0.0039384491386731495
0.0004503111820364259,0.0007784352984069375,0.0032913802031175,0.006467269411162414,0.00039906901381171685,0.00021071370217915687,0.00038128404348635
0.0005206588222301501,0.0006578385816269124,0.0010925311094172,0.0013735681605452714,0.0005595755116135399,0.0004908962326343,0.00042572493049795
0.0037204968334216167,0.0041114387781122745,0.004533440596011325,0.004823840749822843,0.00034193370477618,0.00011978509512524001,0.00010603567848796173
0.00021184726273415,0.00024145893460248753,0.000389360726108125,0.0004705474914611572,0.00021623075979274,0.00018042619401516,0.00016476051294055002
0.0021263592666643833,0.0021876283538711126,0.003394861066101,0.004342806987808543,0.0020242401959631004,0.00153233921553204,0.00158727811979945
0.00291437635640715,0.003634498511531663,0.0064609480179777,0.007719840766854428,0.0034913809718790005,0.0027177853872481,0.0017449519436197
0.016637293025259934,0.0170231698509986,0.0204615136448822,0.02630849147156269,0.00957729059530334,0.00760241392256634,0.01117598296259615
0.00014311754494693334,0.0001863460543986625,0.00027392160197629997,0.0003627375105762143,0.00024510511033142,0.00019032011734571998,0.00015263876816215002
0.00020156694409615003,0.00021476241796367497,0.00032370119249402503,0.0005763157477063143,0.00022031990662720003,0.00015883255744523773,0.00014752560132845
0.018571457830137566,0.020566062419213625,0.027977574470464475,0.030966621547674343,0.02333840574992852,0.02172482735010902,0.0139685650475249
0.000132401519389144,0.00013760081391533683,0.000217621311977575,0.0002905709241880715,0.00016964666587474,0.00014206012793584,0.00018577561184685
0.006391878681491585,0.00800392037017741,0.01205553039562465,0.017653946427886254,0.0009662005865617,0.00043380632933062,0.0005504095740951501
0.00010940778819015861,0.00010512963319240293,0.00015820796085547502,0.00021255623608561428,0.00010943900030714487,7.720620197056844e-05,0.00014009509098015
0.0019255394881546337,0.002163700103538275,0.0037086435069069246,0.004695880836352915,0.00245003818617138,0.0018036233573288998,0.00251943519658635
0.0010169295137594833,0.0010616597612271251,0.0011828921065878749,0.0014056762233624,0.0001846398358984435,0.00019870560870408,6.183946105317614e-05
0.03077990890294077,0.0326825748171449,0.02912037595205165,0.023525607738706687,0.0033589057161967804,0.00448398933847406,0.00251984407889875
0.00420526331056735,0.006022220605446675,0.0101720239421965,0.013478872424578344,0.00255139245817218,0.00238439406563552,0.00079955379658695
0.005395907717218267,0.0065224626456731865,0.01011077234905315,0.011257596406600958,0.00419883409546476,0.00407367127710002,0.0012044935917805
0.0008882935064979001,0.000907698865945425,0.0014154149411935001,0.0018222721247201715,0.0007489455853407001,0.00057992649692056,0.00087916848819135
0.009020070727330083,0.010037236755599713,0.0132102554149344,0.013006767264763384,0.00268589954751172,0.00199547248658658,0.0019732640261567
0.00036439774935298334,0.0004562639492008125,0.0008110829216148999,0.0010077740642672286,0.00059701401941724,0.0005348913742197,0.00038610706684020005
0.00650681758651855,0.007353767033099062,0.011621119542112925,0.01488157707338697,0.00869315387772026,0.00676752839911046,0.0084838126748687
0.007874758512403367,0.01209394091308655,0.021166322526603477,0.03436830468220091,0.025156972349240782,0.01636686152363984,0.06509254291912615
0.024784407445928316,0.02662984026803861,0.02326551324141085,0.020432845916855243,0.00494825829599482,0.0021571526094606,0.0018781353201914
0.004601778574963,0.0053863208468009375,0.010154716282222476,0.0121521862639376,0.00959704420563672,0.008008435527074701,0.0057829040464802
0.00031899789039393334,0.00036690285834988743,0.000597978560453975,0.0006688262624061286,0.00025299077962478,0.000207375205779,0.00016001459973673048
0.0005108773667681,0.0006361060098224376,0.001266137474800075,0.001518586802350357,0.00105336409473226,0.00092739040795218,0.0006822583646091
0.0010998824058124168,0.0011248898650066876,0.0013079870890195,0.001439357699912457,0.00013337630165039462,0.0001490897262000146,4.918806236546797e-05
0.0006278814654887666,0.0006519841069593876,0.00096919857841065,0.0013380607103698288,0.00068136005776474,0.0005671157216503599,0.0007686892449341499
0.00010720180181900531,0.00011681966001956531,0.0001737813797013,0.00022702677957821426,0.0001285311413041,9.949693781165152e-05,0.00013614459285395
0.007261939382681717,0.009336775750126302,0.012094409283106775,0.015204841401189616,0.0007563742788787801,0.0006477602630206799,-0.00017428482749909998
0.012926632834262318,0.014182019331861001,0.019736968252398776,0.02450983208535214,0.02011988534159712,0.016916072299104738,0.0138954495293753
0.008586140827584866,0.008908765972024162,0.014225878648566524,0.019424681253161526,0.0052456094785874405,0.00397075956815384,0.0063352661171383
0.00028714452476569994,0.0003199728636257625,0.000461599092334575,0.000620350363353,0.00032346088478268,0.00027097545352095995,0.00034670184716859996
0.0001559841325672833,0.0001662245308811625,0.0002855612639019,0.0003630103545991286,0.00019081726317192,0.00014492245745108,0.0001978385162388
0.00014619135401286668,0.0001385758761689278,0.000240107646161225,0.00030340127546974285,0.00018086215304165997,0.00014779924403576,0.00020228155175795
0.00024151884371465004,0.00025304549444120003,0.00032555140715062505,0.0004736308591576286,0.00024077232682155999,0.00017265712778536,0.0002331854200192
0.0012144120840969,0.0013261054448363374,0.001761625497621325,0.0022389931157531426,0.00073982768746548,0.00060014158107158,0.0008641889571382501
0.01577614600218288,0.019578154383834125,0.0231861399170533,0.026020256463205126,0.00984712345268082,0.00680456885371832,0.00495000652293125
0.008797386291833867,0.01010315281453436,0.016991530643212724,0.028075860262753945,0.01204495855422818,0.008032477181137419,0.02059418908446175
0.00017086049117103334,0.00018056624472178752,0.00028494579124319996,0.0006668709516873714,0.00019708145295964,0.00014076095683950002,0.0002239287412415
0.004311515087292666,0.004606344043458849,0.00609988897340055,0.009127618513003572,0.004353284371933981,0.0029970434882747605,0.0045737103975264
0.00033954874020028335,0.00041562824495781247,0.0006570292816115001,0.0007363819234833287,0.00041462364179404004,0.00037150114704780004,0.000268143605741
0.0006688095080912334,0.0008333442184818875,0.0011809461771775248,0.0016670624963835427,0.0011357650991196601,0.00089885635421042,0.0008756453012429501
0.0001244764745608551,0.0001406713793523038,0.000207501698093525,0.0003039370282806715,0.0001541445609716,0.00011824909026497999,0.00018789880821005
0.0010820742988227666,0.0010196154459218875,0.0013415234641026498,0.0016223844900400144,0.00053903030516864,0.00036338809944156,0.0004980027637188
0.0006147783303965499,0.0006639597509947625,0.0008263178023035,0.0011755946160815285,0.00045253592222028,0.00035010325572838003,0.00040106579982610003
0.0001270190325067508,0.0001499648113612213,0.00033298121566375003,0.0009304663478018857,0.00034524625923962,0.00015894135477253997,0.00064282435183925
0.003447015937134717,0.0036469775282387505,0.005907702701959349,0.00716522714600133,0.0034335676677782604,0.0024681158025054396,0.00308972164528405
0.009592350987144567,0.0116386103060265,0.018150901008728973,0.022027818586398185,0.01744074131949604,0.014870391220135398,0.012218203118036449
0.0004001246802658167,0.00047416997388852503,0.001013899908911725,0.001668498448310757,0.00012741884260650396,7.186393303007218e-05,2.8179898248252142e-05
0.0007296993744392499,0.0009090560417189125,0.0015973445583336,0.0019612316460190715,0.00100757276658902,0.0008949571221898,0.00092623034625845
0.00819104190166275,0.0098504293817975,0.013704709183548224,0.01545641616993403,0.00399677481602246,0.0037855800045360002,0.0040617793577136
0.00048672868707715,0.0005871585976439126,0.0009735377285675999,0.001177396169143,0.00070201408638902,0.00052582846344744,0.000586823121041
0.007948670148210516,0.008689208443009674,0.012811804433990975,0.016545307883986088,0.00936480662764408,0.007554791064885999,0.00692608725217225
0.00010551343087787718,0.00012963491177578663,0.00019697705094395,0.0002735410847479286,0.0001617735240138,0.00011231043096972032,0.00016174541799895
0.002216545744372117,0.0022955802403052624,0.0030483227079144,0.003422204289668143,0.00114694830409188,0.0010423180451254999,0.00104881762554485
0.0022276853576055165,0.002332570436693812,0.0032316402391064,0.0037291694945243994,0.0011780068002557602,0.0007694406798825801,0.0009393319458626
0.0014160217317029167,0.0014665458346521875,0.00248508246613695,0.0029185998229496572,0.00140567081831658,0.00115356976434286,0.0010973250299709499
0.010493893799534084,0.010793780596778787,0.013516546048531725,0.014062840835434912,0.0031301433066227404,0.00280838726011424,0.00215797032549305
0.0005255297616862499,0.0005633617419404375,0.0008663442001308,0.001128688035398943,0.00063482385150156,0.00049631982586056,0.00053432688207405
0.0090489814179284,0.009806501997633025,0.011167367952931277,0.010382866838870713,0.0015524063690778398,0.0014834332099063802,0.0005069901294344
0.0045463110635489,0.004474567102959375,0.00581763011636815,0.005825237993077257,0.0013835488386284799,0.0008005838849611801,0.00126377962018045
8.504037334500897e-05,9.013859830712735e-05,0.0001514747820033,0.0002114813626909429,0.00010698374179758821,8.369497059712263e-05,0.00013751632033995
0.0005406498951617166,0.0005775876626786749,0.000827189180279675,0.0010368440897629428,0.00046110378449574,0.00034850431570125997,0.00041570497201045
0.00014728077224283333,0.000165177114091325,0.000223321978359375,0.00028398786454319997,0.00015853593329974002,0.00012654096766181997,0.00014341149455290002
0.00011434905075576156,0.0005289372658781741,0.00241958127686615,0.006955310027133171,0.00240256125352628,0.0010987384968429597,0.003590591028656
0.00036792632887983333,0.00034839091556780003,0.00047607391207045,0.0006267887467332858,0.00026875103694858,0.0002272273233129,0.0002381470109119
0.0002721849514903,0.0003006342716749625,0.00042798324089937504,0.0005556718758529571,0.0001941488561167,0.00016527196905768,0.0002324046274189
0.0018776768775800666,0.0021862699125325628,0.0031969363321971,0.0036433261581732576,0.0009735695613812999,0.0008030646796918599,0.00083910947574145
0.018764356219560435,0.022121902942845325,0.025381784241248498,0.024794348210434518,0.008533980946360839,0.00758233413510388,0.00335201422725155
0.00012039180005546667,0.00011006375849408325,0.000188371711391025,0.00025030310850559996,0.0001270975936913255,9.298100150541057e-05,0.00015174957486470002
0.0011554667447905,0.0014045607668793376,0.004164556944537675,0.0076257026824521285,0.0019397166811982,0.0013424643031609799,0.001041242337496
0.0003132873979180959,0.0003320095866619187,0.0009100671738309001,0.0032288291348625286,0.00198945151202378,0.0010638040580781597,0.00165959585181135
0.008136685602001049,0.008157667994877875,0.005365713179140825,0.004570713036287528,0.00034513014373265997,0.00015783881998698742,0.00015106967150590192
0.003673763646869317,0.004000230635589688,0.005875446090258225,0.008344143557735684,0.005829801459338919,0.0042917820972797,0.004953860029516749
0.00491761354220375,0.005951759511277363,0.00886389141747055,0.011694499324941958,0.0073302642705857,0.006233328711110981,0.00794249423743905
0.0015951664693371833,0.00173702794503935,0.00190455228967795,0.0021884228756953858,0.00042273715994054,0.0003113010164954281,0.00017583770209812284
0.01872989683280187,0.02077183860437167,0.025702174625847923,0.029434370423978513,0.01841686915821966,0.014638035600158139,0.0085429247388821
0.0013325847425290334,0.0013561279273182002,0.001973340176267725,0.0025355052104960286,0.0010438513194634,0.0007826762670249,0.0008302145140498
0.003035464826278767,0.0037672213262693248,0.004468125734739601,0.005076789415943128,0.0009787865549732802,0.0008841317698477199,0.000322486496836481
0.010932635494703217,0.013151634884013826,0.016468914898654926,0.02171814993622424,0.01338001092003118,0.01172036571220134,0.0072110050117027
0.0007302923297933667,0.0004992151695785774,0.001359325892139125,0.004553633026704257,0.00264352302278918,0.0012601718591301598,0.006985890384167651
0.0046787748821492,0.005136454663632225,0.007484822171329824,0.010163181528165657,0.0052114068787630806,0.00466802528343586,0.0037664234265943003
0.0016630677503910666,0.002034794631466075,0.0032247468228101,0.004310424240197714,0.0005853487025428401,0.00043073663554398,0.00037863776587965
0.0017887905620783667,0.0023849123372462126,0.003918398412408125,0.004920649368499486,0.0039109365930765205,0.00318767926067752,0.0028608774284416497
0.004690996357872683,0.005239772703200637,0.007466790761560925,0.010943351482927771,0.006304049284520599,0.004157771929791479,0.0066990415902105
0.0101031671380723,0.01299443297566306,0.018442588870188424,0.020123068505939957,0.006520364056455699,0.0054827419171245,0.0024261398333357
0.015656443895514547,0.016032300678908824,0.022194633811812997,0.025795255369302075,0.01576995155963168,0.013328650960066999,0.0086179708684499
0.03356885291769258,0.03670184177206525,0.0315117559009856,0.027631081773251343,0.0058361241864252995,0.00427817694972434,0.00281178717591065
0.0018321415903050503,0.00191633729873925,0.0027011935070095,0.003998205362472143,0.0019101946172363799,0.00139325410805888,0.0025909474035902998
0.0004537937248498501,0.0005172484138175375,0.00069119964581075,0.0009107824824425714,0.00041537571100436004,0.00033431134191591995,0.00033993831763465
0.00015419739333538335,0.0001729161267618375,0.00030041929359905003,0.0003832873198790143,0.00025438519641418,0.00020385165153382002,0.00024207425553359998
0.00907528095926685,0.010342797705464125,0.009069670057959826,0.007856077345391642,0.00058406806535482,0.00032808261782894,3.379815889321563e-05
0.006743493276629484,0.009865211743439338,0.016775684351923826,0.019169361229671982,0.01241939332005898,0.010598097794732779,0.0082547883419319
0.013460964639797582,0.01475175992686761,0.01475579601356285,0.014800898274663415,0.0032392754723758604,0.0020738417715338,0.0007180370091149999
0.01704610134755302,0.01810258383609186,0.02311193548145685,0.03634945299786564,0.02277079723989826,0.015073491219027079,0.0521259323434794
0.004483707600816667,0.004957446323915087,0.006838632006167324,0.006327611406185242,0.0015395182494507599,0.0015039562919083,0.0008279157374242999
0.008920871882045784,0.011345229787314724,0.018084704465880327,0.021415468042461715,0.0157037353007494,0.014033845771867278,0.01361915581661015
0.00022165722654131665,0.0002789056698422125,0.0004042320877076,0.00044235775147737137,0.00019130757531104,0.00017501262419656,0.00011650823811148383
0.00022812460097143333,0.000229615778625325,0.000405455001416475,0.0009997039954977572,0.00025503968137448004,0.00016329523742055998,0.00037942872875255
0.0107841400590189,0.012860577726754589,0.013145923988753949,0.012863704274772259,0.0019866385329244405,0.0009168751753975399,0.0012981465160141498
0.00017154570396483334,0.0001921810034047125,0.00026783807769375,0.0003523654957647,0.00017039007402304003,0.00013780170598028,0.0001474009220589
0.0004713850114868667,0.0006191303205846124,0.0009355464460023999,0.0011100549939323284,0.00066871547873298,0.00060550843318288,0.000356114162223
0.026891330105175335,0.02875542617237279,0.030138829434091526,0.029087947130744116,0.00652697526278732,0.0045922254913522,0.0043306308878367
0.0038318357473263003,0.004804328865337487,0.005793601353790775,0.006357100369767799,8.687264433428358e-05,0.00035709210177265003,0.00012282325267680002
0.0007078033870692165,0.0008026571001599376,0.0010650565282305001,0.0012529883261412002,0.00021027531802456003,0.00019294873016288,0.00017115492461635
0.0024738824351448,0.0033683535568800995,0.005511451470233601,0.006277762086988057,0.00322152348132542,0.00258768732904804,0.00193483509890725
0.0014081342635950333,0.0015350649173840375,0.0027796488784583248,0.003320242485286214,0.00202386643778112,0.0016632500131674402,0.0009826696842623
0.000332271146915471,0.000632998708822775,0.002723034031190925,0.006830940644962542,0.0011993099759205399,0.0006068938947237481,0.00187920245774045
0.0008964795570662833,0.001004846747005425,0.0015097838379067498,0.0019721765196045,0.0008020579955685999,0.0006218463158517401,0.0007456890438704
0.009654864890365766,0.009511890251465137,0.00885505497982135,0.008398311073056214,0.000710381298169435,0.0006477854763659151,0.00049632794369875
0.003613275612753817,0.004133973845776475,0.005709831768599199,0.0065652645885777424,0.00255086762136028,0.0019458935049306001,0.00169519925552285
0.0014191702769127002,0.0019588751364566495,0.0036222029731754752,0.004554418359388114,0.0028873125858931,0.0024078838247191996,0.00195014753916495
0.00011652222665431667,0.00012219402051530655,0.00021644204251712498,0.0002552266982259143,0.00015817140800580002,0.00012775713189526323,0.00016719779217585
0.013119070144951383,0.014964717397691037,0.019769881701448874,0.023714856002483357,0.011767480943171737,0.01011325614740318,0.0088432805816894
0.0022193492034438666,0.0030043400429227997,0.004647810234633175,0.0057996403570384145,0.0002867282734104705,0.00026651330613060927,7.092886737687166e-05
0.008222610039929168,0.010596233462528488,0.019981525550295802,0.03258482014162384,0.02109133654511694,0.014048908313786782,0.04747903061125485
0.0001445290714493667,0.00017509968943904997,0.00022364214106417501,0.0003246743095972143,0.00016668420966955999,0.00012915810348358,0.0001619203420571
0.0012230533484253667,0.0012504732808496623,0.0016168447282697,0.0019577518529254713,0.00075819376019444,0.0005913364002248999,0.00069482901797425
0.0036597637279958163,0.0043859694988665245,0.006061687516061675,0.007913903482654456,0.0023134728625373003,0.0017839227963538401,0.00087571362059775
0.0013528997675248669,0.001534639640897775,0.002358601135164975,0.003199364524581414,0.00194497532063152,0.0017373736653142,0.0016260315625101999
0.00011454745897958708,0.0001370701994437125,0.00021415020871405,0.0003020218297545,0.00012777895793028354,9.764353042366735e-05,0.00018015064506915002
0.00030161656851838335,0.0003140392492744389,0.001881108839659175,0.005950230484343529,0.00400327874439362,0.00226332133501272,0.00464451894139855
0.00038248256364583336,0.0003891913717863375,0.000558515799811875,0.0007537975982988429,0.00034442282307714,0.0002621980178212,0.0004013889737307
0.00037783413199043335,0.000401532512332,0.000584883889581175,0.0007698016717411429,0.00021525605740938003,0.00017780514688297018,0.0001248566548107
0.017649316532760067,0.02010668337059455,0.020398310192415774,0.01877232746298749,0.0035572926493549996,0.0035806598128396206,0.0022254055926027
0.0009984205042611,0.0010145768620335375,0.0013105141643665,0.0017764881276371143,0.00096175824291644,0.00070546105922532,0.00095556325354105
0.002366297538254134,0.002574089890258413,0.004381865410337726,0.005525367639979658,0.0024605994320526597,0.0018360296770785999,0.0023004971472748497
0.0013154611863634331,0.0014170952625004252,0.0020027597422403497,0.0026743051918452568,0.0010373686469190599,0.00080462027962206,0.0009123804949027
0.0036729381251610666,0.004073862164974275,0.004395195906347274,0.004032798925982785,0.00064060813597014,0.0006012347198267,0.00031606576844535
0.0002489332158652333,0.0002435731476549625,0.00036742826167217497,0.0004179734813101142,0.00018075758535402,0.0001402760579778,0.0001759223664847
0.0001227720455129709,0.000124438806382275,0.00018873585823865,0.0003096541690931571,0.000152189754351,9.929681158115043e-05,0.00017296130436675
0.024456055167428385,0.02695737983757799,0.0316461045667105,0.03196611140547415,0.00930483679444654,0.00701448393832906,0.0054353911504063
0.0008000361040388667,0.00088554795177645,0.001347822747215075,0.0017557848428758713,0.0007358545544955601,0.0005434855730849999,0.0006535580140936
0.0045795647569245165,0.0052204080713260746,0.0090346333987701,0.010343791040953529,0.00477566518123746,0.00429420176019712,0.002710806811732
0.02065536519001723,0.021585772013584578,0.022051853508247274,0.02259077431420461,0.005917148753252,0.004731225489858,0.00155161875108805
0.00032687100532515005,0.0003289497997915,0.00041457220663265,0.0005258433233726856,0.00020894788404074,0.00015083588401178,0.00014582712729715
9.858435649701441e-05,9.548426118187174e-05,0.0001407755407335,0.00019169948923822852,0.0001342774710727,0.00011123030892774893,0.00013672684753215
0.00099251119197885,0.00120177984805195,0.0018299820885744498,0.002441703292181243,0.0001961260555992979,0.00010278779558510974,6.068576038396003e-05
0.0007800654375562332,0.001016288384909275,0.001904150375229675,0.002279517479698615,0.0018757540838249798,0.0016830153595779,0.00129838748888165
0.0012509312691953668,0.0013160147349082,0.0014648955463398,0.0017880263604732858,0.00035336658323138,0.00026051186411552,0.00018553329714103656
0.00018115868410844999,0.0001955266368606625,0.00030708673113399995,0.00038872194473812857,0.00017727773510948,0.00013646742219074082,0.00025157894909715
0.003062159656526933,0.0033049828500787996,0.005205588029061075,0.006840050779283229,0.0041229881219634204,0.00306920280414132,0.00389156434799995
0.0089221725128009,0.010823694067685139,0.01708062062282545,0.02470862106009427,0.0057834704857716605,0.0034005473314692803,0.0043945079529501
0.0011500167207287833,0.0012607672357187127,0.00179272421160085,0.002292072360215514,0.0011079904257649,0.0008376033877692399,0.0010603730185994
0.0009074327344764165,0.0009293150949801625,0.00123655042236555,0.0013158238786361858,0.00035711135420312,0.00034080081859643997,0.00016287221208797364
0.00019500801034079014,0.00015542449297974403,0.000940808714856675,0.0033100160793946,0.00162787176730304,0.00092387721144866,0.0022664853416861
0.0034901885472572,0.003959744996826013,0.005237828390781925,0.0061283169281250004,0.00099623245107978,0.0008823542949231201,0.0007583925600315
0.0004802478331344333,0.00056593023920915,0.000835966591522725,0.001200084240596457,0.0007861196841114401,0.00058413828192004,0.00070084900700375
0.0009424412598197833,0.0009394885928209875,0.001353006849994025,0.0015670194780262859,0.0005763244761823199,0.00038048645446024,0.0003877554042138
0.00024435293801950005,0.00024079969746452497,0.00030601117043332497,0.00043529298928895717,0.00015982073430216,0.00011201140165018002,0.00014020882074945
0.00031374039216956664,0.00034841022361795,0.000539127407681675,0.0006695956802143286,0.00029575059981452,0.00023448310402004,0.00027016841090905
0.007931813127538517,0.009374819525014875,0.0163640497330284,0.022414608239806674,0.0053785312587026,0.00307140629313246,0.00218481417986575
0.01025757572701965,0.010854946741834712,0.018228246911081124,0.021654648259850272,0.0152263298279466,0.014291996699816461,0.0115764822981547
7.203296909786048e-05,8.293177364811422e-05,0.00014066661135709167,0.0006367730153040857,0.0005851575370565401,0.00032098582586006,0.00037353666879365
0.0009961839193096,0.000972922987506225,0.001468320936808775,0.0020024789485226574,0.0009619068284131,0.0007973817041310399,0.0012614162625697
0.014048474372082634,0.016098823583288013,0.0200220504462999,0.024856818796794057,0.01747167711023688,0.015310929179912062,0.01183107893476145
0.012974558179182935,0.015285396476159912,0.02216180796547855,0.025448907165606487,0.01834477299499356,0.0167019832488957,0.01257080602150225
0.00016161666900321663,0.000182755764418625,0.00026165654477802497,0.00036747519232199993,0.00024377513730825998,0.00020699359827023998,0.0001875893907607
0.0126140130725109,0.013324895341624211,0.017261010424849874,0.022685710945197,0.0117345463183271,0.00907217595263868,0.00876922363920005
0.0074958114612689005,0.009442055858252989,0.012432373704582726,0.015395659307901644,0.0006990262911804801,0.00013330171245369449,0.00092401099657225
0.00027313310177911666,0.000289232153151925,0.000468410317507175,0.0016483601284662858,0.0003192788783316,0.000190660297997,0.00048870472422745
0.015507622339270367,0.01701482185469741,0.021828095199444127,0.02925246148944563,0.00561729771546088,0.0040036658341974,0.00996730227558915
0.006741109394032184,0.007624524111860863,0.011439320246306825,0.015436275966342314,0.009302841030554,0.008189873970332301,0.0087610783385465
0.00022123333005176667,0.0002796403890896,0.0003795608884439,0.0004103605120274429,0.00016373189021754003,0.00012578771445657404,7.732222581062839e-05
0.00025489643441415,0.0003023310689445125,0.000407748836669675,0.0004555792718860286,0.00018718309067802,0.00015518283720394,0.0001300414031949
0.00015264235622796667,0.00015972111217419998,0.0002382726695119,0.00031473280174575715,0.00017002953564334,0.0001426679224371,0.00014397389532825
0.0180035921974402,0.019524951328022847,0.02523971195796395,0.030821544403120814,0.023517545061592118,0.02047317644313612,0.01861791312920945
0.0192125293937455,0.020648986760732665,0.01690940547551715,0.015413381806917986,0.0017742393652213115,0.00179163830469392,0.0020910922704735
0.0019607097123037335,0.0019689858435479497,0.0025915512309307,0.0025107743747209144,0.0005269677743845,0.00048211210697912,0.00041940232521155
0.00014462797159891667,0.00013999982454852502,0.00019798141191579999,0.0002876001625274571,0.00017230175475727998,0.00012911680350267897,0.0002013959384852
0.0117695850821345,0.012271836916518036,0.022324429469993523,0.03349439089325963,0.013155025414584198,0.00900442379121608,0.0204745884954544
0.008261775219785118,0.010453795205824123,0.0222963194504376,0.029604212323752703,0.027838946360341676,0.01881047219835082,0.0659259746664242
0.0008961757265595,0.000923977683594,0.00111515496790255,0.001320397300342857,0.00030382018861412,0.00022074568048306,0.00017373058509965
0.02443970481183745,0.0289965676023982,0.03384731203321305,0.03185294898569722,0.01025770368018476,0.00763868182879444,0.00787828348185845
0.010335820789107934,0.011223970765280613,0.016086568204298626,0.02119673891369566,0.01333153244421344,0.01096073843361606,0.01392265817308615
0.012687349161886916,0.014183085968690938,0.016715607336212024,0.01757190830648493,0.00410346453327678,0.0032131264640528996,0.0023177030571886
0.016952164576201217,0.02042816403807011,0.027684058160104524,0.0261470950075089,0.007302926430328099,0.007590703986938022,0.0037005064336573497
0.0005640648889848834,0.0006390723557798,0.0009160475855853,0.0012503119305387286,0.00062074307030334,0.0004814298620385,0.0007565742072228501
0.0017885090497711334,0.0018146460434572628,0.0032548571241329,0.004152956292753771,0.0015033654707481,0.001207738201056,0.00181093605361065
0.00019358328588378335,0.00018141987429695004,0.00033039861424515,0.0004085643201756285,0.0002129781579127,0.00017407234860882,0.0002458715423163
0.0001071726150584206,0.0001304151524131875,0.00019567147397535,0.00025861921804697145,0.00016498780217896,0.00015003552584826,0.0001084738308038146
0.0064691012786622995,0.0090857743479387,0.01553972635196945,0.01843842837272296,0.01604927094425606,0.01451933618214284,0.00998622401373145
0.0002931515074087333,0.00030081019897825,0.00042469587714167505,0.0004947837858012286,0.00018971894110888002,0.00017754735107894,0.0001245586993663
0.0013781022216904498,0.0014859194112599875,0.0018727299332277748,0.0022060613371239573,0.00039216414526796006,0.00026073310419726364,0.00015479667511625
0.0005730580265217167,0.0006787316191854625,0.000892533898538575,0.001048008628936043,0.00034559790554586,0.0002703456860342,0.0003072101977064
0.0007560156410751167,0.0008153874972267,0.001149675517721775,0.0016059525542295,0.00074038106499092,0.0005273320939600199,0.0008001767943556001
0.00204354497204205,0.002350871813218712,0.003540384667216425,0.004480388307896128,0.0016776215390572,0.00116460051819218,0.0021160868194673
0.00107581271581865,0.0011245173768623874,0.001718691874048625,0.0021966035585978716,0.0010449527383428001,0.0007827452552643001,0.00060149201343175
0.002058290052903683,0.002444256933681238,0.0033101875243541,0.004020080236589214,0.00046321662380798,0.0003603171053948082,0.00012556052101003905
0.0006518567444337334,0.0007068264564155125,0.0008070052773043,0.0009311954599087714,0.00019578160312039996,0.00016627692775521055,0.00012855994760125
0.007159257939755351,0.008016810299709775,0.012855507722097776,0.016815870157544145,0.01133762201980256,0.01092598642446184,0.00925379349596895
0.000268302740232,0.00029928851029804995,0.00044675241414855,0.0005842729713596429,0.00031981065623516003,0.00026155294336686,0.0003461730743223
0.0004063135265484333,0.0004723336916812,0.000925952803797225,0.0014607742979584285,0.00017558759173667916,0.0001313967078225247,0.00012480537271057415
0.0005484560311889,0.0006246621957741,0.0010613424526767748,0.0012146319783029858,0.0005767744624710799,0.00051862167327376,0.00034211502874255
0.00018460469783948333,0.0001819692933678125,0.00027296965457155003,0.00035990878390188566,0.00016260754251466,0.0001355201851820774,0.0001667759940936
0.00013648472980925,0.0001685623320507125,0.0002295742950025,0.0002947498215629571,0.00013591255541138,0.00012330382256496873,8.030541734118368e-05
0.0019006637616842666,0.002064466572927275,0.004052377948052075,0.004536907016705143,0.00250128336495106,0.0024614136779617596,0.0015286942112617999
0.0076353534081135335,0.009066167475570314,0.013372673428163876,0.014771248810597071,0.0047283329630296595,0.00437229572439702,0.0025670282126683003
0.00048173378289496655,0.0005810928648465,0.0007804249518470251,0.001071706021814943,0.00049750306925,0.00044588740456621994,0.00040452430098475
0.00011479496923957009,0.0001288077736235093,0.00019885426387922497,0.00023490979025,0.00015165158543002,0.00013047633324942,0.00010313493371555
0.0007371879564912501,0.0008787936223174877,0.001250124675816025,0.0014290966924257141,0.00050321480676502,0.00045497432015726,0.00033010355632415
0.008552504340397551,0.009783643495011152,0.017847345841823327,0.026739517935405317,0.009330875660927699,0.00488785522932092,0.01153148099152065
0.0022071971177002833,0.0036106307393516624,0.0062774933808918,0.009233407690649056,0.0003186338444024453,-9.393454211437468e-05,-0.00024850623735204997
0.004671347612686117,0.00623867363255925,0.009036108185963948,0.0137565825648887,0.0005947003207512,-0.00021929852200568,0.00043691704093294995
0.004314568573964467,0.005244430645751688,0.010066325500613451,0.014299084474300228,0.0027603934328931804,0.00188054555639618,0.00228210733738995
0.0011306631184486333,0.0015604279412140373,0.002680081246876775,0.003451316088280843,0.00177074048809064,0.00146924811800306,0.00127439798522475
0.00083002649748005,0.0009216896134906124,0.0013235132831007001,0.0019478292359012717,0.00032041206149178005,0.00035201547092615995,9.915760590106405e-05
0.03051018611856768,0.03393591555042329,0.02987451510940975,0.02609289546683643,0.00513449160283836,0.004700563219359301,0.00108834962653845
0.044368158761071454,0.04459646843381357,0.042768884555082924,0.035097202860609786,0.00746429868880018,0.0057773722065027604,0.00895046139498425
0.00014557386495254998,0.000153952511268925,0.000223592076516875,0.00028828678463019996,0.00015230126005032001,0.00010200815905931264,0.00015063854209045
0.0007640935961845167,0.0007620544524756625,0.001107066096105475,0.0015047761345609715,0.00073246298041114,0.00051705553261898,0.0007088088581091001
0.0011640217978099833,0.0011774271295413375,0.0016230041173709,0.0020459125459073,0.0009725607729852801,0.00051511376746294,0.00075735391889445
0.0016073784348013167,0.001615588681229875,0.00233392068640495,0.0026435418606861856,0.00067357216203508,0.00035601357085025966,0.00039154051103265
0.012825596208189868,0.015498718886478427,0.020394203959707626,0.021203269879514146,0.00578246590199022,0.0046276478384112,0.0022219778069974
0.00014006143149426667,0.000166845758056025,0.0002739406788227,0.00034044387586358577,0.0001838011989382,0.00015110555798628,0.00012231461320595
0.00021424976749924996,0.0002408460328409,0.00033765106788805,0.0004116909052564,0.0002166173942382,0.00016765935830412,0.0002035691843929
0.014820123615704534,0.018353449140743376,0.026073068581855027,0.026086147715849856,0.013266531153248861,0.009752272345031681,0.0058289088434384
0.00021370270513088334,0.000237657416893825,0.00035134073019905,0.0004649938948502143,0.00022584893266946,0.00015655911571095998,0.00020431969794555
0.015312120290110767,0.01607604229098375,0.013866797759372999,0.013192193141322157,0.0014595517242101997,0.00173267475710732,0.0020965428780924
0.0019565265949018835,0.0024470732307579875,0.004031262906400825,0.0051204890174925575,0.00317920047231146,0.0023844687046023203,0.0027720956734087502
0.0017762700383573667,0.0021797986350372374,0.003392892652715275,0.004212928859524801,0.0025147773616100003,0.0021831624224502,0.00189441937602195
0.00019228665960495001,0.00020368240642453748,0.000289002136398,0.0003597577184014143,0.00014617962764853996,0.00010650617911154,0.00016342057284329998
0.012286472667218551,0.0128218267764575,0.014107779439680824,0.014552455154894572,0.00253163715520404,0.0024231366428305,0.00211152968007235
0.0068165296511349645,0.006900892774038225,0.009950018896748701,0.013531848623632329,0.006096555996018299,0.005415725249857101,0.0062679620149489
0.0014889934901121,0.001794439720599225,0.002203625303093025,0.0023819134190523573,0.00030599240276702215,0.00032023936639110056,0.00018751125613235
0.016309245780221766,0.01799433027215455,0.019017164454150602,0.019493725145271028,0.0055161709041318206,0.0038523767137848804,0.002151422708497
0.002670115749820033,0.0038474451573386873,0.00736390946730555,0.008369353036357316,0.0060696772710189,0.00488222273058676,0.00378503069811685
0.0006238447592848,0.0007650464882524875,0.001158476272496125,0.0012481780275133002,0.00040549917361818003,0.00037162689407548,0.00036148814862160003
0.00022630035761020002,0.0002251816756659,0.0003217746293749,0.00043443654779521426,0.00024234427044656,0.00017598682056456,0.00026261274698379997
0.0005416316585157334,0.00065413827169,0.00102984228144125,0.0012169331818450999,0.0005361113055404199,0.00042290564019059997,0.00037918192949515004
0.00028328068081908336,0.000283885754067325,0.000425627658148225,0.0005296139774304142,0.00023390254477031997,0.0001726387339099,0.00024300688454330003
0.0006749653724052166,0.0006959526718394501,0.0010124884345247501,0.0015315969412204,0.00014337104486859391,0.0001989902934551,0.00011286481684756117
0.009252242325798568,0.009667672409680262,0.012246865008856002,0.012879049164142786,0.00367501745127116,0.0026526308689432403,0.00237409182262365
0.0067534267942161,0.006906135224803312,0.010550991904914975,0.012430489815719644,0.00414184652898406,0.00372556214667022,0.00310625624316485
0.0270067012313914,0.027399217364385265,0.022293887491650077,0.01899873794756276,0.0031707165318908604,0.0028988040064707797,0.0005084887598324
0.0043315511082344165,0.0060569029076659505,0.01677333317509508,0.024750962193206143,0.008847492781880462,0.00471685094960924,0.01491674123656345
0.0038417019836682834,0.004749723928432912,0.008055562311212124,0.00983379159234347,0.00455322327114714,0.0035059918863589003,0.00454191538679
0.005110674720233867,0.006245756030791362,0.008720061399285075,0.009870206167497914,0.00253678042984812,0.00206498367340172,0.00188279833518675
0.006038075185735001,0.006754352596422913,0.0059875276637522,0.004639279832027571,0.000519102156437,0.00031081731403648,-0.0003732312028194469
0.0007627870646680666,0.0007576886458138624,0.001619290184144525,0.0037832594853938278,0.0005533458770058,0.00040293012457158,0.0003867453175163
0.0003613211220353833,0.00036843795230625,0.000556918209487675,0.0006595058594467572,0.0002358136845867,0.00018066300073898002,0.00018250360813315
0.0029253769023415495,0.0029642455740359498,0.0049051282024126005,0.007027448022942743,0.00378647061816674,0.0025169306482680604,0.0037660377844210002
0.00029063251054784996,0.00032213135298782503,0.0005964420978663,0.0006787241828061429,0.0004702731932801201,0.0004200685851045,0.00033964198006095
0.008460012360058397,0.008914140408221938,0.01217147438617125,0.013744944113193172,0.004730720788145119,0.0031117041572125796,0.00227175987115125
