b1,b2,b3,b4,b5,b6,b7
0.0010128156283451,0.0010868507599442623,0.0017178968829808748,0.002501363875076057,0.00039017549487480003,0.00036099357122630003,0.0002006068878607819
0.00019306581933018334,0.00022066118719932498,0.00031145172276417503,0.0004105034029899,0.00021799545069417996,0.00016372645406676002,0.0001420987284525
0.007216377297565083,0.007094679753688375,0.01203123699794075,0.01309904021987576,0.004662964810009161,0.00291163888965308,0.004527771165156401
0.00033460639434096666,0.000438156410015125,0.000931049222188325,0.0027172050119999144,0.000879495402082,0.00048764026167752813,0.00287591095501445
0.00010316798099613968,0.00011059182041674283,0.00015823608251,0.00019965252018965717,0.00011304222784196298,0.00010480521145196124,0.00014213694557084998
0.0007333368012537499,0.0008559196968756624,0.0014731965312752,0.0018138931424607288,0.00078855851939536,0.0005821254851893999,0.0007881880545531001
0.00040419280009369995,0.000519283455458125,0.00069724340497875,0.0008095793204183999,0.00019922214951985118,0.00019831307329522003,0.00023637566439355
0.0003227861037010167,0.00032981298527938756,0.00045468748171252496,0.0005688518556513856,0.00034137042862624,0.0002599128355033196,0.00034979903580614996
0.005526152827255,0.007937044131925388,0.015968169870009125,0.018761982844625914,0.015761201890618602,0.013472399516684119,0.01072747294926005
0.003234184905489717,0.005094190938401487,0.00988745684346645,0.01449611155390607,0.0011051698183512202,-0.0007440026036353799,0.0009321866763152501
0.00224635932240695,0.002392943261774638,0.003626412966918975,0.003924503894255101,0.0012924930490405197,0.00103949949337934,0.0013668956670853999
0.0016918248321232665,0.0016162322689866374,0.003097592322068775,0.0033133954521333145,0.00106404397227248,0.00094675436639632,0.0007931847420375
0.005226431500419967,0.00607274515411535,0.00956870401177235,0.013325636431134444,0.007800932347021799,0.006708120468420819,0.0054017596260909
0.0005283262012361833,0.0020988723793246124,0.009386234330515624,0.01738559249912963,0.0108486892236808,0.00565877618696034,0.02420644728537795
0.0017624059483741167,0.002356973399744287,0.003329975851251875,0.004133381489491157,3.5866440253008926e-05,1.1293680674194523e-05,0.0002037999633114
0.00016538324280113332,0.00016707807876293747,0.00024042197721655,0.0003336805639599,0.0001729269002403,0.00012929228156158664,0.00017259491139605
0.018843793034873796,0.019591612682584386,0.02275782324984547,0.023755300606201898,0.006440201946989081,0.0027378979706002603,0.0056338323625346
0.001162698235102,0.0010277461312256874,0.001688180521918225,0.0022590448990254712,0.00123152832003804,0.0010211336834759,0.0013423190418772502
0.0005248964408571666,0.000553778475260775,0.0008754627984094,0.0012021616031997573,0.0005983837327972,0.00047348598920096,0.0007360672482408001
0.005621625923597484,0.00705077717144365,0.013064153483845825,0.018392367143273188,0.0034762001081762805,0.00146525559440684,0.0017937276374573499
0.0011212032428218168,0.0013627109717045875,0.002080860211065225,0.002736012857550928,0.00144162539161012,0.0013114661984475599,0.0019185845477075
0.0005465286882999333,0.0005805426298276624,0.00088826807924895,0.0011173543970183716,0.00050862026776412,0.00038153708703762005,0.0002771348661643
0.0017390219737978335,0.0019705105718011502,0.002935734105804475,0.0028612165924936,0.00090132826916024,0.0007665054168350799,0.0007006280389087001
0.0019677265729217334,0.0032330963766487755,0.007476636900689275,0.0125120392114214,0.0035892835933496,0.00230717193512836,0.0028124917282566003
0.0012500387199567665,0.001406136480966175,0.0018167869740401499,0.002319828783442886,0.00040452195947514,0.00027527136037775997,-7.711068733469288e-05
0.004698188823286633,0.0066874300404519875,0.00980014688781625,0.012555285932788986,0.007409467656550759,0.0055955003272852005,0.00423966289980155
0.0006311596938531166,0.000747933551394075,0.00097714035478445,0.0012657424126837713,0.00054955528244858,0.00046082624254072,0.0004423619599627
0.00443462169435195,0.0052597551821990125,0.0077117481097682995,0.009482478701666686,0.0036132269763693,0.00279731425160036,0.002635472752868
0.011207069136264717,0.011869286230234165,0.0140640264196522,0.018115937915351286,0.006102588694099681,0.0056983495527596194,0.00319743978099865
0.00031015729536878334,0.00043926445323749997,0.0006832522663078749,0.0008556603267694428,0.00038131882813723995,0.00040035345668316003,0.0003114223394693
0.00022267036518361664,0.0002466560678891125,0.00035514996026585004,0.00042711663814044284,0.00020525900929570001,0.00014891348258812845,0.00024850331131135003
0.006004419347295967,0.0071783275409425,0.012658093968533426,0.021583542505959983,0.00610741155980934,0.00381397376567586,0.00592757352368645
0.009247109833528068,0.012351677469425774,0.0177522655386637,0.02365127941293164,0.01115306258341298,0.00746640161185706,0.010581796260376551
0.00016971668179491665,0.00016145456459977498,0.000224276957266475,0.00031207410441002855,0.00018297943895268003,0.00012860129109154583,0.00019603479863349998
0.018149601299927817,0.01873070084038265,0.02211310312655155,0.027068213086266668,0.0034708632504979603,0.00232032033871164,0.0049668564023202
0.00029826085416658334,0.0003573285928673625,0.0007405046325142,0.0017700057956930714,0.00033440320888614,0.00020545707556576137,0.0001977323001468
8.011854919113673e-05,8.171935389469874e-05,0.00012134465125421913,0.0001917127968867571,0.00013022576436443745,8.674396068685974e-05,0.00012467100353955
0.0004337567192192833,0.0004944426109237375,0.0006747282872658749,0.0008124812811223286,0.0003077804888679,0.00022664559802721998,0.000297773390406
0.00023775319703695,0.000281653106620625,0.000378135702616625,0.0004893100842021143,0.00028925570149013994,0.00018309701488811465,0.00025179035253804997
-0.000286973085993557,-8.954422452070687e-05,0.00125915536858835,0.004462742401522886,0.00333400610415382,0.00136794291847684,0.00918555213185725
0.025886443766467235,0.025805719430343863,0.01753184541181835,0.012290768781119843,0.0009468658842863174,0.0008094299850927,0.00062063567696475
0.009493177921649535,0.010800822282064736,0.014538880424674777,0.020599827076373756,0.00218322331716524,0.0009117697377139199,0.00036101244350805
0.00015521648283893332,0.00014174675560239537,0.000229265472140575,0.00029094680335367144,0.00017808722748742,0.00012869030629935764,0.00010324685999203152
0.003496705629264583,0.0037081723688323627,0.00657211742993315,0.009619835140604516,0.0009419193774381201,0.00023030451039880725,0.00090071519564955
0.0004567840979925833,0.00052520077840985,0.000730898558732425,0.0008473241775818713,0.0003725551443918,0.00029506419931816,0.00028533917337099997
0.00994027500737245,0.012484928891942026,0.017374577128918475,0.019629691533287603,0.010925831480348699,0.0092674478977676,0.0064036440330438
0.009651535244262634,0.010407243268419488,0.01364929801568135,0.01992136765432457,0.01228963845123704,0.010391400319512582,0.009845564277508951
0.01889107796591717,0.019869361937137064,0.0284154202022441,0.0260178360020711,0.007852113395881799,0.00857531302493824,0.00674768950332585
0.0011442672070857667,0.0012487993597464124,0.0016849927045915999,0.0020574942272702716,0.0006869032285445398,0.00044162438806872006,0.0005942946524945499
6.482613843269843e-05,7.355087049147853e-05,0.00011964890292847501,0.00016490675430951427,0.00011763858219505998,9.148823814500338e-05,0.00013273486261004998
0.0017531558670578166,0.002553513012153112,0.004377940438587201,0.0047225611547034715,0.00224152083409334,0.00170063658236842,0.0013652990783212
0.0007460499679212167,0.0008889172537030875,0.0015117316347013248,0.0017070844821578002,0.0006528884849592599,0.0006294174635839001,0.0006756826184012501
0.00013536118932048344,0.00014571311330032507,0.00025668660494020004,0.00031110625189229995,0.00019106614464138003,0.00015441037001504904,0.00016752297615655
0.0028244067253925496,0.00417653018892245,0.00855363983887685,0.011954019454367859,0.0012016229541178002,0.0005519009627933599,-4.268913588910904e-05
0.00018172638125911665,0.0001963628254244125,0.00031363916537107496,0.0004111866987700428,0.00016366147387926,0.00012766202710370785,0.0001784400832406
0.00013476671527946202,0.00014416054623505,0.0002162233626794,0.0002916907700945857,0.00018286461726988,0.00015573408056965998,0.00015532906018825
0.005197898037340467,0.00527232781203945,0.012728973491990925,0.020931856706312042,0.006455622832273721,0.00491018267629352,0.01391563223767315
0.00221694556923045,0.00232243667461855,0.0033805942252182995,0.0035701340525338284,0.0012774435084719,0.00107424525047884,0.0007953124786907501
0.004368847490666883,0.0053315876923479,0.010582706905179401,0.013840462925810615,0.00741859560346114,0.00529199480309184,0.0046435002522795
0.00359326902709195,0.00480588076699345,0.009258416212866775,0.014055576638003229,0.00514276705311818,0.0042867238664122,0.0031801046583599998
0.0282454979874561,0.02960481051522989,0.0230410917175671,0.020439732534718258,0.00149435389226074,0.00302566874474758,0.00197870756651
0.00034426098159903127,0.0010808170649566874,0.005492424450115975,0.01031879865514197,0.00408987635138622,0.0019924675240320204,0.00292935035258325
0.017292050043387065,0.019458434732646312,0.024325852565306776,0.030909722032642858,0.024713286060012878,0.02070212338837472,0.017635609810097
0.0024480606515819166,0.002539487007273225,0.0038572421344444745,0.005091824485957101,0.00222764641871846,0.0015587035812275399,0.00194770991928305
0.00021202093240003334,0.0002103520741486375,0.00034285046907545,0.0005097068629152572,0.00024481633046386,0.00018221910829614246,0.00032488157487975
0.00924485056448365,0.0100418815212343,0.011296099782033825,0.013481852410793627,-1.6954923528619976e-05,7.366030551205485e-05,-0.00044873220535280006
0.00042875651723895,0.0004570915529125625,0.000513450800686575,0.0006469617253819,0.00020327121139893998,0.00017589166577804,0.00011545566543595489
0.007362273513282516,0.009860468428361188,0.015449906856313849,0.022637775949537028,0.00362109568933938,0.00225241214902156,0.0027987002083966
0.011061230071561632,0.011572634358044063,0.0147613184538093,0.017235951447744185,0.005733357982242659,0.00421045914307464,0.0060873784930956
0.0013504980433598334,0.0016454025113161,0.002148665524077575,0.002964955968655157,0.00144534873256564,0.00110726036299152,0.00117639333881605
0.0002497256962680939,0.00024042897796825002,0.0003339097724989,0.00040490995578994286,0.00017422617815126,0.00012668410623388,0.00010389574984961443
0.0015767523641021335,0.00199465110877305,0.002466888369172225,0.002682998861311657,0.00018527004805408,0.00013910053864771998,0.0004822706348797
0.00675091357588505,0.008662105215139687,0.01464611945852465,0.020314152690176387,0.01604222974687176,0.01441320803383218,0.01075027420628865
0.00061492713218335,0.0006365902758392125,0.0010198951408308,0.0012353425446678856,0.00043065671140914,0.0003855560427565,0.00031265447937325
0.0002213009460398,0.0002126707423700125,0.000296487677781,0.0003896702480745,0.0001876537395331229,9.849725914107317e-05,0.0002059345579527
0.0007827715298610833,0.0008355885742581876,0.0010730664302118,0.0014841352196023427,0.00043073716656306,0.00025029415016262005,0.00021795405442615002
0.00016770789491864997,0.0001702364884639625,0.00023487858349919996,0.00032789842682169997,0.00017559079328374,0.00012300107741025434,0.00024986289382685
0.00012765084513933857,0.00011964494786512628,0.0001724635350948,0.0004757205487570572,0.00020957696712164002,0.00012152056820744945,0.0005399753638192
0.0007071433860151833,0.0007635903528426375,0.000962693631360825,0.0011770585656290143,0.00038899521253772,0.00035422352440614,0.00032840192381800005
0.0014486550925439168,0.0017245754815732376,0.002039763116876175,0.002876102252262386,0.00081985891976274,0.0009829416166641,0.00101296382223135
0.0017189505002499167,0.0019225351607129748,0.002462148775932975,0.002850405406453286,0.00087953289564044,0.0007803430001530401,0.00043856373566045
0.003756250672778233,0.004129906286871699,0.008696439115808025,0.010428717320938313,0.0060675875683563795,0.00437080912390066,0.00691677168471365
0.004980187889449516,0.005807216469413925,0.00941439128632695,0.011833333576105142,-0.00012285219923637998,0.00048821231842010004,-0.00106544229757295
0.03467496544571085,0.03930847885683979,0.03739064051101835,0.03726035171068831,0.008599605737393419,0.007705496868150699,0.0034117508552119497
0.0084607349549617,0.010821653466841986,0.016937469677066826,0.028209686784483618,0.01745414422814038,0.013300450427722783,0.0437321370263392
9.80056354654736e-05,9.31940711381e-05,0.0001253644830347661,0.00030816337547891426,0.00015069891081071998,0.00010908478766640794,0.000242155677814
0.016807163679712467,0.019058989188639876,0.023072392421803502,0.028756574488533245,0.01587593009823212,0.014325976316805999,0.021485097563168652
0.0005746761808376834,0.0006384926691126625,0.00096930149846535,0.0012928618821764,0.00027736854006576,0.0001999587761590264,0.0001557327543973
0.005131474807859333,0.00535942139335735,0.004496214592741675,0.0035917850453759423,0.00048360209369434966,0.00058475390562746,0.0003400995004507
0.0003754009321069334,0.00042565098979665,0.0005372731463227001,0.0007015807253151144,0.00032844123400219995,0.00025322563697431996,0.00030095551987615
0.0014796034879245498,0.0016280088119236373,0.002029997960253,0.0023135695792267856,0.0007233433134207599,0.00059914671783636,0.0006220073276298
0.00041672006273510003,0.0005235691180092,0.000735228683327025,0.001065696279164357,0.0006139137858805399,0.00050793362467832,0.00047759488412235
0.008819695466454266,0.01196490321505825,0.022733009710047276,0.03535680894102841,0.021785115208052423,0.0135246584355217,0.055133745656505154
0.0018157564830209663,0.0024293471967247,0.0046438183856278,0.008070754232492343,0.0029603625561048395,0.00218222762979494,0.00305437395775085
0.0012766656047675502,0.0021353547592449624,0.0058666870783263,0.009523767803312785,0.00031254997442688783,-8.544847576085221e-05,8.001610024349984e-06
0.002613728203155733,0.0030802174255966748,0.0045648560797708,0.005429856255539943,0.00019145700055618,0.00013476652362185999,0.00023813437640105
0.0024290644041275165,0.00277203610151775,0.00349473384833975,0.004077206484887629,0.0013949856465491398,0.00130659682742504,0.00145423751674595
0.0023973774793020334,0.00276743870758155,0.0056721734666763494,0.006886869637568128,0.00540503553426386,0.0053550760849097,0.0033967014451826002
0.0005229834191432833,0.0007904412727927749,0.001457650684689975,0.0016939202962135572,0.00096940461331174,0.0008791824595320401,0.0008400569190886
0.00921934473602495,0.0101423176655673,0.012215760827834675,0.013287979287039172,0.0007898859660535801,0.0008399647039970001,0.00031174400345489997
0.0007667357634465833,0.0009401102931861374,0.001568257528962625,0.002676030541365371,0.00023172113351165627,0.0001570817395044363,0.00025522909830125
0.002036609107040417,0.0022031312620148873,0.00337258879998085,0.0044625537025138,0.00251736850574122,0.0017225782490891202,0.0027966313538682498
0.00020879002949581666,0.00021778162456255,0.00030919650274839996,0.00040266893857935715,0.00017036351740078002,0.00011730995103005097,0.00014887283767755
0.00037238643795385,0.0004503383208441249,0.000715105518450475,0.0015549270716070714,0.00030230784418628,0.00014280665295723907,6.300616281546307e-05
0.0002304060750280473,0.00035897531303326254,0.000838552750564025,0.0026234950005307287,0.00043414707621406,0.00018379796385175658,0.0006124774816834
0.0009522145575372501,0.0014746472868706999,0.005849277668329775,0.013055580858204857,0.005369707322121119,0.00311522412816824,0.00917325771873535
0.0015956008539768334,0.0015905648442211752,0.0024037399318028747,0.0032774081350746146,0.0016153391461967402,0.00142417460141932,0.00216879394010395
0.0014932316206561333,0.001406227406581625,0.00160472834751595,0.001608871366032243,0.0002951843803222182,0.0002244529155008,0.00013877035649755
0.003752608281964316,0.00380264602421285,0.0055167182059137,0.0062724805852411285,0.0023670435604486195,0.00224181682153238,0.00193141854374475
0.001645710284193467,0.0015402136645928624,0.0026214824292759504,0.0036184596394997714,0.0021253173033529997,0.0011649976676451,0.0014515218831053001
0.009137744664801781,0.011396939850780762,0.017333826309817075,0.022302475740602002,0.0045886759882857,0.00292190851460158,0.00239870453803705
0.008539630448876881,0.008855480798615261,0.0074843808050286745,0.006918023546741543,0.00017771938692989997,0.00013850466251789654,-0.00010360572597605
0.0018696900699529666,0.002067649498034225,0.0034275984423037505,0.003913021961630043,0.0015689180927319398,0.00132499720900886,0.00068745199808645
0.00015724119859188333,0.0001887297610091875,0.000250646073723525,0.0002791852805014857,0.00012039952395582001,8.882779868521849e-05,0.00012511220795745
0.01815757708603343,0.0187691036095342,0.024697136579296453,0.029548332590482156,0.017168722151574223,0.01338329760029722,0.0165045191030044
0.014925340996933384,0.016297969299157923,0.022192378669025303,0.0234683204413041,0.01381255369589146,0.01140912628054536,0.0071121353960386
0.006742321044234416,0.008465669642305149,0.01256941215149855,0.013916559705943115,0.006476493388077101,0.00422481082297986,0.0035140934666673
-0.0003989651919588922,0.0006330780479854625,0.006556171336286075,0.014632196059993,0.008196830379425379,0.00558121203850252,0.01390040876132605
0.0002900800447335667,0.000303405117117375,0.0004405902714949,0.0005690441003028142,0.00019560947724767998,0.00021574781527492,0.0001634066846534
0.0186148183912251,0.019477939474750374,0.020587923572503625,0.019849560157730085,0.0018313936845893199,0.0026122953106118597,0.0010912267359243
0.020566857653170484,0.020437774510704824,0.020456973686460753,0.017521336035834258,0.00213107027336614,8.748544089102e-05,0.0025963805702847
0.00417077343518795,0.004931927504085075,0.0072727561421698506,0.008869774837316385,0.0011911329942450402,0.00095059716494004,0.00171950882584325
1.0433531374549662e-05,9.44362794604375e-05,0.0001488091054653828,0.0011959903208118715,0.00107311566432076,0.00063504029354094,0.0007706048644442
0.004655908243760216,0.00560082150795655,0.00923155938004425,0.011718412451152127,0.0043047914573418,0.0032365908483315995,0.00312053744317375
0.011545036730292918,0.011479193720489249,0.0134962209460615,0.011879210797638387,0.00257155445450562,0.00216420716371546,0.00192441337243415
0.00021764534516995003,0.0002118377779627125,0.0003372692433811,0.0004827822780559429,0.0002676873191426,0.00017298581693569998,0.00030231339680705
0.00023746997087304998,0.00023511186526321249,0.000383994185110275,0.0004983968718979287,0.00031907627763758,0.00023567348813795995,0.0004990054221228
0.0007847253541890833,0.0007956461387750251,0.0009956672712731001,0.001393440475305743,0.0005561567305902,0.00047573752027356,0.00038937059227605003
0.0006938192399685168,0.0008473714428582125,0.0010210623126146,0.0010880048133871572,0.00029748908645551995,0.00022682488440092,0.00017942754635324998
0.0010554174522334166,0.0010586307687863125,0.00157978717229245,0.002154526558356243,0.00117973070312894,0.0009676037473255199,0.0014195494824752
0.0008248074538399668,0.0008678043573986375,0.00128263194413155,0.0021145221044579286,0.00047691583060922003,0.00037502863232666,0.00068442638875405
0.0076787801223590834,0.009109532364712226,0.00739420020446375,0.006475104321731315,0.0005754417631642644,0.0005122353475433785,-3.082891533614997e-05
0.0016588473418671166,0.0025038974536770375,0.008542582074996675,0.018482318142305713,0.010853523981651039,0.00543091771628646,0.028552002849571254
9.656871546223996e-05,0.00010320703658179494,0.00012892095507825003,0.0002007726349392286,0.00012893196643314,9.604902169897222e-05,0.00014727436458875
0.002347190244361717,0.0030681043595493875,0.004817336705981975,0.006248554596093929,0.0030460230179839604,0.0029789460204552405,0.00233121583225295
0.00032798828143055,0.000317993896116625,0.000416868787105375,0.0005780015772691143,0.00027037915060851997,0.00022696111928924,0.0003075160090367
0.00018525983286564996,0.00021203762546666247,0.00034774941320137503,0.00037026817689058577,0.00015342750389002,0.00015508157955444003,0.0001428677514293
0.0020616728507948834,0.0026003974382362125,0.0051378322296709005,0.007260779126191515,0.00024090227709067102,-5.420530923682e-05,0.0006372013510783
0.025108558194315882,0.028609581050175976,0.02590225245799425,0.024426910814327712,0.0040737178688401,0.00387088785329586,0.00483893101081875
0.00035591613342154997,0.0004173978570585625,0.000585515334128,0.000706109798698957,0.00031480332083062,0.00023895213741801998,0.00021430976896275
0.00346570708689,0.0037262568065671124,0.004486504290479925,0.004832812575628213,0.00100591057830564,0.0008865313243590401,0.0007786584700111
0.00043262260697268334,0.00044207272099438746,0.0007405432971978,0.0010476776795427713,6.042251638116438e-05,9.182857858183132e-05,3.663967104398824e-05
0.005850532376357583,0.005814084016749488,0.0063543653965511,0.005911360703261699,0.0011767520144947796,0.0011083331113020999,0.0004974418615459817
0.004064761807048535,0.0046249660593839755,0.0053718941223161,0.0062369402377837,-9.262022164235888e-05,0.00017529772497042,-0.00052422545885035
0.012728840627930817,0.016573411278266413,0.02350154948489338,0.030853454728191853,0.01648376557373598,0.0105978276698068,0.039410462518122705
0.012577108436517435,0.0154794490233871,0.01899590618824245,0.02230889919305437,0.011214382545228361,0.010650352220360601,0.00639644609209175
0.0008055473737467665,0.0008684127492000375,0.001218010331136,0.0016609801463209571,0.0007955618752275401,0.00066251195706506,0.0010001476567796002
0.002444634537197583,0.0028313513929286,0.0047127303478024,0.005556871022536728,0.00219402415285004,0.0017803757196174,0.00146744110906025
0.0248297359911845,0.027425683949874397,0.027253818500975975,0.0276710322204336,0.006532175186881879,0.0065001262467405995,0.003937299110831
0.001101951378636117,0.0010615307850918127,0.0016047584619782,0.0025411215976983,0.00035901408317975817,0.00041613537630739994,0.00024399837967864003
0.0004579273130127,0.00048410781411776247,0.000595039225503425,0.0007362921551053429,0.00023440691629644,0.0002562791410356,0.0001571253072708
0.00090898643148725,0.0009312103537931998,0.000959245159792475,0.0013443439948669998,0.00041978282191704,0.00042495373775740003,0.00042844745998155
0.00010667435869537183,0.0001056882120716325,0.000162007089396725,0.00022489877078374286,0.00011385404644497971,9.61979085297429e-05,0.00017521886527635002
0.0002881568412467167,0.0003394577873434125,0.00046280031391855,0.0005191522151069715,0.00017759829315555322,0.00011977755746242022,0.00014327846931437568
0.00030391716409041667,0.0003400726772484875,0.00047408403401495,0.0006194763117329712,0.00036716769329094,0.00028190305356714,0.00042100081634454994
0.0018029586977638499,0.0018063911375633874,0.002319975634890125,0.0029662512782912716,0.00139036847354498,0.00102714019215566,0.0015113118554356
0.0037744112041477,0.004779014101633937,0.008641494578752226,0.009524406332925072,0.006039771886504279,0.00493549181203864,0.0042039390200000505
0.0031231661158925665,0.004044706761381962,0.00700037507091175,0.0068313684650049,0.00199593864823704,0.0017046624875958801,0.00040749349931519996
0.0001743513371859,0.00018113726520422498,0.000250562541892775,0.0003210737157777143,0.00012250493511901126,0.00012046201766375124,0.00016452704284615
0.0018968040598577164,0.00329536655081935,0.007081666746208825,0.009715175696895659,0.0001730960961,0.00029827436100874,-0.00018582610915651433
0.0018953987878160333,0.0024569939528020254,0.004012502176016975,0.0049672888452881574,0.00248248611705874,0.0019487174770425,0.0011868170010898
0.0004992025284163167,0.00060872957151485,0.0011185547331445,0.0012475359574193857,0.00067159551502622,0.0004936902068662199,0.000715318374931
0.008335521881724567,0.010019293833524625,0.01420708165589085,0.01870712012792127,0.0016644653139559974,0.0006427083894811599,0.0001682963922935
0.0036498264921654,0.003790383618160238,0.00576646236550255,0.008352346241225642,0.00453316625488872,0.0027996295353352597,0.0042785148750538
0.007182941834716734,0.00769717895985845,0.010195791118980524,0.012676501271806613,0.00371115082210642,0.00222860128149284,0.00264650452257095
0.028227130744073865,0.03226076822373671,0.027112321999145827,0.025203574351125968,0.005812524162396219,0.00421939082451132,-0.0019739339461106
0.0002145721032999667,0.00021014552308445,0.000362580806893,0.0004610692384292572,0.00024457822500128,0.00017353951835072002,0.00029909202081455
0.00221996613148185,0.002844424102870075,0.005340770052491674,0.008594560564083786,0.00157411030699342,0.0012582606381470582,0.0009178860135681
0.015302598515328983,0.016830742935751312,0.022794303318028425,0.02803142941063796,0.01815585826907706,0.01678201224285896,0.01276639854053715
0.00015035838903005,0.0001701288598062125,0.000284205450583175,0.00032868634461404283,0.00020946611100534,0.00019853289505202,0.00018366691164509999
0.01648184724996275,0.018737928705620535,0.0198373374522678,0.02382232500862696,0.00460886582930764,0.00236613722751608,0.0008914502785978
0.01471317788453652,0.015590762745368511,0.01505915699544915,0.01596722735817144,0.00328611580681278,0.00341298823028032,0.0013153373647060498
0.0010313879258805666,0.001284178536295275,0.002159831501449475,0.0025903294003888,0.001041394645704,0.0010530289746067,0.0009905032824993
0.002814874523999417,0.003553291310366088,0.004724619997619275,0.0053928753935261,0.00013219921097917998,0.00022461158294658003,0.00017160785583085003
0.0002322603961847667,0.00023744437398543752,0.00036508850083075,0.0004954635946237999,0.00018660613746142,0.00016464927605588003,0.00025080226986545
0.00015258929684465214,0.00017554639568269673,0.000546273221912525,0.0015333798562542857,0.00035415796689708,0.00016818331459818808,0.0005165387731141
0.00034954586125083333,0.0003671034169444125,0.00045180925479530005,0.0007073993214621286,0.00038393575143200003,0.00026374455090154,0.00040844440117665
0.0119147243019382,0.012819914097272527,0.018550820187318552,0.023042601129254485,0.01809753242928148,0.015632522985285103,0.01369950432152965
0.00614880900613225,0.007811068561599988,0.014538406448711324,0.020499437095876975,0.0038527916060514798,0.0015089678887687048,0.00207636620412365
0.004503759790859134,0.0048395409900659995,0.007531619687870751,0.008907864030147072,0.00126038881192844,0.00106838447928568,-3.5462320700549986e-05
0.0089469794972615,0.009383032469834813,0.014553598964565501,0.018742222015065528,0.010393534645045058,0.0092781780335901,0.00788244381508505
0.03788265570418189,0.04053988667138948,0.0408394554377957,0.037638434042030884,0.007483760748198939,0.0058420076711997405,0.0094888559067033
0.005105437227122916,0.005723498217876337,0.009579802625307101,0.011443314479465784,0.004943962682089119,0.00388820951798552,0.0045977490656367494
0.0024655929810489165,0.00296417044171505,0.003601910701337375,0.004240854889175772,0.00069929923685508,0.00047484534488198007,0.0002823485962829426
0.011091111677512583,0.011598788549201162,0.01357137849705295,0.015550716723339285,0.00232346450942578,0.00122237352928008,0.00030376537382895
0.0017848278824903665,0.002139977478959775,0.00306010429475075,0.003807637510460572,0.0015489767743374799,0.00117634097078768,0.0015525447634314
0.0202022973603268,0.022551477707233425,0.0223633812227726,0.024595791096956632,0.00530561565559026,0.00401908208385076,0.0025380351798213
0.0014303459364268334,0.0017733092293514626,0.0024508375331477247,0.002960265167481443,0.00122130692913018,0.00105075400146018,0.0006911867626909
0.0006725342385131,0.00076448363040005,0.0009455573747334,0.0012601749923410856,0.00045568811145634,0.0002985707460044,0.00036891515652560003
0.0003942092295562666,0.0003689450368757,0.00064593540119395,0.0008358458129032429,0.00038782457187606,0.00033409577118938,0.00060186394572535
0.0007217839540282167,0.0007384898397217125,0.0012532424266844,0.0016336530954467287,0.00089186358227244,0.00070598554461064,0.00081196122092875
0.008481379713758985,0.010928016102240465,0.016775916460959224,0.02243305781250946,0.0047301476880002,0.0032588295437656805,0.0050239424467808
0.0009526471115179833,0.0010589827179032626,0.001437336822240325,0.0015926421235130858,0.0005019961112841199,0.00035964898953691997,0.0003669242721489
0.0017291683063592833,0.0018952478606650248,0.0027962720754982004,0.0034028239958747426,0.00093537088234494,0.00068464580829112,0.0005283309506386
0.010194231520865099,0.016473825444136364,0.021686742485671675,0.03527040970584023,0.030201980426898582,0.017285678640614997,0.076392719929127
0.014120448778528734,0.01764731249974345,0.025447023279160274,0.039523541186440345,0.02901646283004426,0.016176006047251522,0.07053328887912175
0.0002431558224058833,0.0002792085555144125,0.0003910073410562,0.0005543351556608285,0.00029974149817894,0.00020437418436704,0.000379329055266
0.003975834948970184,0.004221402120647275,0.006365788668512025,0.007385207473915257,0.00323266023968196,0.00246396523303184,0.0015939786522346
0.0036766254437217336,0.003595763310527287,0.006617177282389751,0.008941353938164,0.005695527619356,0.00419923031061194,0.00488821986212485
0.00038514129044033333,0.0004595284585724376,0.001103062425578425,0.0020501399795189714,0.00010735298149887021,3.78474437153683e-05,0.00016482851773646674
0.021591133423064863,0.023817880126888548,0.0237707487561979,0.022307025422908,0.0026752549467306,0.00224942941112412,0.002021356079097537
0.005529456812117033,0.005805579139918762,0.010654959560073325,0.018318366030710485,0.00860662327734604,0.00610274033780068,0.0238843093813502
0.006107725040589633,0.006029658036409538,0.008688037629444475,0.010467647581695412,0.0032616900286602003,0.00275139482737542,0.0030471114338866
0.00028301543883495,0.00031534468373097495,0.00041602280143632496,0.0008169779915643858,0.00031877697672618,0.00019477117883887998,0.0007476146021872
0.017554177104339718,0.01889032345252019,0.024868711726949422,0.034275417371142015,0.01722533618097664,0.012287446412607199,0.0280618402491193
0.00024348149317811665,0.00031142197717787495,0.000397721143757375,0.0005152609331908571,0.00034120790690234,0.00022558718551646002,0.00036762445159954995
0.0003737040452348,0.000394034395957075,0.00048244788720789997,0.000658618578421,0.00023946375195321043,0.0002215872503745279,6.481886898182857e-05
0.03597928923630673,0.03929618368140135,0.03502067213181188,0.03229834390261497,0.009029050141586918,0.00870870477634444,0.00309739654772115
0.0002484222529576167,0.0002658123918809,0.00036503558542175,0.0004409258269323143,0.00017000998816176,0.0001344622934370031,7.502881633080595e-05
0.016970230614524965,0.02030624555510219,0.02517558055675745,0.02974193889045851,0.023562659618108224,0.0188805301692378,0.0130133800652216
0.0056332156572499,0.006033423169184038,0.013657592054705124,0.024295507565995304,0.01143625280859614,0.00607040221778948,0.0227925469989917
0.0024772148175631666,0.002577607803735325,0.0041110735869974505,0.005554842399006314,0.0030890207118483204,0.0023746779730553,0.0031089438224161
0.015293490586600832,0.01642643775402344,0.02215362454286405,0.02676902993832766,0.019476277478356764,0.017445352088759702,0.01123406174451055
0.00090235978560895,0.0010076755953197624,0.001592340221386125,0.0018936394072404,0.00058103359793164,0.00043935853183251996,0.00039721305205375
0.002864846208702383,0.004134077107089525,0.007111207838048701,0.0103539809451835,-1.542422580289998e-05,-0.00036994049626273997,3.8957029350299995e-05
0.00017784775295991669,0.00016001049056445,0.00022432589126515,0.00029339939884270004,0.00015908997518788,0.00011176907081112001,0.0001943932543193
0.004635663171751583,0.006005385611014174,0.007243012412285875,0.007625258969030456,-5.5341079601652856e-05,0.0002321224765352,9.195326369999964e-06
0.0005769368741714,0.0005916732581289874,0.001080192527498725,0.0013086897744322857,0.00093690454994674,0.0008009592401425401,0.00051214597085265
0.0002303460005761167,0.00020981583369445,0.0003730093721533,0.0005304507027737714,0.00023947699136294,0.00021279107202995998,0.00021775265847165002
9.374446320934289e-05,9.393516246233635e-05,0.00014239485365092502,0.00019241717904157143,9.611910693657886e-05,8.175459709973217e-05,0.00016479394167010002
0.010368867985002417,0.010581696571614937,0.01238025084675545,0.01696912720824037,0.00867164534581958,0.007264869253782019,0.0067107117611763505
0.002140610658610233,0.0019279590662475625,0.003603863957038975,0.006587542726073014,0.0006177174390939492,0.0005652313710057513,0.0003978483572959
0.00032855670514816667,0.00034201282040753747,0.000511181558908225,0.0005068418539679715,0.00022531697658609997,0.0001436660312459,0.0001016998537428621
0.0003553899205758833,0.00038016788360371254,0.00078025296088275,0.0018421312535970714,0.00030540743337484,0.00023899871948512003,7.410878690543712e-05
0.0173587794691437,0.020162972288605887,0.025742580463821725,0.031079617906166163,0.0222352971165218,0.01760694961575108,0.01271564783073725
0.0042335207289982335,0.005437840766096987,0.009156670306706251,0.011114617897906087,0.0048853720059189405,0.004133784835978061,0.0034815332261512004
0.0027430657914976164,0.0030656699367060626,0.004738773740843225,0.006465898196330729,0.0037214942826077403,0.00296429429163642,0.00201802628502485
0.00043848355533568335,0.0004896913086733499,0.000711418733481775,0.0008875834423341856,0.0005824111007798401,0.00041499769636700005,0.0006257911445003
0.0020581529126863164,0.002190957680907075,0.00362012783503315,0.004740440751669757,0.0029755776680998004,0.0023767195781908396,0.0034981911185685503
0.00011492199375647402,0.00014451239817875,0.000172702266058125,0.00024073792310737148,0.00011137156562461155,7.714970168417118e-05,0.0001377139530658
0.00017100204336968335,0.000169703534467625,0.00023541291049000002,0.00033208323797408575,0.00016874814596282001,0.00012417083291741624,0.00017304799429764998
0.00012772619910731277,0.00014316645422211252,0.00022541272922755,0.00029601844363874287,0.00020641734169265998,0.00016181155354935998,0.0001438546373053144
0.0002845748337707833,0.00030054703526124994,0.0004835095154639,0.0005588226275013429,0.00020715315613156,0.00015362866249183998,0.0001993718523943
0.0083576254497068,0.01004422096965595,0.01663916546724205,0.019459880129725972,0.009737511607057058,0.00951562073230974,0.00649753015911505
0.007505561790781017,0.008215392018813513,0.012421151746640074,0.017826751639164314,0.01570483843521104,0.014539219447955259,0.0076279220501652995
0.0021015573687699833,0.0025460229349458124,0.0036662997842917752,0.004469111187254285,0.0014078753205904997,0.00101258308080366,0.0010869238875615
0.0031133877404896336,0.0012969911396251623,0.008814439769585226,0.017480553520693217,0.014021457019769581,0.00769695331045832,0.02403458704546535
0.0030885278263202997,0.0031734843260597,0.004818267056473325,0.005464880862285343,0.0016643129878835803,0.0012757152200066602,0.0012711575973132
0.004622269611392384,0.005273295416984525,0.009853884211135073,0.015674976401489533,0.008551096449630079,0.00664304759336468,0.0087195916124283
0.0087348586670857,0.009313054565679223,0.007264816124039825,0.006442100488557986,-0.0001248938922375,0.00059772200357012,0.00028959442916034995
0.011315703858664783,0.01191840925088384,0.018602296624441725,0.023156849118954024,0.01318846574200122,0.010500045276876261,0.00878188997939575
0.0023423648752954333,0.0026350012673453,0.003788980304703875,0.004676856049160215,0.00175726844389582,0.00161757398910948,0.00137733746523635
0.0006075013127425833,0.0006561269760622249,0.000843489312358875,0.0010720480381277715,0.00016859238125399998,0.0001359749810579337,0.00011302188016545
0.010140525590297251,0.017278442913767726,0.0257617180755263,0.03712931555293852,0.0235160491055746,0.0184127038868133,0.0755127149741119
0.008823069492337016,0.009000870181931575,0.010901649629235326,0.0114322069309478,0.0021173335941197403,0.0005503973313110201,0.0008378191209323
0.0017710199162802667,0.0018870707121319249,0.00673919276096565,0.011616610038357329,0.0017990107174348801,0.0008018957529978401,0.0012553562907605
0.0013837114632908164,0.0013504671663586499,0.0018851832628772,0.0030384037774157,0.0019047527049739998,0.00153968550170084,0.00212967611677985
0.0078089324064587505,0.0070525952686337125,0.009877871724547401,0.014291890968612043,0.00881706188066638,0.00722743364563848,0.00700265613328065
0.014832711760070533,0.01647188581329814,0.01801171017491575,0.021310032583869144,0.0039157288603726605,0.00275320142345278,0.0035978098834278
0.02665761168228123,0.030882590092050383,0.036506383540267896,0.03231496824633148,0.00708838767986644,0.00862701071097324,0.00263519196501043
0.00017250989457471007,0.00017367755878616248,0.000241366176265675,0.00030500626338711423,0.00015607045667954,0.00010450993400609619,0.00013695230935165
0.00099927325175775,0.0010937097339325376,0.0017135610679691001,0.002320951592138243,0.00043565650025757997,0.000342031827414593,0.0005542907792185
0.0008199476875676333,0.0009602664011420499,0.00115947584699435,0.0016751708515046712,0.00096302988428152,0.00077214557526214,0.0011933517076768
0.0025738386500673335,0.0031121503920473127,0.003840624714881475,0.004297440084233372,0.0010265528449260202,0.00100461056735234,0.00028961476138143055
0.011634630241693034,0.012623215464950151,0.0172380514789422,0.026172441248149825,0.0040897788387407,0.0049533134535445,0.00318414340973495
0.0030814610114338163,0.002832917584363675,0.0093760697889182,0.0139024201685778,0.00180293697121224,0.00011321971215549999,0.00189471073027585
0.0015411690768918499,0.0015686087460971875,0.0023157222685707,0.002705193468843829,0.00074497283696248,0.0007204730090250599,0.00072086296486865
8.970567086323692e-05,8.872110619081368e-05,0.00015510366827940002,0.00018305325772627145,0.00010541861069873941,8.735171730453475e-05,0.0001495801071973
0.015357395151041816,0.018898235431286423,0.02408339303966595,0.0318610878246997,0.022674814803684377,0.0189557373692957,0.0357506618181436
0.0025300418438552667,0.0026124776360026873,0.0034529511289495248,0.004929128023418458,0.0025735601881120796,0.0016711992955014202,0.0026440858248564
0.00203366876889545,0.002138819438638813,0.0057548676792406744,0.009151571106265414,0.006907585716588399,0.00508709749086648,0.0066233935660648495
0.012129645435021185,0.011662890756566287,0.01543503397035,0.0208158623135174,0.014271888176968622,0.011461489581006259,0.0125695865345377
0.00016779843520628335,0.000164579653146775,0.00021793898516255,0.0003339598929630857,0.0001527634072352,0.00013378085491318003,0.0001691173504398
0.0017351242206504,0.0017653358404605126,0.00248420179876875,0.002999453232371114,0.00098051445922454,0.0007277214137052801,0.0009743345298081499
0.004880942361421816,0.005547019052938987,0.006949418540455925,0.008427742203907315,0.0022146867799225,0.0020652351623157003,0.0016282000046006
0.0005473333730155,0.0006247791101814249,0.0007017084594229249,0.0009895364658604286,0.00021896098513116556,0.00016029649903902556,0.00016522881000345
0.008184730026557584,0.009585998837768926,0.013084506795890474,0.015860665966037087,0.00737298025751096,0.0055686282849146404,0.0038666561219408
0.00017677770256613334,0.000218792312111675,0.00030523327955565,0.0004380733906627429,0.00021949407643268,0.00015397572656587999,0.00018428120754470002
0.002039753742728517,0.0021507881855114,0.003102790693869825,0.003762297144317729,0.00148318602709404,0.00131623701508232,0.0013296774554643499
0.0002066441252598833,0.000204619966458425,0.000322485517597875,0.00040372660859920004,0.00018841383848560003,0.00016332018295446001,0.00026757475456175
0.0033138182609112328,0.0034609611481665873,0.005815161713380725,0.00781794039596773,0.0036512489222143203,0.00293916945580564,0.003958737171825
0.002857266802228983,0.0031099725917238005,0.0038053548844091,0.004898983652339228,0.0009984652836980087,0.00078024531684982,0.00011002416098980001
0.016071383237729667,0.014128577786492135,0.0203556068861587,0.023961784294939913,0.01681292760784048,0.01534544957019586,0.013092983597454599
0.0003044379696068333,0.000353614654654975,0.00048406890144065003,0.0008331367000240857,0.00028844282536588,0.00027068036874268,0.00043808685330040003
0.001650261770646583,0.00185855257150355,0.0033809785028782752,0.004605562243782729,0.00212035107181588,0.0017183923132620001,0.0025020715299154
0.006090360886341867,0.0075557797893820375,0.011695914252665,0.013919499299918129,0.004670012136816361,0.0036748934408988194,0.002384842577504
0.012551629047718116,0.01284988988356991,0.017100135013300273,0.016483296860136883,0.0033346417461276997,0.0026422166331154,0.0036972002675747
0.0007904686994376166,0.0009650723440048875,0.001407630800837825,0.0016009745318898859,0.0005856593132907999,0.0003824338445261568,0.0005429528805461
0.013080173411781401,0.013523760296060765,0.015799894017856753,0.018102125726498285,0.00647438099482184,0.00610231093007544,0.0066022160528787
0.00033604727161565,0.0003152773379638625,0.000418918484486075,0.0005349429049704143,0.0002708386411102,0.00019151122862551997,0.00011237828576092984
0.00010213934718060583,0.00011202329983413551,0.0001690244385398,0.0002319628538330286,0.00014016704424322,0.00012065293871528046,0.00017709502286505002
0.0002317056759551,0.00028265067207455,0.00041661736470387505,0.00044879952222497143,0.0001965067920382,0.0001953213858426,0.00011538721005764127
0.008948574244731916,0.009701355648599825,0.010417097377264775,0.01032331741215647,0.00196143786086966,0.0022492076832176396,0.00019449842650290003
0.0004121238619042667,0.00039072202748521243,0.0005082557690206,0.0007693349617568287,0.00036698960207994,0.00031129994282936,0.00039060187645125
0.0038638362247758167,0.0044250372719023875,0.006344451676444075,0.008012916002250214,0.00051878682158503,0.0005314458828167799,0.00064899049586395
0.0012227929030534997,0.0014142413197797753,0.001548961464375425,0.002260618525383214,0.0008288384641163399,0.0007636506696485799,0.00103986916951935
0.012127264306473817,0.0145805650365206,0.0222245545733586,0.03433536570906303,0.022607930940970657,0.01258996354917456,0.039271422326560196
0.00019827611345718334,0.00023065457515742503,0.00032981611799960003,0.0004101179709492714,0.00020998336887164,0.00016539885864021698,0.00019510145097969997
0.0012290347024817665,0.0013498252950302127,0.00155900374974475,0.001695036203106986,0.000341407969102756,0.00024783036208665606,0.00029703788016532484
0.008576797561579216,0.0088109979637503,0.010386762383718825,0.00980466323264353,0.0024402942972144596,0.0017049454589901799,0.0015921178040271499
0.0030641432443646002,0.0029808820941503123,0.0050138448175577,0.006445183891160613,0.00374265054080624,0.00312820723992712,0.00207815880151765
0.005881756387395784,0.006904994881944687,0.00491241697560355,0.0047380313979498425,0.00088910760127694,0.00078309829488584,-0.0001750893568537
0.00014916992174796668,0.00016462460205103748,0.0002008596268427,0.00026008506753195715,0.00012058924703856736,8.367777683598309e-05,6.649567774185769e-05
0.0013939636642600166,0.001695240393402925,0.0024029408696788998,0.0030276605042332573,0.00117910419748678,0.0008946017282298799,0.0011293866803193
0.0025891007653896666,0.0028941396327772377,0.0025061642885364247,0.002022084020868386,0.00050094143562796,0.0006253748268860799,-0.0001000417775503889
0.005109518842253767,0.006739926801513375,0.010600737576000125,0.014166665584476115,0.007859008405297099,0.0066342325820630405,0.009187410035573551
0.0005071573581651999,0.0005449026259859125,0.0007614837975625,0.0009729513508277716,0.00046638179929856,0.00026979964833162,0.00015833257995755
0.0017228191929204665,0.002023071082864175,0.0027390953153593,0.0030645047386797567,0.00130302097975486,0.0010380048149532398,0.0007144370392635001
0.005642355876411067,0.00588930280759835,0.012730081995751976,0.018720155517084242,0.0034429706529588407,0.0028017626435999,0.0049837829183724
0.0009584932571099001,0.000930417577904875,0.00140582893197985,0.0016236264649695574,0.00072269504109592,0.00046309484490616006,0.00068112990002255
0.009588287816694333,0.010187773950261226,0.0097479189472292,0.009995147029215886,0.00119605759075794,0.00117962992686872,-0.00056800844378455
0.004323049857664033,0.005105214050330863,0.008849683795300024,0.011043891933133529,0.00726948571827446,0.0058600878158697,0.0070646329976745
0.0024794863352797666,0.0029075898465656873,0.0043370945068021,0.0065062347712926,0.00365185420611476,0.0028207744971568403,0.00358250889305455
0.009287095887359084,0.011610881732621675,0.0134499551955398,0.018806441985401188,-0.0005096041148759,0.00047662916258346216,0.0006800961238928591
0.00048643126054798326,0.0005321376583027375,0.0007361923406006251,0.0010793496302574142,0.00063728280051508,0.0005140682609330399,0.0008185612893575999
0.00929476513740765,0.0091069850510533,0.013466138521768424,0.017407499412855815,0.0101321730014616,0.00808972779236182,0.00833937500708255
0.0023833082707632835,0.0029097170596159502,0.006582924901269875,0.009936898987019572,0.005327916513611841,0.0042921074194042395,0.00500035435780845
0.008174133362554051,0.008557432853981362,0.01141005282914705,0.014016213452509415,0.0043626809274389805,0.00376951906311234,0.004191530398104951
0.00019930491718136666,0.00022061723296107504,0.000306909950520225,0.0004082886203045857,0.00025530932519282,0.00018054126391136002,0.00020599491235924998
0.004910009274022183,0.006693426262703163,0.010925603178586474,0.013462817917292999,0.011393280813145999,0.0096069056033991,0.0078723297330201
0.0010783806314332168,0.0011668288050457503,0.00177183311899215,0.0024355589401771427,0.00146656741882886,0.0012673789413517999,0.00092141350878205
0.00146582088200765,0.0017870720080759251,0.002027800751058675,0.0025734105324677426,0.00054029026052546,0.00042961941299730336,0.0002540591515986
0.0004050334127337,0.0004924914051916625,0.00065206677454165,0.0006868725965982,0.00023897082924670003,0.00017772076609225013,8.226936628759952e-05
0.0007882631246420333,0.0008854827096558125,0.0014104873801149,0.0015284774159092572,0.0008205318694953,0.0006733471574911401,0.0009826390315918
0.00404808117129435,0.004180478695055237,0.00635521882420365,0.0071882633494797996,0.0024469554815806397,0.0018398665867951,0.0019218182098888
0.009067725966122816,0.00972051746217375,0.015549323293373775,0.0203761126950703,0.009662685546612919,0.0076410542466372,0.00816402187207815
0.0010803165280704166,0.001036569387486325,0.0012327370382661,0.002020017892448514,0.00113245458857552,0.0007481591932730201,0.0011080603398808
0.00035630685008815,0.000367921992956575,0.0005053574425241,0.0008557298767788858,0.00022368774171298002,0.0001678940688202,0.0001658310789272
0.00024658829243905,0.00024041959968848747,0.000342906798210975,0.0004554888528462286,0.00020391856376302003,0.00014156985628659998,0.0001725177360503
0.0002375242407308333,0.00020998288229811252,0.00031744480820915,0.00043436988002658577,0.00025581161393471995,0.00019284973118377998,0.0002434274144777
0.00041570632788539994,0.00044043487927863744,0.0006599670690924249,0.0008036751615389855,0.00026247496050613996,0.0002486397661874,0.00016185769135675
0.0002980675002873,0.00035390718081091245,0.000691935995004525,0.0007984509405951001,0.00058755644158208,0.00054903186666678,0.00038175945875105
0.00013929920216896666,0.000158338171086575,0.0002570524057824,0.00029980246868907144,0.00017768502375640002,0.00014258025924981352,0.0001156257093155
0.011899720467173218,0.015893661931796612,0.025782538644219224,0.034105902307219445,0.02056489871441434,0.01218295633699516,0.03637025043446165
0.005386160878000117,0.005985652898322951,0.011787025207892848,0.020819667111137672,0.00789156112947936,0.0031878634237840196,0.01502166967218845
0.00022653164749421667,0.00020709616688584999,0.00027567326999134996,0.0003526742475338142,0.00016423463971502,0.0001289064533268901,0.0001768554916758
0.032189246956749414,0.03576449668905768,0.03174766436812075,0.0281047132061774,0.006249728430158361,0.00676031332421648,0.0030446955572595996
0.010229230496686016,0.011469727600386325,0.015172127780431598,0.016335234570650798,0.003960486796280039,0.00309331149837754,0.0004029523693670361
0.00016216187580003332,0.0001998528215442375,0.00028797095174887505,0.0003615409132435857,0.00017703076482556004,0.00013626578420984002,0.00012012772782393199
0.006740247265899733,0.007330852756462313,0.01027239977979165,0.011175301113527257,0.0028617640901911602,0.0030846836478544597,0.0019835716252711
0.0017621413021325835,0.005366386651072287,0.0130387018925842,0.022640204412823866,0.0090887325146367,0.004955902998416141,0.01253413277112455
0.009259027658841401,0.014195022826319237,0.019069112809541874,0.022986354070778873,0.0105292487676878,0.00797556684170746,0.00913410270722705
0.004330363562505866,0.0049112000212134625,0.0092489606664124,0.011769200780177515,0.0089222563441104,0.00785167191335928,0.0057148312023759
0.00022097199018963334,0.00022333834789185,0.00029838922291165,0.0003926761855284571,0.00024784958470902,0.00020479179168708,0.00031298197633085
0.0114957376756837,0.012596692009005525,0.017796226249164347,0.02084683692342591,0.008662208253627039,0.006126251560677981,0.0048742392606955
0.00027892524617993334,0.00030515643500761245,0.00035973605685685,0.00041226149277294287,0.00012119206977766006,0.00012938352095450884,5.784207753806e-05
0.00030766244673683334,0.0002843562424711125,0.00041589433271295,0.0005633818583060571,0.00026638720856692,0.00021850541431562,0.00019365454881120002
0.014047221251144769,0.016361076510097664,0.018720340567463828,0.0203390340570143,0.0072214179997285395,0.006487146984126039,0.0030410405427143497
0.00030838765160135,0.000311868652694075,0.00047062937932304994,0.0006034821983003714,0.00036657958777348,0.00026881527068834,0.0003363647255547
0.0005229362179231334,0.000520771117345375,0.0008685004236093749,0.0010585070461464144,0.00067249554084244,0.0005086159029738,0.0007149904737143
9.360219056547413e-05,0.00010995594872968265,0.000173844729712075,0.00020012989802671428,0.00015043867817766,0.00012385818658659998,9.925269660225842e-05
0.0007536704184234333,0.000805422910500975,0.001194843089411725,0.0016130245330101857,0.0009702405667045197,0.00077766901749178,0.00089012422923035
0.009081554316382284,0.010801111567671924,0.011868000036865901,0.010931972209738372,0.00252068620539196,0.00239390282354074,0.00152602569632805
0.005206579798669684,0.006698749634464762,0.0117449411749847,0.014115701550436972,0.011058776123786161,0.00949916578627966,0.00637024705674725
0.014309349857122483,0.016731140506437037,0.02378166285458395,0.026389093521172247,0.013003404891699679,0.0116718463886948,0.00812231757201605
0.0020162412705318,0.002451287992203588,0.00419526883318205,0.0053836156989776,0.00296834641130452,0.0025861079253463202,0.00265186312664055
0.004317884971882833,0.005766474800465674,0.007863196959195125,0.008825506593065042,0.0019546103139756,0.00227857906240914,0.0017186946588782998
0.0031018258981173,0.0036354814523153,0.005022571072562625,0.006611766445080757,0.00199218804265894,0.00137494054956658,0.0012433427820833
0.00519463063293875,0.0066965973175884385,0.011543870859624451,0.017132096469755644,0.0033876142189595603,0.00174044777266762,0.0028451754343382
0.00029982637788104996,0.00032100442519121254,0.00047030524885185,0.0006113012317463428,0.00021902548245597998,0.00014270209526618,0.00024926474604215
0.0018164772628801833,0.0020362429693550873,0.002829490245779575,0.004076788305110501,0.00059618042751388,0.00065931053737914,0.00038169263480347903
0.00010828341868696649,0.0001435908936451645,0.00021466620397185,0.0002890661822344143,0.00015699210072034,0.00015152057336469013,0.00019443194993065
0.014935674422801018,0.0187984117612576,0.023031152108834475,0.02849427044793923,0.020398121318098,0.017039426435488815,0.01307001932199135
0.00016019975583988686,0.00023549069313779988,0.00048705352227035,0.0019349786969408854,0.0008197494700706,0.00023295583277222002,0.00157270081374975
0.004736623868075267,0.00636623938425085,0.012205017326341125,0.020268830754101297,0.007428115969763481,0.00321383613161344,0.00869706634538285
0.01886157669268255,0.020900087920386553,0.0203498303935509,0.01931924327190639,0.0032397048513509996,0.0036804859195926397,0.00379577731701045
0.0037871678558412006,0.004111378443218188,0.0041760697052938495,0.004005464261595357,0.00062731392809788,0.00021932533279013996,0.0006072047924678
0.0001307761803290814,0.00017821908424158752,0.000293318178940575,0.0003522873011019143,0.00019764018335440003,0.00015461364037271295,0.00026145849878375
0.007943312444910018,0.009173705883205076,0.007662349776627475,0.00793620558163213,0.0009447044555550407,0.0012024217332226401,0.00135102352187655
0.0018620020494355832,0.0019720846967525127,0.0029483021363293,0.0035739746714292856,0.00012589240784201023,8.211679506046122e-05,8.968406290728992e-06
0.00019496011633750003,0.000199423115452475,0.00029633741623687497,0.0003859087816986286,0.00017555817992724,0.00012445865313656142,0.00016336605030655
0.00409690682264115,0.004783412624211349,0.004340967746244675,0.003371643016628743,0.00049566320955096,0.0007226348683842306,-2.765714513865001e-05
0.026493959354853717,0.031206621719890238,0.029484963928730876,0.029952138444444783,0.01024687484076748,0.00675430215766222,0.005626350533513401
0.00050917813992785,0.0005532590392224625,0.0006754463163994249,0.0007993931382326714,0.00028794698225572,0.00019704826114328003,9.193652264385236e-05
0.0031777717840335666,0.003715754072074225,0.005317175915079075,0.006919609624034428,0.0039061426579962795,0.004290746679289041,0.0030440915851743496
0.0016735601998247999,0.0017190507543790002,0.0028888874104538503,0.004186866381219086,0.00239618231817148,0.0017571582793253601,0.0025929166930017
0.0005473848288681499,0.0005158947656123125,0.0009635609093294,0.001044207688763657,0.00043561691084623996,0.00028733029385704,0.0004632392586657
0.00032958748867125,0.00041851451090688753,0.000461872451787625,0.0005649257771182715,0.0001814886669747,0.0001236410544300045,0.000111185091495
0.0012036539877947332,0.00123134531661045,0.001328088319016375,0.0017717073256777857,0.00033130788189412,0.000347478991914,0.00018249865865195685
0.0010649396563126923,0.0030381361932318622,0.011821844549504676,0.022033070440925014,0.0180086157333199,0.014194940943558743,0.04840500895363485
0.016313529379729682,0.017758257676360537,0.024897213347451846,0.029030299447088955,0.022023570012780082,0.01866380406529452,0.0113801891724284
0.00144294400477335,0.0016155694972525374,0.0023883184964829996,0.0032502217704197573,0.00082090083096256,0.0006127740466505804,0.0005260942299468
0.00013388864798525438,0.00013578036489840327,0.00023053618603687502,0.00028456858277735715,0.0001615726918123,0.0001020715659995623,0.0001643999983741
0.004527454623844299,0.005617710718697125,0.005131442228541725,0.004680600001794829,0.00055064591925722,0.00029646170147108,0.00061448432797275
0.0017256747136337165,0.0017128970553554877,0.00287777002517545,0.0037338251992281852,0.0003576389680873039,0.0003219714288357761,-4.137423440892234e-05
0.0028880206730549167,0.0034386652167188005,0.0052444831805508,0.0066879339587185,0.0015536435825913603,0.0011591800775919401,0.0012008709658132
0.006990926232553599,0.00880640604827665,0.012047920515666277,0.01413939863926267,-1.2743601168459934e-05,-0.00054948521314992,0.0009504537439282499
0.0003548358867398666,0.00040082267308812496,0.00048111579284052495,0.0006501519419198429,0.00029510558367794,0.00024362822394973998,0.00019709013872365
0.014438349021336302,0.014633215195812588,0.024615855035331577,0.02888297456035623,0.01852387477017626,0.01549191226191094,0.0157441764515898
0.002406090340928733,0.0030100076364645,0.0052488070698887244,0.00705654168762193,0.00031341737945445725,4.191604838097727e-05,4.614644673449993e-06
7.459661663976256e-05,8.63324371921089e-05,0.00014357626290559998,0.00020028262723562857,9.549295635184242e-05,6.298231428151788e-05,0.00014923016095215
0.0013593439882662835,0.00156484743081755,0.00183955641840185,0.002027916356962543,0.00042811876975178,0.0003601499514823,0.00022647730602804998
0.00017367600963286666,0.00018482301407535,0.00029738482124514994,0.00044657653772202854,0.00023939080542081996,0.00022014633149474,0.00034058333360860004
0.0002624725519301,0.0003537380895285875,0.0005459659362582999,0.0007519462263665286,0.0006169922113098801,0.00052306696192324,0.00033331390877290004
0.00038608161016348325,0.00045248723910809997,0.0009307765561794501,0.0010021951522597,0.0007401115753404799,0.00070101838505692,0.0004462154959487
0.018817265280770216,0.01899187440190905,0.0259281209949644,0.028407476469650045,0.01865609565818402,0.014817074040089018,0.0086230173300537
0.004478300326990183,0.005002338656026275,0.007069099568984575,0.0071870157257206,0.0013698347351195402,0.00065988646176706,0.0012580440279534501
0.014267529409278917,0.01624428590990595,0.022272293684709277,0.02868990038436284,0.01266048732888338,0.01068856515192768,0.00770224923967175
0.008708695709831583,0.009334165336112126,0.011755363245786125,0.012205312674381444,0.004130153988772359,0.0031183097884040804,0.0010924342183766
0.020677846470220765,0.02369183864316063,0.024438321622837524,0.0286848174011863,0.00670726219209324,0.0045758324922255,0.005824720014906051
0.00033114249605443335,0.0004184056357536,0.0007023824048628001,0.0007830970157877,0.0005112933717558,0.00039974569229014,0.000309292543704
0.0148468962307867,0.013613473980337461,0.018695979329847,0.023320482001407742,0.01480847496515146,0.011621281836161538,0.00927299767108955
0.014130869077050918,0.015309626294055412,0.0094456890662842,0.006632766462688599,0.00035828776434636,0.00117165185792606,0.00027209054564109996
0.0012920617526785167,0.0015207236810555497,0.0039150070199449995,0.008342096785088115,0.0018682710546327197,0.00123692317290064,0.00215699270498435
0.00021353554880480002,0.000263463812211025,0.0003838800288059,0.00044903217773059996,0.00013912634277798,0.00012426594126261942,4.336662846339014e-05
0.00028505019130608335,0.0003800525383118625,0.000831244471228275,0.0010201052217205429,0.00065173581592228,0.00059855652278336,0.00055421908722485
0.01644960674963205,0.019157859169480953,0.0258057989531066,0.02943004082184226,0.01631685536693512,0.01174088850458066,0.020385263719202948
0.00022955189076223333,0.00024490255893895,0.0003603026795005,0.00047351192356888573,0.00020215179826942,0.0001536917003804685,0.00027594207819184996
0.0051154258228980004,0.005486377538034113,0.0122332940376749,0.02040044132464463,0.005719631279842261,0.0028847242031232404,0.0072299182453285996
0.016989877315398666,0.019246261102325326,0.024619107412101125,0.031352791884180074,0.01036038849419832,0.008037994118802,0.0169812036957203
0.0020353488295629,0.0024014216602962378,0.0033612403614190246,0.004502485622425857,9.805242395692006e-05,5.280152959559999e-05,1.9611903090350005e-05
0.012376378390073934,0.014778458629591075,0.01879395254137585,0.017703413223045028,0.004971425547121361,0.0039602600642495,0.0023967317781133
0.0007409017227094834,0.0009135840158442626,0.00179580256411305,0.0036404886211011856,0.0005338467511058758,0.00028959601201929586,0.00046272835015565
0.00010289216457600265,0.00011903095979169923,0.00016002066376665002,0.0002452591781187143,0.00013225196147958,0.00011266155808712564,0.00018711083639879998
0.0009464616977613166,0.0012978153543189252,0.00186051209250005,0.001983348245631271,0.00057142570429788,0.00035940945474640886,0.0002338117540038
0.004816631741042483,0.0050886622580248375,0.006630087419434499,0.009390908825292829,0.00534184825695942,0.00375687128238904,0.0049821281114552
0.0012385362888462001,0.001269176021577,0.0014699570080932,0.0017465621615588144,0.00019500580316017787,0.00014418554161443783,0.00046423160629565003
0.0011618229349223,0.001239242633509675,0.0011786469671112999,0.0012650977025837715,0.00027577598803082,0.00013639016698653122,0.00021751100362535
0.010069717456284417,0.011474681475342712,0.01458365877777245,0.0148566511970829,0.0036545445791578,0.00327645331921012,0.0033822729220891
0.007661906882838716,0.008615777871311663,0.01101938417293015,0.013270207006032127,0.00360654379363476,0.0015701530520781399,0.00324390026214215
0.0058110422980886004,0.006994801256672449,0.0058268985408291,0.0051972895803281864,0.00037798638884561995,9.158652005037528e-05,0.0004709184548592
0.00012699344823688334,0.0001365249873102375,0.00021269106961867502,0.0002778162890153428,0.00012482320486800828,9.691192854225022e-05,0.00018080553885155
0.0008185674622139833,0.000952454486033875,0.005645173543210476,0.013441400165764129,0.00784988330761294,0.00349861342530432,0.020057557225808348
0.0026240717059601167,0.0038654801165302127,0.007871668482037375,0.014714845369330584,0.0077812733314656215,0.0046530956318541,0.00782470485646205
0.00029488454888939995,0.00028777991571753744,0.000475397147368425,0.0004842234986452572,0.00018521351817505998,0.00015372856941047998,0.00020567053118980002
0.004525900786886167,0.004903349207405213,0.0067628846144941746,0.007839048991760428,0.00273404212802696,0.0021610986511370603,0.0007628934491656
0.0001841680231695333,0.0001962057707366,0.00028550288697885005,0.0003795994886447857,0.00019079542147416,0.00015025832558130558,0.00021082222543054998
0.014240607620769315,0.016377832636452476,0.02165776560344825,0.026605727087860374,0.007998770553468761,0.0078062121854022195,0.00810241401610505
0.010106704313593616,0.010626833198952485,0.011945461076316026,0.012645000353322472,0.00421013073560648,0.0029217487880637398,0.00224537155000155
8.379327097623078e-05,0.00010192218101945728,0.00017212316375155,0.00021285007027605713,0.00014111411941552,0.00010807142861187481,0.00012853860565484998
0.00017268063283513332,0.00017634964788515,0.00028411902231555,0.0003504311422991714,0.00019289101275516,0.0001240966986202543,0.0001909612808347
0.003982692109299034,0.005013241983331825,0.0059755687740786,0.006512814348260899,0.00018615430841295997,0.00034198007240055997,0.0003566547338874
0.00018483705894563332,0.00019884484522988751,0.000272637224752925,0.00038498777054422857,0.00017055314927970545,0.00013165408154572545,0.0002441159533074
0.00018193878639719997,0.0002699641746722125,0.000457489355394725,0.0005020830670524429,0.00026889983094588,0.00020910633999644,0.00014088464572703735
0.0024919904921358333,0.003172761059140475,0.005493525827214951,0.006798920768716657,0.00321336623058624,0.00308404861228034,0.002407292748165
0.01080163539747335,0.011138425760559902,0.015499674655525849,0.019146538972691314,0.0094225938515759,0.007301232142614781,0.0061429454185924996
0.011504767895758982,0.012225252697702863,0.015780029467471625,0.019420120988642004,0.012013474489129119,0.01035490064349654,0.008240834935151
0.00025577670476100003,0.00035798035194055,0.000515573887564025,0.0013651422028272285,0.00041702478801698,0.0001907567961363954,0.0007406201805619499
0.00044906715346850005,0.00048099681511239997,0.0006888608818195251,0.0010090646432624713,0.00038057495881252,0.00031951501493822,0.00010507775766720943
0.0014127933657333833,0.0017301332371599625,0.00249123619089715,0.0028935600431161572,0.0016490344716795402,0.0012890338790734197,0.0010174710375011999
0.004833470362745999,0.006467427977296838,0.010669782532608675,0.011516160238227444,0.0037679953217980796,0.0035359288437963195,0.00310420020467795
0.00020625703728724998,0.00024232830378981247,0.000348038356717025,0.00035876108911345715,0.00017489673002661995,0.0001849835958594,0.00013152593071424998
0.01284101772715225,0.014572904929298238,0.02020279173029105,0.02333984133415942,0.00946779008825892,0.008675049288139539,0.0036747060936388
0.009831381239828749,0.010975431321051523,0.014042923255466177,0.01645855884235814,0.0051382631618372004,0.004274580417398301,0.0041598608449175
0.0037617858192513665,0.0043415938305072,0.004208473823941775,0.003978334522362371,-8.659370930975158e-05,3.799964281009118e-05,2.2303652647403643e-05
0.0149758073471643,0.017773638439917062,0.01945016413252085,0.01848148607507496,0.0032230923963127408,0.00375425564875318,0.00073362191268685
0.019615741898464368,0.021465364794354846,0.023528109109733075,0.021506903664429058,0.0058694401042047,0.00451528570431308,0.00338295678032615
0.0012877294666769833,0.0012538444090045501,0.0016997028207697,0.0023851826642663143,0.0012902772486462599,0.00098173120238056,0.00125613428613145
0.003581824392505066,0.00453449704124265,0.0076852441276788995,0.008823338826006315,0.0037622913171868806,0.00386537839992708,0.00147950549799725
0.00022478523570551665,0.00026383466242152503,0.00040225679269577505,0.00047781669801077136,0.00022593656111382,0.00019119961912505997,0.0001597610192802
0.01596284752671308,0.018452332554403938,0.02301118572486785,0.028463022479843985,0.0144527657363205,0.01037505498060016,0.007500524352647749
0.002461436431707017,0.002978392275969813,0.004126402153929075,0.0041746770368741,0.0012273433320835199,0.0010375107255085,0.00112354246041155
0.0002824642219213833,0.0002947259256034,0.000420603580840425,0.0006061498086068001,0.00031649178918446,0.0002849109684524,0.00038874058442089996
0.0010137731657282498,0.0010873485059516,0.0015257073271606248,0.0021627037361857857,0.00092933450185568,0.00075579112054614,0.0010509106174192
0.0007539676717058834,0.0008040013803769751,0.0009379159289342499,0.001566375232188943,0.0005992587003890799,0.00042727015562668005,0.00031253713224
0.00961179690446335,0.011135590764150974,0.0166123823097134,0.021534066623013413,0.018759043515955778,0.016458138975459537,0.01357076796670775
0.0025479694955608833,0.003725551518731725,0.003913042652912025,0.0038740096154220856,0.00025414517580395115,0.00024191250567089125,0.00029473565152435
0.011299459746783883,0.011413191335433349,0.011321103470907,0.011515581248113698,0.0014948250230709791,0.0009364597963048192,0.0003207173462600647
0.0009907027314435296,0.0011768865601834875,0.005192960477599,0.011101282065539128,0.0048996951667857605,0.00212974274190912,0.01258911328924655
0.0007446404153307167,0.0009680253897129875,0.001311269598742725,0.001721132746646714,0.00099954420451688,0.00073521840609392,0.0006996140198554
0.00087172004229905,0.0007965130966918625,0.001202498478950725,0.0018002946690637144,0.0008252099211468799,0.0007001775298675199,0.0011492739590402501
0.0031405472079786834,0.003143717166553925,0.005503392987334375,0.0068166755163869,0.00387017884048386,0.00285146091265466,0.0025518759201171
0.02254860960725588,0.024745106813384564,0.02592190204233965,0.028638690356082443,0.009515346685055439,0.010242013231163699,0.006717353112494899
0.0039046585440558495,0.004075495076594313,0.006909283578834949,0.008596390632441542,0.0031135876014316798,0.00264518905840294,0.0025801262512717502
0.00014086617220561667,0.00015207772945800003,0.00020809310328925002,0.0002979237869679286,0.00014273448500482002,0.00010161822439604176,0.0001568248850936
0.011990344335952467,0.0140382590796048,0.02155277867548462,0.027236710909163853,0.01844723810220482,0.016423903013791243,0.013288375530330701
0.00131376044976225,0.001346861945640175,0.0018202806825121,0.0025977660514250288,0.00052715758419618,0.00038152729048354,0.0006192052615499001
0.00042800301336595004,0.0005822319211841626,0.0008894155289067999,0.0008520829246886571,0.00025296294358055995,0.0002172231258448278,0.0002106023664083
0.00032584243969188334,0.000492147466986325,0.0011620382194582253,0.0020519707199718146,0.0002342937177322643,0.0001827516897908174,0.00013578323742639796
0.004914436664937417,0.007505336331123963,0.0140119414868169,0.02331608955846567,0.01044710424547688,0.00565525954368098,0.0095237793639415
0.002048467286304,0.0027568184119248,0.005203812803949576,0.008641498100651257,0.0006533206242996201,0.00048417191068093917,0.000814341653097
0.0003977058501445333,0.0004137405844055375,0.000671080479550725,0.0013971383566463,0.00024522269159960004,0.00021533137919582,8.589823705952716e-05
0.0011133055952643166,0.0011517664657488,0.002521700027160975,0.004086909200553999,0.00155495464719656,0.00129838045041388,0.00090289066537015
0.0005698686744201668,0.00086918838906685,0.001627663969717275,0.001897361480795657,0.00106075852010106,0.00105625383058698,0.00080732278192455
0.005456681482353066,0.008541473559758263,0.0161860486176936,0.026093131406028643,0.009085439774100399,0.005546271531990919,0.013421682467098399
0.00017996675426988333,0.0002046887385122875,0.00029091521221809996,0.00035482067513992855,0.00021586828572340002,0.00016113957626555576,0.0001618223587764
0.005185496383986233,0.006876442241792362,0.01023394264563355,0.013138123373010457,-5.953500356898724e-05,9.842179346449277e-05,0.0004275303344641
0.00011628474548110271,0.0001277407693811,0.00020224172593409997,0.0002526682119822571,0.00017043419583652,0.00014238681496266087,0.00015205535729475
0.0012080705068756336,0.0011995237807310502,0.002036108892766825,0.0029089956021125,0.0013030549321746598,0.0010000997413317,0.0020132189601401998
0.004910653877418751,0.006506344321114538,0.010953685667365626,0.015672380006241573,0.0023347505364326596,0.0009548809183005401,0.0019762430472011
0.017618814113923468,0.017746133424403086,0.028479188197185548,0.030471166180039873,0.0221430972780954,0.02133786264714686,0.013663404498259799
0.00015654628049663333,0.00016906759848527502,0.000263417853756575,0.00037108501533964286,0.0001539796344282,0.00012503781278278228,0.00011824585880234998
0.00015516711013416668,0.0001787669376905875,0.00028273008568395,0.00037507875885231425,0.00012471291337029668,9.825842067879667e-05,0.00016750841685685
0.009237277883851234,0.010157730600846912,0.014111696546133775,0.01873708937524654,0.012707397674880761,0.00836097648792782,0.014075376443575701
0.00075193133254785,0.0009683998367751625,0.001275975223478875,0.0013291126724806,0.0001783280754956,0.0001536149550566323,0.00019673045655049998
0.0002662406790089,0.0002891118778457125,0.00041114260097534997,0.0007225621042166714,0.00018389120371899997,0.00017418135832172,0.0002076882773278
0.0006895356496993666,0.00064303045975935,0.0006778482427445,0.0007843316019871428,0.00020407751173608,0.00018077360055172,0.00018795580377855
0.01644255831312565,0.02166549024086245,0.0250179906479398,0.029688944018909032,0.02547644501067898,0.02433217768547256,0.01876933389957655
0.0001388695413069,0.00015585490526118752,0.00020589871728547498,0.0002737148555751,0.00014134492292304,0.00012609588574524,0.00015449258274415
0.0006875682235050667,0.0008694831567500501,0.0011646841882914749,0.0013524908291291,0.00026751100207858005,0.00027695069043539997,0.00025484837834
0.0015111196763001667,0.001452420345677725,0.0020206271922057753,0.0023624113870031,0.0008208954636852201,0.0006214246292172,0.00041224897724292904
0.014162393667600881,0.014959124982056362,0.0133854568983681,0.014049630073055543,0.0007712254706188599,-3.447300439860921e-05,-8.254034650700002e-05
0.020115157426759216,0.02059927035347456,0.02642784478465742,0.029243615363127574,0.01336053713212552,0.010333577509638082,0.0081298444544239
0.0014375334537875834,0.0015978429200830496,0.002964224467745775,0.0037344464697276138,0.00254954641084846,0.00235232590823222,0.00200038472717745
0.0020012259543956998,0.0021850282938975125,0.005784323571488925,0.010107971840964113,0.00615813405004404,0.0043252495602767605,0.01778817451709255
0.005989759922389734,0.007096209651653425,0.006561244260685375,0.007251812958962743,0.00014392422188839516,0.00039864705062893997,0.00052795524735955
7.648071189257024e-05,8.973286280236848e-05,0.000141625991162575,0.00018454793557165714,0.00011109557890031235,8.923269219937543e-05,0.0001738923503111
0.0002734144919411833,0.00027997383052082495,0.00040848224442605,0.0006791199435377144,0.00019310842979109998,0.00011599954134093604,6.797603523247337e-05
0.0010034868778716168,0.0010285602633392,0.0015584884648443,0.0022099923920397427,0.0012496701698656,0.00087326186675988,0.0012430476107569
0.003451781441431733,0.004578188494062663,0.00676946738002635,0.008028878404920128,0.0023451992504413205,0.00213561631600694,0.00211748497754475
0.013865726016992803,0.017338892638763263,0.0257439258460486,0.02329221300733406,0.00836207406816176,0.005190418519734821,0.0027023759665499
0.00013003906065303224,0.00017859837674822504,0.00024701809190907497,0.00032071398753955716,0.00015904509639966003,0.00013749844354132,0.00014778470656455
0.000496968503648,0.0005482430337691875,0.0007356849992434999,0.0008995877818207856,0.00036003366259142,0.00036194164403958003,0.00048069291339985
0.009370191202128916,0.010748894305170087,0.012971839485194876,0.013219977834298957,0.0034639520672925,0.00251694954072452,0.0010219489113309501
0.017227157240973734,0.019837266114155715,0.016595273993934324,0.011226205265827386,0.0015795281950387202,0.0004505451203345799,0.0031899276004207
0.0006882535071585334,0.0006880394420803375,0.0010305012076998249,0.001347798019997257,0.0005106280003058399,0.00039485096307658,0.00046797936611565004
0.00030667097896698326,0.00030926819720547495,0.00044308577877162495,0.0005915261169848142,0.00025996219498802006,0.0001714193266070656,0.00029996218926035
0.0006454617815875167,0.00052168514691875,0.001411026182371625,0.003939267730480329,0.00228469262270776,0.0013964103268678603,0.00224629279927185
0.01987612052438817,0.02141074676769738,0.028192223289868052,0.02872516476720514,0.01031865872654206,0.007875073418404922,0.00851174440826385
0.0005679088323065334,0.0007032305942656874,0.0011326679185399,0.0022135017203785143,0.0002360946388547286,0.0001615541654444886,8.7742185624694e-05
0.005295135301218567,0.006465252003386938,0.00476142246231935,0.004122690804516828,0.00031112060963128,5.8586430230378875e-05,0.00019515237222675
0.0006073822641307334,0.0007700219598685124,0.001215092436936275,0.0016119408639242285,0.0009651157326491199,0.00073891377143164,0.0010978288643447
0.018598086598602202,0.018171581256380024,0.0211300291585136,0.021966980178755653,0.006738199311705299,0.007488540492276199,0.0041672443520907
0.0075537222906172504,0.009098761846707177,0.010986718634815774,0.012812505422394042,0.0013227214451869199,0.00121083540379868,0.00015953739114368912
0.014006056128654484,0.014449387999572986,0.020119569383531627,0.022161208456781968,0.008417261609137342,0.00678080667386068,0.0046478394575351495
0.01455412686925655,0.015507161892986765,0.015163061494379473,0.018989690355012273,0.0031791450844376595,0.002314995608961509,0.0016892911780683455
0.006191892545735483,0.007293064478934688,0.010471560712391425,0.013292013158725746,0.00541583110079968,0.0033168495813580396,0.0022405224506773
0.00782471876514275,0.008938195369661102,0.0092492584858977,0.007906624865721742,0.0015881416214685597,0.00099094296292114,0.0008409414337215001
0.002758839488658967,0.0038581382697407372,0.01060331902697665,0.01872427128249424,0.005679034073343901,0.0027301947567168797,0.013842458079240599
0.0008761379357491999,0.0009476937949116375,0.00158349953844465,0.0018619835637259574,0.00076219809639556,0.0005935837781654,0.00072960582926205
0.00803738825620825,0.007719420275337775,0.0059617729611259,0.0050203164957611,0.0007672110018804,0.0012978277710022801,0.0007342479504925001
0.00010217039202739215,0.00011709256185408562,0.00020592563496725,0.0002349294540781,0.00014293947320554001,9.761646956009118e-05,0.00014267896725959998
0.009998206402124983,0.0106922955847852,0.012585190622926526,0.0118021404192299,0.00124355965788956,0.00102300108573962,0.0015682990247360721
0.00019399259711056665,0.0002392378173751,0.000415704527926175,0.0005086725193364286,0.0001669157111994,0.00012495171428627573,0.00012943197185185176
0.008959389075650616,0.010737441615289414,0.014706550996846476,0.017259355682027158,0.01021133774562268,0.0086051533264094,0.0073726802658199
0.002010245631454333,0.00208763970979835,0.0029178329728597,0.0037231523754847574,0.00155193875524242,0.00097205362826148,0.0010238558629234499
0.0004605025977921833,0.000631674210548125,0.0019163311079884748,0.004560445443728743,0.00022216643315150193,0.00016012977881454198,0.00033909319397739995
0.00926272884650155,0.01224136549760565,0.025073041072387777,0.040042643687273026,0.026321868493907503,0.015723810218518396,0.06972008718252255
0.0007454559014769667,0.0009046416450647751,0.001272334950683825,0.0014165736933104002,0.00037840780938914,0.00040083417881772,0.00034681865346145003
0.0008721361041788166,0.0008243886936359501,0.0012657405983212,0.0019099461853610289,0.00041474590194032007,0.00032986188661256,0.0006043530458124499
0.0001594991763456,0.00019054150372651248,0.0002791475718125,0.00036148504087179996,0.0001432540033713,0.00012595531126530002,0.0001707752706143
0.0049175633462748836,0.00612444017966145,0.010176418649853875,0.011358519486981614,0.0039878151959842,0.00361313979981454,0.003756971211351
0.00036957428339910004,0.0003962212208270875,0.00062892035840385,0.0008195745602624,0.00044357229208116,0.0002746412420157,0.00037678711611584996
0.016616475357612213,0.016660359873708064,0.020507135081238824,0.03199339932734863,0.009051672154186119,0.004581381913545381,0.01424838843565555
0.0029232119526307002,0.003134628242344812,0.01159708668458035,0.019446644986004402,0.012683950000455519,0.007767003314178861,0.0343773993125212
0.0370277407338847,0.04084238390384593,0.036590025122560904,0.03458998758385657,0.00947128112635742,0.00416638766482514,0.0099388375657764
0.00025494930526524996,0.00026036279074666247,0.00041471071861540003,0.00045136732039230003,0.0001386478501240326,0.00011125167224066859,0.0001429200678812
0.0009802937362811666,0.0014038504103436873,0.002391835707422475,0.002968815462316186,0.00136205056241096,0.00135648920327458,0.0006644170965231
0.007266545806903317,0.009301971115902538,0.015146688802117449,0.018322563018584315,0.012485429350128502,0.0112465047066369,0.008182725413709
0.00437005697534295,0.004244909026582837,0.00592180724953955,0.007831931715170456,0.0026126272422011196,0.00197783309220846,0.0007917894914678499
0.0011241184485868167,0.00132458167048555,0.0018099627887751503,0.0025593414752652574,0.0011220166722035198,0.0008284232729073599,0.00143046084152905
0.00014134692626601664,0.00023340170842646625,0.000663950582434275,0.0014225307639023999,0.0005064173661952,0.00033073948424906,0.00014127678870333118
0.0022224782136819003,0.002265446812335587,0.003785386261332175,0.005528763614460613,0.00296149459199192,0.0026507006863327,0.0036456483678798503
0.014996461739602951,0.01772835756169131,0.022763789496036923,0.028877138696897946,0.014500820888061077,0.01071271860698558,0.014474252009360151
0.0013448801914135,0.0017767183454723624,0.004330441844215426,0.00643494127856,0.0007506800542901801,0.0005351066039794801,-0.0002852587672325
0.00012844387366431668,0.00013402311355406252,0.00019621827758495002,0.0002738073279501714,0.00017984392144474001,0.0001224844956416479,0.00018852743215915
0.00037265648270435003,0.0003647650148245,0.000499895504084325,0.000666441882457843,0.00036832920839334,0.00028179603473359996,0.00037539968804365
0.00023515262195703338,0.0002642625038759125,0.00033671615807629997,0.0004903530727596428,0.00021937637375544,0.00013773224664478256,0.00027513835662539997
0.004215172113867633,0.0058327263247169745,0.007295864878955975,0.00901242722479947,0.00021970680348738,0.00060834268301776,0.00054252299892695
0.0008826025859896666,0.0009489433627980501,0.00151163281396795,0.0025147307659822427,0.00034815264934656,0.00030898539268326,0.00012732179483894998
0.0036606657172353,0.0037402054182462258,0.004881498831920374,0.005980463695863329,0.0021717857753589197,0.0014745256711721998,0.001072734021646
0.021850793016422034,0.023266188738360213,0.023351426013312398,0.022701675820109617,0.00324075171820092,0.0032117096698872395,0.00076814512628165
0.00324703790725185,0.0034690923369356877,0.00345987148953655,0.0034886058219518,0.0010063678159263,0.00080997367904702,0.00024252337369285002
0.0008978900975132486,0.0007476194965747625,0.0070034836381164004,0.014479677313181257,0.012087795011887281,0.00685335823776438,0.0205600336530415
0.0002079616731699333,0.000255588867458575,0.00031453109372127505,0.00041476975922947145,0.00020373238180224,0.000182345373803,0.0001341772757779
0.01889122787961205,0.017181406188115124,0.02115728669526025,0.02480898983216463,0.006983839293710381,0.00480510016649338,0.00456021006777705
0.010388097644869384,0.0119327027307644,0.017933587183951702,0.01952938875529353,0.01011592852274664,0.0067549227932667405,0.0050701355266728
0.0005183328268839333,0.0005740360346272001,0.000962362045296575,0.0012021103257355858,0.00071471751379692,0.0004713845998495601,0.00091852729727135
0.005308001438357417,0.006535901637255588,0.009202977722097124,0.013289860705210313,-0.0001733576941324,0.0006958064828418,0.00050433406425035
0.0005166311591920499,0.0006421510440038125,0.00097672252752275,0.0014799842816324714,0.00029879345251127996,0.00024588874933524,8.433850626539887e-05
0.00023982799958171665,0.00024076912945324998,0.0002812390601375,0.0003661251091423715,0.00015868907903127997,0.0001225888702258524,0.00017433785928655
0.004864268298067866,0.005663216103400325,0.005169311652579225,0.0049489894707031145,0.00050531931803678,0.0002563127455705976,0.00031821528125454944
0.0052213277229241,0.007365181773421362,0.013418141423847025,0.020567089125009985,0.0026879816505284296,4.9103804791749255e-05,0.0020769772205448
0.0016912440822246001,0.0021014878862048625,0.002336017282484625,0.0029873118419893427,0.00026995332559192085,0.0003092208097016733,0.00016744301450969713
0.0004378458149450999,0.0007285138162547624,0.00207079389681905,0.004080925484893872,1.7484187519699994e-05,0.00012324776560675697,0.00026285658303800005
0.0018798968719982666,0.00190534966776535,0.002726105048306225,0.0037451615863136286,0.00108816506938716,0.00077238262185182,0.00115589771422665
0.018615516703369764,0.0207218205256837,0.024527256900673075,0.02745487490631907,0.0142974103987941,0.01109998767054874,0.00674395730559305
0.0018797383120272,0.0018340740717008252,0.002544571610472325,0.0030178418197162145,0.0008850875686904,0.00059798319040876,0.00033051446006265
0.0004950544533363395,0.0007626175569368982,0.001232398756843175,0.006162010168155228,0.0026865488047007205,0.00130440428764902,0.00600698191348195
0.004378050911337117,0.004994669262054488,0.007669069675668725,0.009169813011617584,0.0038226835727085797,0.00344350411976214,0.00328233287184905
0.014262711017473798,0.015738935499179447,0.02068079475588525,0.019058798025424588,0.0071413965477058194,0.0046044889113594605,0.00255427151072895
0.0006371972655443667,0.0006034959211218375,0.001382765258026375,0.0035787203427444284,0.0005258023373681599,0.00032207306247138937,0.00038989988344145
0.020280560871250467,0.020805808430819014,0.025797765029771973,0.027075456826601653,0.00901260434132632,0.0070034975088191604,0.0056083431486033
0.01798972707945533,0.02314495782559131,0.028693700833396302,0.03138111354894728,0.0147246838158178,0.01236203644011392,0.0087597497326099
0.006915267573930267,0.0067909957968314005,0.0094494714990859,0.011427217462678956,0.00445608713732762,0.00383960400759764,0.0038107999974733
0.00329804830323325,0.0033797172083785375,0.0050169168417535746,0.005552952945798743,0.0017031720855727398,0.0014169629136798801,0.0008215280805063
0.001249881924566317,0.0034108481091737627,0.0104442736947986,0.017739684189843386,0.00422887089907538,0.0023840972865674798,0.00333040614891405
0.03357863672270228,0.03503569790887201,0.03397447216913375,0.030043384710861553,0.00699729735944916,0.0080933791699682,0.0059245792189143495
0.0019765942153646167,0.00237321155808625,0.0056767202484184,0.009285711854053514,0.00106133771614142,0.00060975162639482,0.0012567983300378499
0.0006039103237061333,0.0006888843547927876,0.0010153253375594,0.001644636122090643,0.00027028512083082,0.00025862167039007494,0.00040532831344489996
0.01965353219266425,0.023855952181198712,0.019507924390197648,0.01928352493827707,0.0066854258342008005,0.00435607784228298,-0.0010684853035362
9.494881372721237e-05,0.00010534485603399346,0.000160986277533175,0.0002178421811882286,9.698147469571267e-05,6.888379185106605e-05,0.0001164760727207194
0.0001410472045616,0.0001475983476835875,0.000198078098409825,0.0002943923275374,0.00013364257665810002,9.886793185506363e-05,0.00015128140664215
0.0009109436486909,0.0009261116894422375,0.0013054403632678999,0.001903063568606357,0.0007192208696306,0.00060935197195974,0.00073739470321355
0.006760566089004583,0.007946557163842311,0.010542386873286624,0.008809124923487214,0.00260588402146568,0.0017057403492545399,0.00168695961001395
0.0034558176295769166,0.005575155675002363,0.011741195454247698,0.021018652719105014,0.00496019674395282,0.0015258103090324802,0.00485611645358845
0.007325679538299334,0.007484504791115425,0.010803696705441724,0.012822054762428956,0.00661449419689192,0.00512392437206972,0.00537997637304625
0.0003397933972756166,0.0003490544872516625,0.0005312863742095,0.0006223473107055143,0.00023663168951022,0.00011893290068115999,0.00021619809605265
0.01922918024820412,0.021075604660858276,0.02495244968920895,0.028956031319224813,0.017289731633477762,0.0156020813919028,0.0123666760754638
0.00025663722289051663,0.0003029092004454375,0.00047570364689207496,0.0005536349587123856,0.00035801514142145993,0.00027635150827602,0.00021754643103335
0.004776832772705533,0.008215589573169126,0.0160631956355782,0.017735117324452116,0.01760583166949604,0.015067694100754602,0.01434872924957475
0.0023004376470426666,0.0025673505607191247,0.00388958546713955,0.0048021593327614,0.0018118370887101598,0.00133132847828484,0.0020415056465386
0.014516765450607217,0.015724385189587412,0.015686196788889724,0.012609257725456614,0.0036850124419789,0.002444541751789905,-0.0003174818395000035
0.00023734097792443335,0.000272411066909925,0.00034313006088392494,0.0005372744807226,0.00012748711021714,0.00010116755483424538,7.674476727770625e-05
0.0006647661181270999,0.00078284340194925,0.0011555952394705,0.0016515563685405002,0.0008505382400941199,0.0006205775327949,0.00100512813169015
0.002298558534022933,0.0028949917146224003,0.004384984022422625,0.0048912659406078,0.0027950427449942,0.00247998358882822,0.0015951714886577998
0.00024357755103516666,0.00020656552882965002,0.00033663393685035004,0.00039192096805798574,0.00019931299946426002,0.00014302915633217223,0.0002195137048319
0.00155195768573495,0.0017677668112258248,0.0024580272015367,0.0026648581768995,0.00075384017124054,0.0004546394881544,0.00040216728805133147
0.007746013995224735,0.007659882482871276,0.012035273290357775,0.014330925566691443,0.004403311151045019,0.0036913797575203406,0.0048981433019214
0.0037224195597979326,0.00493647412208605,0.0077131854268718,0.011469039553628255,0.00076286476323856,0.00026660629011193997,0.00035086747482419996
0.003909157221636717,0.0038996988832061003,0.00541269272992655,0.008373720965044028,0.00347380690567356,0.0026954533326791798,0.0033841410755679003
0.0013417333891769668,0.0014531535320237998,0.002229475770910375,0.0034543192915860717,0.00111917278009472,0.00094829128612574,0.00119776218993045
0.012340868683410151,0.01298538489047944,0.007367215264375874,0.005950517620320872,0.00175808738354754,0.0005929919476116103,0.00024140416385816797
0.0008067503978772666,0.0009738206958232658,0.005379342587886075,0.011626933943206044,0.006106813013316999,0.0042724899353823,0.01618507830772695
9.367086287760727e-05,0.00010723214589493714,0.00014351503120622498,0.0002134644568344,0.00011886703889436262,7.869285194189003e-05,0.00014708148400235
0.00038437326805579997,0.00048749156438311245,0.000853255285518275,0.001016146773627643,0.0005943195913537399,0.00060788159994746,0.00039257077813930003
0.00042045193342733333,0.00047033753024105,0.00065345084706475,0.0006979626629201999,0.00025142551739702,0.00021520857216549997,0.00013280418933897214
0.0160024283529212,0.01795710519141594,0.026630582374044323,0.030877240686447826,0.019123912490650978,0.0165818918395953,0.01140181074858165
0.00046104119797679997,0.0005700255071535065,0.0031063299798164247,0.005777099229552656,0.0005576856820026,0.0005229333181165838,0.0002376856693172
0.007484613657036216,0.00923340603878175,0.01368461211783235,0.014806689689245226,0.0054542896185858,0.00482918935040942,0.00362813384192915
0.00657365617693455,0.007582553499688737,0.012496178643864101,0.01640949278561327,0.0127796247254925,0.01122200519286538,0.0104479149041958
0.0035942550655189663,0.0038653421095831376,0.0045761452209607,0.004603005553159785,0.00017649607420811998,7.405149443558e-05,-0.00015935898017787733
0.0008158573063013833,0.000830016179691575,0.00108013591263705,0.0014967747027874428,0.00043875960610274,0.00031547394917375195,0.0002797783844808
0.0178934296263964,0.01899883251388561,0.021286464057059074,0.020325972174099986,0.00361400580475004,0.0025691711925783,0.00333004359048885
0.003904944037071166,0.004475937979826676,0.007611968066049326,0.009440816382009387,0.0004433614432121949,0.0004776699029459349,0.00020726007440334993
0.0005537742254772,0.000613751204612225,0.000773349484515225,0.0009286456478242429,0.00035218610993017997,0.00024235212351595998,0.0002685276526552
0.0017705638446350502,0.002532215116582,0.0075849826831882,0.011924307874772128,0.0011573041603469172,0.0008558972945930599,0.00031398941728025
0.0004896371470227166,0.0005151759617386501,0.000657263265806975,0.0007239372402160285,0.00033872319561104004,0.0002630125650773921,0.00020390932847385
0.00021265124175748337,0.00020779785545378752,0.00026930620516675,0.0003783918801114858,0.00020462103880806,0.00016731302388556,0.0002663300044699
0.004357471845943316,0.005061425070842937,0.006757434529902601,0.00814505714064247,0.00381233756473642,0.00327577694342228,0.0016015700718415
0.0006664411949421999,0.0007758283499816375,0.001082101765450975,0.001365949599872143,0.00057094864099222,0.00039346892695156,0.0004953306885023
0.0003478053655519833,0.0005258883470189125,0.001303119589862975,0.0020780069220089573,0.00024461855786082,0.00014491806994533174,0.00017211320370835
0.0075550040592509,0.010201221788904863,0.016099262786761374,0.023929239793415415,0.0067744327311355605,0.00361257331483428,0.00912267530547945
8.069271515656384e-05,9.653727053141423e-05,0.00012256363028311198,0.00019587164177905717,0.00013058437554696,9.64500961223519e-05,0.0001476692001438
0.00300380446306785,0.0046523516297302375,0.010707342830551024,0.01829112503740704,0.0057511241169105,0.00407206553098462,0.0067391704641965
0.002099972305717733,0.0022001878112659625,0.0050011501854733,0.007528250087962372,0.00030338742055944,4.53667165216e-05,0.0005004336543144999
0.024303656264869983,0.025305303918120036,0.023239725006749725,0.028121391231958646,0.00650199515330704,0.0043636741642811,0.00467675870094805
0.00070679950703395,0.0008398299034268,0.002245613819157125,0.002932056790960057,0.0002909905452095834,0.00022236553814625033,0.00014037438969131044
0.0008516521763698501,0.0008732751873923125,0.001571146392658675,0.0020133465156602286,0.00098823634678654,0.00078878148076652,0.00086469304648545
0.0007040677635333742,0.0006584105781187376,0.0015102784776168249,0.003713637706012486,0.0007063967977894509,0.00022292721362827088,0.00153612904972085
0.0038258450234347837,0.0045941406110770865,0.007060409678885125,0.010490005656982085,0.006227415185524181,0.00520056580335416,0.0053006367220619
7.965544187433703e-05,9.023813491622725e-05,0.000124277327640125,0.00019994900900182857,0.00013059676905705596,9.708452072298975e-05,0.00013871243911625002
0.0002929505904893,0.000324974987236225,0.00041161359668909995,0.0005767161029827001,0.00017553305388157999,0.0001654659692091,0.00011211075932355
0.00015602735146721667,0.00017080858014240002,0.00021370805461485,0.0003092161108181572,0.0001579612295523,0.00011106308954652235,0.0001684813137174
0.005704878238661017,0.0063486692123790244,0.01000722138048165,0.0109512324097812,0.00438743220365226,0.0038192390292440203,0.00182887905342745
0.00040569020091148336,0.0004759952571259375,0.00070040739375835,0.0012309180876884857,0.00019552546783182002,7.269631297883364e-05,1.0044569706347043e-05
0.005502878241361049,0.006695722331332763,0.009708557047865276,0.009224872372525486,0.0027359781324357,0.0023879611130516003,0.00103761796879015
0.0006646572716949,0.0007756071625973249,0.001093741562209825,0.001719235067768157,0.0002317831333214,0.00011793377187702605,0.00035980450015605
0.005270413894913649,0.0057854324047196875,0.008774400757826175,0.012273777485291114,0.008193609596568839,0.006939946703294481,0.008531842567476949
0.011614649750980517,0.013586481477841524,0.022917442711113598,0.03179807402334524,0.02061250421215152,0.01127195957436802,0.0349933926412086
0.0058121998858451165,0.006141921006922999,0.0102891268966345,0.013299860362299529,0.00800011443626886,0.00531965673278532,0.007718269415155649
0.0005771202713831334,0.0008437996377334874,0.0014052520670863,0.001803739481071657,0.00133751624021322,0.00118172526751964,0.0008291984093543
0.0008106034155048834,0.0008477069118231374,0.0011237786435512,0.0012012865692742857,0.00026544823608306,0.00029579376628188,0.00010885260427427097
0.0024328110289607995,0.0025992418587397,0.003989973218467675,0.004970879193915186,0.00240553325885068,0.0015037433822834801,0.00300168754407195
0.0005434630433129333,0.0006133986565960875,0.0009188886811173,0.0011550662021563285,0.00063492719836262,0.00050338406268084,0.00068430078028435
0.013473676924526697,0.01600164602943215,0.023668032364317228,0.0272951625696733,0.016105695674862343,0.014194424598531638,0.01751515164586335
0.00030903722139394996,0.0003635976458478875,0.00060286425262785,0.0006698697167634001,0.00039767211864728,0.00034704127064063997,0.00023087565993085
0.008550655796687833,0.008299402526961486,0.0189488292363996,0.03146923567711592,0.025450808396613622,0.01690360378114798,0.0648365530331264
0.0038805584909708166,0.0045810259664493995,0.0053177198077621,0.005111417567352085,0.00098500983182826,0.00083929803592108,0.00017693484001885
0.0032562860484692167,0.004023748390625125,0.005974200230392275,0.008071827290710843,0.004424318267035361,0.0027686653443436205,0.0046312374901767
0.00015001254910418333,0.00014166879288108572,0.000211193199870675,0.0002801235549673286,0.00018367820043728,0.00014261782802436784,0.00016111696842355
0.00093550032105465,0.0009442419417191251,0.00139549757043335,0.0018221284937591713,0.0009554227795765601,0.00076382889697522,0.0009115532162423
0.0005468985279841833,0.0005897580472546249,0.000993638443997275,0.0011421794959170855,0.00049693022684002,0.0004280517869968799,0.00038060478875325
0.0009604041066820167,0.0011122100638549376,0.00165541646392975,0.0021816447108356,0.00062807654923872,0.00052018871340236,0.00021104905246080002
0.01021227171798985,0.010622558163457462,0.01146370631864245,0.01121544939091473,0.0020025076668394003,0.00221514023403848,0.0016291236307502499
0.007732568602389816,0.008809295343861337,0.009793423116222175,0.009507273561266443,0.0011770134031847798,0.00099163042206014,-0.00030234023381075
0.0008757955796863332,0.0008178959855817249,0.00117744909090095,0.0014806944758289284,0.0006112174248574199,0.00048207597171616,0.00055976265911685
0.006766615055542549,0.0065876891249350995,0.010528771031631676,0.014196848741121601,0.006709116271621821,0.00512897948799832,0.0055914794307545
0.00015899056924206667,0.0001725885690356125,0.00022335421246997498,0.000311639534416,0.00018304361094196,0.00013909666252529844,0.00014205086586225002
0.0012250797987527668,0.0011820098836105748,0.0015914854177457999,0.002360116619753086,0.00101216993917856,0.00074687222055646,0.00105110689342905
0.01640058130081602,0.017129200675798026,0.020045144532476,0.02019806586733434,0.004897978825792161,0.0033022978604432,0.0010353996498503
0.00018514038750576668,0.0001964833707415875,0.00030665491745419997,0.00035633426818011427,0.00013973699345735247,0.00010179034467717395,0.0001798888996639
0.0008983470925293165,0.0009429571924265501,0.0013115199104116002,0.0018012551754651,0.0006478465967795398,0.00058281914697146,0.0007234300899672
0.01698390880467403,0.017687428051709687,0.015000031757766777,0.013698662048721316,0.0019334808571677402,0.00168975704191054,0.0008420853545714
0.008040918481094783,0.008016778070826562,0.006667668912529225,0.005212162197997,0.00149537063360562,0.0007729014346181919,0.0004670865705901
0.007222826536236217,0.006885233511746838,0.009156276774536926,0.009577995435959056,0.00300512271882422,0.0024776191278573596,0.00212387914194495
0.0006982185363276168,0.000735562491167175,0.00084984851609055,0.0009551215047336429,0.00021572109979432,0.00013208319651159873,0.0002795842080428
0.0037507991398274165,0.004818431372861788,0.0036989088766411,0.0034401894420207574,0.00020080294450458596,0.00017868709100592244,0.00022605419603609998
0.00016743096770168334,0.000195245803795125,0.00024091202269525,0.0003086144348018429,0.00015856351900417998,0.00012081534015374606,0.00014941817272115
8.73256228928127e-05,8.451753329847685e-05,0.000158523957470675,0.00020498924231885713,0.00012139246858864164,9.160529254287414e-05,0.00014221389622695
0.0010850669644516667,0.001252810587643275,0.0019601666117171,0.00231236044742,0.00085009755914474,0.0008127532436984801,0.0008231078848606999
0.02473136369873963,0.027518643337308364,0.02769170147270245,0.024141108086171228,0.0074633602788676204,0.005697170615817859,0.0027712018637556
0.0016964561632158669,0.0015774240894003502,0.0023783465683690497,0.0028476987173993717,0.00103384121606184,0.0009038429851857399,0.00034578569303595
8.672776149141604e-05,0.00021260204692794357,0.0010173283911225,0.0031598247400842147,0.00239483434788926,0.00122033342316736,0.0029291732603321
0.009674061245132351,0.011137495816875648,0.012769935580675174,0.013025614926349656,0.0027994111868891195,0.0019124170049089999,-0.00064153219427485
0.0008547309314576333,0.000969828148621725,0.001593969389988775,0.001780721519314786,0.0009067159300558401,0.0007981865061084999,0.0006208335261981999
0.01147443455132585,0.015193623002342598,0.02076691896052045,0.02471372163672489,0.0184744615652831,0.01893596353212742,0.012063114167531551
0.00046952221264168334,0.0005246667720679001,0.000652988898944625,0.0007468172834558714,0.00020953265468602,0.00013483911847978402,0.00015804321234055
0.01659530355373518,0.01883282079829841,0.0249477656931739,0.024109494107212085,0.010958029357140579,0.011629616051882102,0.00777615514862905
0.0012555616831881333,0.0013328637571603124,0.0014526967556262001,0.0016584414218841859,0.00022080023109266,0.00016883925295289024,-3.9282323762549994e-05
0.017726837141067667,0.018802004839635598,0.024491988574648647,0.03157366817067444,0.01812762016488412,0.016383050733294498,0.01666237533304585
0.010604644259534966,0.013556089753906975,0.022585813032788074,0.0305721548928856,0.01833292315193852,0.013333284569449603,0.03458585458212665
0.00747027195412565,0.007879127375302612,0.012135072373620201,0.013217082408881356,0.00290745842814382,0.0018008831690918801,0.00102469783046365
0.00024166954082986667,0.00029713310766474993,0.00039085041602785,0.00047269165142148573,0.00017558904954651883,0.00014093764824584,9.175019747961508e-05
0.0120422811395348,0.012810836753692488,0.022465118331434,0.024568384233824986,0.01140209929659504,0.009248183811197002,0.0074829247111881
0.0010197592791024834,0.0011669580004978373,0.001521239893536125,0.0014864285116120285,0.00020329567119735658,0.00024610789201979664,0.0002973407855112
0.004082935594804583,0.0042829020146888,0.003802000250601525,0.003701609402946057,0.00045215008621729905,0.0001640676534477867,6.34330918066668e-05
9.289326420465608e-05,9.366988233388118e-05,0.00014194536220935359,0.0001977223895810857,0.00012518792604554,9.87649393502036e-05,0.00016702514015340002
0.00017617841127774998,0.00017670494511278748,0.00023135544974174998,0.00032178854712497146,0.00020188357412618003,0.00014466131177763537,0.00020685699116265
0.005189908252508267,0.005563922746937862,0.00709637229961715,0.007855130718410085,0.00242088995854104,0.0021740253370356,0.00164990209432105
0.00015846653081383333,0.000163161713337875,0.000204019461542075,0.000311504102068,0.00013052718494794,9.395801138029514e-05,0.0001876477655311
0.0023543457442988668,0.002711059912828688,0.00215971722875335,0.0024314593771592,0.00018811732015537797,0.00032094456069533997,0.0002869019502679
0.0022227678864774497,0.0023827367341451877,0.00356646960192425,0.004440893350760757,0.00182498919392876,0.00150781897784272,0.0017594191391553998
0.00020020405874933336,0.0002475185124986875,0.000347346778816125,0.0005630513041517571,0.00028768402809391995,0.0001929122457975639,0.00023822198154205
0.0010883267947612502,0.0012067502870530624,0.0020923730224256,0.002700635882977657,0.00145820810871638,0.0011388212973680201,0.00097015791086035
0.0031688043388627836,0.0035050484802637873,0.0050116667658616255,0.006455763582890329,0.0010190962559011,0.00070328722755238,0.00024011907561411237
0.015339897407672934,0.015484568940674638,0.015594693630103448,0.012567351093808656,0.0034399635093973397,0.00311432815154064,0.0017029332546604
0.0001455905398554,0.0001621514924970125,0.0002596304193476,0.00030373269952288566,0.00022099550485488,0.00020843248652279998,0.000157111290437
0.008909373465737183,0.00956547361194195,0.014262785782232525,0.019174393894089613,0.00866167902223652,0.006578944791772639,0.0075153354998342
0.012879121364883483,0.014540194997419802,0.0159212926114895,0.016010982844547616,0.00410930145246236,0.00241196386227674,0.0017591098000334
0.02445085194763777,0.024185188727559266,0.023899028107467177,0.022704128739290542,0.00262392582580464,0.0034704994697928996,0.00252835223709335
0.00021879785697503335,0.0003641704637561798,0.0017355095876424751,0.0057131553644131005,0.0015084052285407198,0.0008307031037954601,0.00169768334086755
0.0025042723287371,0.00257214220088785,0.002744988308991275,0.0028018151842088288,0.0001754717397310108,0.00019864602835552,0.00020079141526905
0.007153185399044683,0.0074996575743913624,0.006263951328336325,0.005298043225845443,0.0006821287136493801,0.0004508304091279779,0.00062903648778635
0.010482419049973666,0.012836464572256187,0.015956525656585625,0.016819559101292857,0.0049968775503218404,0.00398392655766258,0.0031166842748283
0.0052428598495127335,0.0069144020110677865,0.010506428540154225,0.012594827151134658,0.006530398593322261,0.004848258223051899,0.0037068373578433003
0.00012260699308462304,0.0001463114189263875,0.00020197773424169999,0.0002619501428761,0.00015959662149796,0.00012704053435074,9.48322004990425e-05
0.00027407389713690004,0.000292648167065225,0.00039379993433332497,0.0004793170359883286,0.00017795282019915398,0.00015262330756928778,8.03563565686051e-05
0.002067518305372383,0.0034010269550750873,0.00672724760608585,0.011332908533226058,0.0007583017259108401,0.00039458889969662,0.00018588194188905
0.00024398829821345002,0.0002667070479946375,0.000372418298787325,0.0005368773127853286,0.00024226487083113998,0.00019973721177942,0.0003328587723015
0.0002123685048552324,0.00028580111097952496,0.00049407954683805,0.0011569920312334001,0.0008096729609140599,0.00058409066490324,0.0006499062053512499
0.0002678591868841833,0.000322384660292625,0.00048581591396730007,0.0005857740308351428,0.00030785033752721996,0.00023432127884162,0.00021125363072565
0.012123508824998916,0.013684042922507775,0.019604448424213126,0.020563718451955985,0.00904265265644106,0.00664913219340766,0.00316470044598525
0.0023179568749156164,0.0022675017684090247,0.005547713600044624,0.009659911969678957,0.004130774721922621,0.0026359802606801203,0.00614154831658725
0.0016223232323193167,0.001815543677691625,0.0025785449327909,0.0036781666893136136,0.00151162724294384,0.00117791170341588,0.0014077105072932
0.0024252705180635332,0.003226592547926913,0.0037731044618971995,0.005682060406238899,0.0024656070551933003,0.0017131461088169798,0.0026915717216378
0.0024406598940167833,0.0036546362534551377,0.0057262419935104995,0.0074460317212225995,0.00567238781067326,0.00556734967155346,0.00310141777158275
0.00016455740786175,0.00021220331438427504,0.000269827235431925,0.0003391991467562571,0.00014616921922102,0.00013333441206045998,8.13766908875153e-05
0.0006655250700438833,0.0007309681068357999,0.001171063452270675,0.0016290254175051857,0.0007871211213623599,0.00068489591382706,0.0006548766621007
0.0081717673888847,0.011111368483931287,0.016300546241785202,0.02126832854325181,0.00267984603888772,0.00147628234957566,0.0029973756311976
0.018270500376703334,0.01932763684092085,0.020779630959021602,0.027593283553859014,0.01416872489672626,0.01234873120028276,0.0133654385610362
0.024994057667045533,0.026690709244266374,0.030147962542053076,0.021384933941944826,0.0062640981977239805,0.005799789407840659,0.00412776021262005
0.006522178002483867,0.009213358407278313,0.01367838310112885,0.0174801518453022,0.00751348706795454,0.0057955289099497,0.0052552602044848
0.015198744043551015,0.01672275273611825,0.022714536210204923,0.035492104918794,0.02573694606764318,0.019175958001290364,0.056816582970037555
0.0090695951403567,0.01026311033657095,0.020884154419132026,0.03128643094162157,0.0110148011949383,0.00607496749645078,0.016698602972507498
9.593028020696258e-05,0.00011341449676495633,0.0001760315897398,0.00021955101725035713,0.00014862673053476,0.00013288424799154,0.00010845008087251914
0.008209669975483516,0.008361785386356449,0.009809093515861924,0.012117188033790614,0.0006009702574299123,0.00051878567109694,-0.00018582754557254998
0.00026930718980151667,0.0002903839670116125,0.00044163082686184997,0.0006073643078348857,0.00028561363125012004,0.00025020044914654,0.00033531372747365
0.016590546196366168,0.02071425626841546,0.022981069217936825,0.02328040306375164,0.0058294715503211,0.004120181110587781,0.0045372463565414994
0.007180899362998382,0.0075502665672553745,0.0117952676219378,0.0145264328863731,0.005876112217085121,0.004751968852607401,0.00642850540615275
0.005585392506586799,0.006757339123631563,0.00846968474777805,0.01060276168433556,0.0009330386053809601,0.0006352078260628461,0.00086514894196105
0.00010800001265041078,0.00010036868456161753,0.000151522719976875,0.00022561862183389999,0.00014296178830796,0.0001055750017022106,0.0001540619942864
0.00026605251911086667,0.00030388865486036254,0.000462733716910225,0.0005679560832596429,0.00027756487373006004,0.0002663427094822,0.00010920191875787884
0.0011379803257099668,0.0012704778289637875,0.00202058547710295,0.002365485610829043,0.0012126434963159998,0.0008752327856067601,0.00137655926327555
0.006768226098216368,0.010909776480396026,0.0166914655228233,0.024738883093147285,0.015810900011694683,0.01138221604559804,0.03009813951885145
0.0022692108113485667,0.002822826601778725,0.003765056767202625,0.004029833355479915,0.00056836194099272,0.0005812711501131001,0.0005722721263732499
0.022398601429169385,0.025385632390832087,0.025189528686870348,0.028327996247403304,0.010477245450408141,0.007343619628989881,0.0016745638490359002
0.005558806837038233,0.005952318091837337,0.009295329453092475,0.010799685023366385,0.0041386627002364,0.00289270041810452,0.00269582794438975
0.00018461260424143335,0.0002306407683398125,0.00031052626338184995,0.0003755047257494285,0.00015356926082594,0.00013589960408272,0.00011469021383191306
0.006259343046120449,0.00679112641798525,0.010061396108620425,0.014871801179848602,0.0075548455422182,0.006008230407188,0.00693468156512855
0.0007468818288844167,0.00090606405836565,0.00168620585930775,0.0026618737366185,0.00078206550100184,0.00070931102587174,0.00029040038330895
0.005791009136233934,0.006005692979889713,0.007575679653439174,0.010972386660020842,0.00728865398856844,0.004892005546691161,0.00580489978552035
0.00030001068369635,0.00028376819021747496,0.00042680092167644997,0.0005013044994614143,0.00022514182114719998,0.00018329019152484,0.00013096505667359998
0.0051268013698804,0.006677710098055749,0.009342218599061274,0.010169348384713114,0.0031481746781443594,0.0018836946122535,0.001756186659366
0.0015407032974683503,0.00149380866802985,0.00256869275982685,0.0036319056000581854,0.0015147062680711798,0.00109598347296402,0.0020277871154146003
0.00012268249082049461,0.00017942009318411918,0.000371105973549225,0.0007900556917931572,0.00012853118633716502,9.086783563095778e-05,7.77494384250562e-05
0.007446551449281466,0.008316665988649363,0.006040460323591625,0.005082272597380471,-8.424442833243648e-05,0.00026166298168920005,-0.0005756405251833243
0.012999285610120934,0.014879827383648398,0.0158243785472135,0.018308853928322044,0.0012455193690974514,0.0008785096688594115,0.0027148838683852504
0.0013889132355537834,0.0020657164782089377,0.003364817755872475,0.004250492012619328,0.0017889694474411803,0.00154905762963642,0.00134769809480845
0.00013746529778943845,0.0001488082154039141,0.000257921747775875,0.0002910484067701714,0.00017884654295441998,0.00013144969759627096,0.0001575113389018
0.002484022963270217,0.0029152502795040873,0.0030371489665916252,0.0027812588854455576,0.0001145250676117,5.4946410184739994e-05,9.060003169553383e-05
0.0113706200288562,0.012901039098860926,0.017751427250867525,0.022074866941811027,0.014998607478037102,0.01267863474626264,0.0117274464313491
0.0012130039747055333,0.0014452101124399627,0.0017790294795656,0.0016030072150650715,0.00028108208004146005,0.00026428500015081996,8.880205060889999e-05
0.004547141928520767,0.005064091876678663,0.0082065583743475,0.010560862074234486,0.006213485469267881,0.0040907211056713,0.00790166471871975
0.00023357339939891666,0.000256082408234025,0.0003398120486454,0.0004391915766078,0.00020278492348006004,0.0001449196044017727,0.00012533298554675
0.00026952707874251667,0.000274450595415125,0.000357292878092475,0.00044818122046052855,0.00020622358352754,0.0001490405825240243,0.0001342322912060956
0.007427591815618866,0.009027131504068161,0.016654311866678626,0.022999712322363686,0.00578573554070076,0.002391230258758593,0.0053926131259541
0.00017105490013945,0.00014977512487884999,0.00022135090624025,0.0003071722450803571,0.00016604688549460002,0.00014315511172159588,0.00015291330769645
0.00018496049554941668,0.00018830096124158752,0.00030206343897625,0.0003623398142517,0.00014473254950126001,0.00012456338736586408,0.00012919158747525
0.0013158148604162166,0.002513767763834775,0.007289361009788576,0.015572210893110255,0.007713092435121739,0.00414475357607972,0.00964131254701245
0.004169627849469133,0.00532007142983255,0.007143807675812325,0.0111487155353132,0.00024395998944183275,0.0001457280094074628,-0.000139765992523
0.00011368966995655551,0.00011340048799077158,0.0001866830713106,0.00026371412357344284,0.00018205122793628,0.00013979383896837435,0.00018329652636174998
0.010743175629493519,0.0106848092607866,0.010997964405968825,0.010582552265132614,0.00209828822608192,0.0018944302916869802,0.0001617072072296206
0.007363087089154816,0.010672862894759376,0.014619202242476825,0.016022814354588574,0.00576030125184578,0.00391334314495846,0.006588988762546599
7.240772831301668e-05,0.0006080733455707503,0.0036140377875331503,0.006211850695554557,0.0005855476334692508,1.2112421345910771e-05,0.00053188555012315
0.0006368824225891999,0.0007265476485888625,0.001083072455705725,0.0014624150762122287,0.00042614677932374,0.0003540040161324,0.0004553118517926
0.00375811917789445,0.004086283987299424,0.0044913543131087,0.004695076283677443,0.0005671210558670201,0.00017609950298785998,0.00042426575887365
0.00027055608615278334,0.00030080788239275,0.000355150755723225,0.00047151286696800004,0.00022998972388096,0.00017875656425833452,0.00018627986799325
0.0020748377933267003,0.0022580831478698498,0.00335806866345465,0.004412709397755172,0.00199850877932706,0.00175785244323274,0.00172771859676675
0.0031113241248583666,0.004397391662266575,0.0060683447317138,0.007083420047751957,0.0031074021508840596,0.00222960790201326,0.00122620987881185
0.014907981453933133,0.016205437686170363,0.022228326080597275,0.026227312978784112,0.0111900064920341,0.006464329594455099,0.00959933919588045
0.00019692907608305,0.0001967759786751375,0.0002692894477786,0.00034473323905135717,0.00019706485359706,0.00018558976379247998,0.00014226963841695
0.00019404876726601664,0.00023225401787950003,0.00032933006114342503,0.0005727035536145857,0.0002525712602622,0.00020162814568594,0.00019083195262599998
0.0164790202865296,0.018903313360305825,0.025979596680099925,0.03051955146657086,0.0194117982720263,0.016637515823170503,0.012266396952818
0.0001428328428321,0.00013530670687099622,0.00022772935936355001,0.00029375727584274287,0.00018199189079478,0.00011950665710091447,0.0001637432149602
0.00640131591150775,0.008237997116550436,0.012547909316531025,0.016958101564311243,0.00207477585272696,0.00047638951965113996,-0.0007813361316902001
0.00011080468337536666,0.0001107041037787932,0.000150569936557075,0.00020964422717670005,0.00010574803156743,7.883849671923415e-05,0.00013405296722635
0.0017902764691484663,0.0020105214489146627,0.003578408275696075,0.0045774795808660425,0.00214599995327018,0.00151898010063208,0.00242876919341105
0.0010548332832145,0.001064314990459475,0.0012809367359761748,0.0014135092979248858,0.00021546964115481946,0.00023038755847076,0.0003219818135243
0.029070422935866782,0.031869263560900814,0.02746690412948675,0.02730985174839277,0.0038996604339754195,0.0034716634990827,7.665776609379988e-05
0.004683825557937084,0.006530962373380362,0.010075217949062699,0.013462906911125557,0.00249497692989236,0.0012743495728775604,0.00233677965865765
0.005337105863286967,0.006553884630772012,0.011909280146839951,0.0112200750051531,0.004403096398195601,0.00330506485416394,0.00155099147049565
0.0008471234119140332,0.0009403209148099,0.0013454551089238998,0.0016907015849668857,0.0008287182645357599,0.00071763245453266,0.00059423716446345
0.009170031707337684,0.01080675610350585,0.012734391655335124,0.013231910720695286,0.0034793267019641596,0.00213760798033624,0.0015207774188847499
0.00026262717751595,0.000485899261069675,0.0008033556000873251,0.0009844454969379429,0.0004948170336007801,0.00042415119449679996,0.00028137090590805
0.00661396960937675,0.007372997599154213,0.012635661990063177,0.01410930102840544,0.00914596199020708,0.007508248006487821,0.0102707399679521
0.007353923058298167,0.010302781966415863,0.02469780741815025,0.033712431748645084,0.025486488685592425,0.01527958277171928,0.06567345777118425
0.02560153267092542,0.028493223465550336,0.02208656045508895,0.020767635674298957,0.00352029065244044,0.00481049418923132,0.00041287586088780006
0.004351458859765533,0.0055124213306774125,0.008950592991876399,0.012712732457874843,0.0098819187765497,0.008758393186052819,0.00556737422001075
0.00030792704633559996,0.00037397280025923754,0.000543186054288275,0.0006792588186933571,0.00021085994319510002,0.00017607321036106,0.000172552577577
0.0005461267414997834,0.0007477788933484375,0.0012214085413534501,0.0014782952998929429,0.0010923489608838399,0.00099985800154022,0.0006610441120648
0.00102534170638005,0.0011859845013961878,0.00122251565856445,0.0012888299968663427,0.00034842554682358004,0.00022485205696471216,0.00025793580831715
0.0006223614277984668,0.0007331202176576375,0.0009516009710543751,0.0012715071781430713,0.0005050072085991,0.00046826069099978,0.0007721348453731
0.00012839972706229022,0.00012496988791416033,0.000168321551059375,0.0002505060278052,0.00010632015949275367,0.00011094373869350002,0.00013310461125345
0.007570288031675699,0.0095330444880524,0.012006180709672649,0.015028248828175213,0.0011748091083120399,0.0004674938733493199,5.6906942371899984e-05
0.011390553244871933,0.014455381514814524,0.020759780134682024,0.023643142492058015,0.02215215736857648,0.01999615568328534,0.01632692720478305
0.008515031984793833,0.009006505835164288,0.012913565507466475,0.01829391066666616,0.00604943353236818,0.00453740132712706,0.00598409861564555
0.0002727346340252667,0.00032090059282807504,0.00044682628397534996,0.0005781666125770143,0.00031239430325324003,0.00023353330154840188,0.0003571731474676
0.00017824073667095002,0.00015712167820671253,0.00026802373047515003,0.00034988493424894287,0.00020976642144679997,0.00015110682994813127,0.00023466320273120002
0.00014369603128896584,0.00014282225899773688,0.000209462271209975,0.00029428130038327145,0.00019691655748331997,0.0001576948743433067,0.0002328660823229
0.00022714452704818331,0.00022369794469217496,0.000353489195590075,0.00045334184882988573,0.00017745828878285998,0.0001747406569173,0.00014924919627119998
0.0011996981080556167,0.0011097211255093374,0.0017685839356360751,0.002208115007181829,0.00082910275561826,0.0005251627451241201,0.00100146828257845
0.016075241127976068,0.01971696708817219,0.025981805083513228,0.0258205697048918,0.008513238798499419,0.0066937519715753995,0.0088186386747966
0.00578030576786115,0.008382860389748737,0.016398422351771524,0.027662145979115656,0.01311886339079162,0.004708649490582239,0.0200153032260569
0.00015596342133258334,0.00017305230510441025,0.00028986940268172504,0.0006275697210040286,0.00022934142966676,0.00010706924850069368,0.000326044409197
0.0040308081726849335,0.004404156730817737,0.007272419008530701,0.009329863282549115,0.00447537359468554,0.00324720112121298,0.00429787674483285
0.00032940598304659997,0.00038609023821590003,0.000572010079835475,0.0007258876175772714,0.0003422116058253,0.00038600826288392,0.0002669361398621
0.0005155383698984166,0.0007263242284413875,0.0013967172376817,0.0016842165862330431,0.0011822902644788203,0.0010563099413285599,0.00101877574777025
0.0001406509414462491,0.00012439127580411252,0.00022183570860972502,0.0003012799720269714,0.00016929301325851998,0.00013797984454470345,0.00017250313884625
0.0010221914673275165,0.0009473633528640876,0.0014293234445047999,0.001614506670191,0.0005483412757212799,0.00036436637031866,0.0002529383772694
0.00056566720522845,0.0006493782777389626,0.0009826354279558,0.0011453293834327,0.00041501499645094,0.0003283748530318,0.00046006424041925
0.00015468537615352868,0.00016404540681022503,0.0003426912035956,0.0008855852552992715,0.00041909156251019995,0.00017593529042644863,0.00047874702552305
0.003585629806179417,0.003616014275427137,0.005805175256256375,0.007245291581796543,0.004075070639753241,0.0030746746522698795,0.00309002773852595
0.008265018301186066,0.010142528575747725,0.016364498096184624,0.021735147241540083,0.017605791478713082,0.016734421521096783,0.013146032558697649
0.0004177309559728666,0.0005153020304218,0.000953232193271925,0.0015855098491751715,5.686509571480725e-05,0.0001698196633746494,6.345278160850278e-05
0.0007435979848160833,0.0008989175185284499,0.001653014234092825,0.0019373255265724284,0.00120140948732032,0.0009894686381034998,0.0009472883675996
0.009382590698668767,0.010573025120026426,0.0143331639118719,0.015467531244463002,0.005358848350702261,0.0042806087767642605,0.0034257771901736
0.00042933135179779996,0.0005965143255555625,0.001023474474163425,0.001226473814080557,0.0006200045734236399,0.00044222234832754,0.0007128538954247999
0.00891095553131255,0.008797294812099862,0.01336329519142675,0.017293015550625186,0.008369637937836141,0.00664945863721286,0.00937816823327665
0.0001264113630811,0.00011948300817762455,0.000205531518558075,0.00026458727724762855,0.00013618855246474,9.860265897123331e-05,0.00019216313931679998
0.0022209332237380333,0.0022000918863006626,0.0029524704854483504,0.0034109591833407287,0.0009182537802120199,0.0005152792234427601,0.00102390497546255
0.002018357825595,0.0023472472113232,0.0028080775963502252,0.003758266375521143,0.0012678670027818002,0.0007309341413576601,0.00112392265459015
0.0014282599933193834,0.00181675548380235,0.00244566441320305,0.0029365565535348997,0.0013921400560564,0.00098486690888792,0.00137473610716995
0.010622487476558017,0.011325911873121939,0.0130041910169122,0.013833375483696087,0.00408245200149038,0.0041581438069875805,0.00094516555209005
0.0005622787619314499,0.0005618706915423624,0.000941707539324125,0.0011629672170455285,0.0006643043356796202,0.00054888371836342,0.0004765127240306
0.008221191957595969,0.009123320401550774,0.010990264962990225,0.009883280210128515,0.00139109363891152,0.00059869532933748,0.0008029780085705
0.0040681240085078335,0.004310280203998649,0.0057952665417596244,0.006336271481157028,0.0018026003271908598,0.000656005913469927,0.0012435370878928998
8.900526143534278e-05,9.824472216178761e-05,0.000152814577123225,0.00019912946209195713,0.00012746282222646,9.069864250306082e-05,0.0001524303765365
0.0005806953354974333,0.0005909920807562625,0.000872983398521625,0.0010642308152598715,0.00044026285391250003,0.00021384210441936042,0.000329747223244
0.00014829252493946666,0.0001612120679052917,0.0002232451340948,0.00030866800961385713,0.00017150432632242,0.00012254194354948607,0.00017101285836924998
0.0005057645298839399,0.0004041696319119153,0.002352892172959825,0.006996553138511786,0.00210613184636072,0.0005050849991898203,0.0040008982242439005
0.0003748978121318167,0.0003351809737704125,0.00047513670535550005,0.0006188548289888143,0.00022081813218624,0.00017932282945813503,0.00024667308841585
0.0003049571553335166,0.000302686175083325,0.000453469345133325,0.0005289003533413572,0.00024720973392226007,0.00017558807849920016,0.00014052315477725
0.00184543754135105,0.002142533224033988,0.003214321014964075,0.0035934122667960282,0.00111481157175754,0.0009584774383041801,0.00020945509963901925
0.016282935635835414,0.020655043647665225,0.025839699648656178,0.024524245210982797,0.00702888053862154,0.00504949712343776,0.0019159919351621501
0.00011756020623458184,0.00012007437246950732,0.00016645032688897502,0.00023701461149232855,0.0001067296851664241,9.741878206427641e-05,0.00014225822900165
0.0014078882065543,0.0012091716939501,0.0037643919852994,0.007647866163151573,0.00208560251545124,0.0016529361171101601,0.0010473695387225
0.00043126389420645,0.000254768919079225,0.0008638997671151251,0.003184143700571414,0.00192933917085218,0.00102804318687488,0.0018140769608040999
0.0078026105596634,0.008402767948834763,0.005694548733362725,0.004836989772276486,-0.0005558296344901799,-0.00032403500711919995,0.0008224937695260501
0.004139515936834584,0.003792007594526212,0.00644785011757245,0.008712754211351613,0.00501859776644952,0.0036368338664893598,0.0046625213960405
0.005491907559389317,0.00518219657001405,0.0086293476622902,0.010947098235042944,0.008089683940542861,0.006023060664723981,0.00648298823712665
0.0015772264191525668,0.0018803342623411252,0.0018833426712921253,0.0019184444589647,0.00044031627009729994,0.00034618120815752,0.00039968774612965
0.019756823641019102,0.020379547710642636,0.022938695695021376,0.02904378427451146,0.015348487181334618,0.01163531663385766,0.0130814810405906
0.0012831879824189833,0.0012405433696770249,0.00196634660010195,0.0027117386532387144,0.0010257519119511401,0.00061474156637682,0.0013672578992857
0.00336171698145755,0.003553624897646675,0.004576412506723499,0.004814068820912543,0.00108949821954764,0.0007970633637366,0.0006647933425327
0.009520866395564383,0.012004465553046625,0.019832467128101824,0.022711230985575568,0.01225709525022386,0.01120563715595824,0.006992001904606851
0.0009189130534681334,0.0009404718720945624,0.001921568560794675,0.004508268765151514,0.0023436001188847796,0.00093922388902376,0.00729565209232595
0.0045176253954217005,0.00500490648987805,0.00748454576161365,0.009343434347179571,0.00609331533126714,0.004405984675114319,0.00475810823375615
0.0019066328109192167,0.0021928352577651623,0.0031928639160182,0.004423392609195299,0.00044530377344050004,0.0004454943723104283,0.0003007024542767397
0.0018901712647606166,0.0026267222410213,0.004625397576148551,0.005074143243244229,0.0039925277119954,0.0036385825971916802,0.0027587169783398497
0.005285815374802733,0.005886604971652363,0.00746452799155625,0.011313236900874945,0.006819112747723439,0.005016654446739359,0.0074761241225223
0.01139707656120655,0.014401872705096588,0.0184355137944296,0.018056014981555044,0.005269483857210019,0.00411999412872166,0.00369001399179225
0.014946929690273633,0.017846692793476872,0.022309669356955678,0.025583583052511658,0.014089764642370859,0.012727453925265381,0.010016748382734
0.03329954336969193,0.03712122516643504,0.027221452888153048,0.025734925535626087,0.00579161971446766,0.00190395513094434,0.005703716010705949
0.0017410051201985665,0.001887130274490275,0.0030702526137156997,0.0039365801084549,0.00216943326371924,0.0017674013326203,0.0023160267850812497
0.00047220084956500004,0.0005040715321535626,0.000595334471315775,0.0009290082149682429,0.0004861341045057601,0.00036599406113382003,0.00045638961747855003
0.00014563522733983245,0.00018734896613036248,0.00027527278436375,0.00040761306142462854,0.00027007674288205997,0.00021466878494866,0.0002360343547065
0.010151099851176784,0.010263604024759175,0.0087105538024969,0.008673975780714473,0.0007864513683310363,-7.340013826391998e-05,0.00153930541985795
0.010400772235534766,0.010760249665486762,0.015074359431880974,0.018819730984822657,0.0137299790833957,0.0123013302347937,0.00784236814423445
0.013658382266267267,0.0140874317264405,0.016829185787550827,0.014580276517076541,0.0040170923986086,0.0030473137047229933,0.00112583995250945
0.018488352581167586,0.018579940338369887,0.02491908159237785,0.037729302891218175,0.02407027467715942,0.01650903379648244,0.05361433221833625
0.004403935030773866,0.005029487480537526,0.0066363843104993245,0.006314353069657014,0.00101797064166218,0.00105779515403038,0.0009366125825193
0.009869391957416717,0.01041435768647575,0.017742334314938928,0.020681568195377,0.01764620059490742,0.01532926756024634,0.016097175362003
0.00021683992858434999,0.0002632651897832375,0.00040320778616592494,0.00045370613144294286,0.00020010300901054305,0.00014640304480182306,0.0001554805214401
0.00022287033835683337,0.00015422837411027657,0.000419372418278225,0.0009751702276178857,0.00023365671712632002,0.00015929194008725594,0.00049301232263345
0.01148694823613555,0.012344234775642749,0.013995251448750724,0.013193615137131643,0.0035777894859186795,0.0024785581851477397,0.0019574299791445503
0.0001770851363662833,0.00017344314110255,0.00029800098265377495,0.0003469860108645571,0.00014320789040109998,0.00012436847133680812,0.0001389035017114
0.0003982804170545,0.0005553153550451626,0.001029445375867675,0.0011706447396602141,0.00064143695717578,0.00046140433634130003,0.0003351417695102
0.025014365829806397,0.029808570303345525,0.029859670205711026,0.02761177905438113,0.008281524049354042,0.007447729236319141,0.00451585580282875
0.0042418013382854005,0.005674043182914,0.0054954970043342,0.006277285342532214,0.00022192435553268004,2.221734672877998e-05,-0.00020819850915220785
0.0007899731272276167,0.0008452720301223251,0.001101448443014975,0.0012810152695263857,0.0002859984196936382,0.00024352949236920002,0.00016937230714235
0.002554189884668217,0.00284720482294205,0.005857645430831549,0.006737915468706043,0.0027109058778010398,0.00258394121295344,0.00243008880953955
0.0011100671834559333,0.0017425100269599873,0.0026992730907812747,0.0032176037879633286,0.00173427958211292,0.00151008198927226,0.00073111962202985
0.0004611123207186667,0.00043069848101214654,0.00236745692512625,0.006975642153943471,0.0015879331660362203,0.0010807575215361,0.0020654604955731
0.0008714830650036334,0.0009036540491447875,0.0015650131501879498,0.001989978549419486,0.0009202150084044201,0.00069727606209522,0.0009837884332898
0.0101095563510115,0.009821674367380623,0.00883775699764135,0.008535735226554243,9.42888268171433e-05,-0.00019054866819179998,7.842600549405002e-05
0.003079997387463016,0.0036346261674290374,0.005316834390762699,0.0068708272774396575,0.00197279878645018,0.00179198088263352,0.00159782330481225
0.0018267166312916335,0.001959253299742125,0.003946440759617275,0.0041675996894511135,0.00269185331541632,0.00247392311786362,0.0012827402392656998
0.00014767314838615,0.00015532985399249998,0.00020040614818897499,0.0002789405415783572,0.00017519347784008,0.00010913105935844016,0.0001632566875973
0.012620075631872334,0.013616572505592162,0.020972743403387725,0.023567058651102302,0.011726866761886598,0.009983216145611021,0.00766895924419465
0.0024553897929007,0.0028615149333728,0.004645614921840525,0.005937802621969457,0.00013086750358341605,0.00017687856574645792,0.00025935780224905
0.008065173914093534,0.010792782400047638,0.020388026735368575,0.03328702422738099,0.02208246706443468,0.014614425715374918,0.044112199515726105
0.00015464895304854456,0.00016431210449552498,0.00022749407443499998,0.0003004714751245286,0.00018178975783264003,0.00014458277010302002,0.00014835343312335
0.0010799130193277836,0.0011977912669761874,0.0016716587486769502,0.001904821567434657,0.0008172158434619998,0.00070455893392394,0.00039975758968485004
0.004087400543976949,0.004563464881341538,0.006443820535425175,0.007671008614748987,0.00234069024021536,0.0015407798788302,0.0015777947723636999
0.0011205052232185501,0.0013766287788833124,0.0026368566541189247,0.003175003015419586,0.0020205411630934197,0.00181810794161612,0.00164592664483465
0.00011308971452604817,0.0001190513953990229,0.000185375198104125,0.0002963848844634429,0.00015220395376878,0.00010273029626660028,0.00018617238472490001
0.00027170159498670455,0.000573118942660775,0.0024902253955490753,0.005950597254587429,0.00448345967329352,0.0025741158858556797,0.0033376846021817503
0.0003934917731481834,0.00045001965541025007,0.0005393201531205,0.0007405977268120572,0.00033320821184902,0.00024125157828486,0.00045941916361425
0.00033555204870745,0.0004112616874676,0.0005321184752986,0.0008136426032152856,0.00025878956476512,0.00017959296769295806,0.00013520198452562218
0.01806196154947483,0.0189470293477838,0.020531475945655728,0.018283528314424598,0.00354132619029558,0.00289005501971006,0.0034098350637991
0.00074223397112825,0.000835018665266275,0.001248455144333775,0.0018598492872404571,0.00086785763812754,0.00060729591734722,0.0011441488172717002
0.0028822189447879503,0.0030996910215907872,0.004027518634584575,0.005292328002267471,0.00190003260810074,0.0014684581499106602,0.0022630740871654002
0.0014439048994302499,0.001457714572099825,0.0021658151654958503,0.0024802799563434573,0.0012368288332562,0.0009389316188681201,0.00081773315681035
0.0039918995365611,0.004399363913635312,0.00471882412480125,0.0037299635882915433,0.0007553895449908999,0.00035495714151004395,-0.0005686700538395501
0.0002550172957130167,0.00023177142293668752,0.00033061368346145,0.0004403045941208285,0.00017881857627585998,0.00016078036223490002,0.00017583856983715
0.00012722971965153332,0.00013423192452199998,0.00019571252723000001,0.0003277171698077,0.00013118890239249752,9.022046181197e-05,0.00021578805140329998
0.022387595508109533,0.026793401407912438,0.030376444897400098,0.03056691995947507,0.00949820150273706,0.01003562803429808,0.0052139443594431
0.0008994777234009,0.0010291165353456875,0.0014461179044108498,0.0016814983555322569,0.00076447463434856,0.00060259740813336,0.00044792318300435
0.0051062340138146,0.006136098039974962,0.008397111220504575,0.0107401600418503,0.0042446879146139805,0.0043495728540892,0.0018226327562056999
0.021294917606695135,0.022497780039319223,0.024915317817479028,0.02275120471375237,0.00654242709203248,0.0048797825654565,-0.00023804389041324998
0.00030830242964306667,0.00029004963133276245,0.000447072890552125,0.0005332292196026714,0.00022532681361142,0.0001672640428082,0.00012481146875615
9.261754019423246e-05,9.961318046981305e-05,0.00015224792613862499,0.0002015664337787286,0.00013030135416663998,9.717537294988874e-05,0.00012386657931288958
0.0009117718444499167,0.0010945865231638625,0.0017842459475842251,0.0024342007261725146,9.405528982862247e-05,0.00012255426669920206,0.00020132604825655
0.0011180926275732167,0.0010997438142733749,0.001787883619421,0.002454693522402414,0.00197786058006542,0.0018635530732649599,0.0010683671947106
0.0015197301383254001,0.0013335866947971752,0.0016425283089018749,0.001637498983847343,0.00024253196183817178,0.00015906708274289176,6.562380592585634e-05
0.0001992335155065667,0.00018826336096965004,0.00026347702935635,0.0003729010860386,0.00020912416333268,0.00019391932306146,0.00022637269064405
0.0029847839899748,0.003473383002276688,0.0049024646196515744,0.006471095548681386,0.00327110197233184,0.0026814448039841803,0.0038523518501726497
0.008060051812716382,0.009526498109271638,0.01714925968056245,0.024424009514396446,0.005761316711075359,0.004414244880607319,0.0054533759970108
0.00119335438601565,0.0013322908070877498,0.0018278455825216,0.0021915525890229717,0.0010620216439643,0.00068474129319254,0.00107530257761785
0.0008116512825364332,0.0009172784823254249,0.00120459367786495,0.0013370519750267142,0.00047103078973649993,0.00021406763926062232,0.0003343590348184
0.00017326047173028348,0.00019638959698495818,0.000880320661475275,0.0032431706278840287,0.0018734708088602402,0.0009353752963235401,0.0022580127310635
0.0034576772170062833,0.003972676727616525,0.004964892105242775,0.005942751186754985,0.00148601873642072,0.0013224350243094597,0.0003007498720308
0.0004765159520436833,0.0005233937083801625,0.0008838070947054749,0.0012109990134548144,0.00078176811076626,0.00054927943449472,0.0006885814468556
0.0009046376528299999,0.0010203165236504,0.0012642645889877,0.0015065697623325716,0.0004512605566132599,0.00039450031920438,0.0004044474465885
0.0002386951858846833,0.000260209892478275,0.00034454380815425,0.00041376646148124285,0.0002025969126201,0.0001440339288059,0.0001730969185969
0.0003524815530746667,0.0003889354298308251,0.00053980371846765,0.0007030613353550715,0.00029496747536894,0.0002452918952548,0.00026177684315485
0.00527221805201725,0.008914669780602787,0.015489257394426149,0.021785787343336884,0.004962822657892941,0.0052779902563781,0.00115577294858085
0.009320525716845067,0.010229950449351337,0.018278184554798425,0.021632061185487574,0.0174040025145136,0.01605341832074876,0.01074012797659855
5.9011502250463666e-05,7.350088454758669e-05,7.337702226520139e-05,0.0006532439821451142,0.00060627832231516,0.00029460563735208,0.00040815550087430004
0.0008982484658823169,0.0007788673535444875,0.00139611766003665,0.0019048466839234998,0.00125456325159208,0.0008073657646101801,0.00146735648850195
0.012420803649602734,0.012862621488411862,0.020163601218719625,0.024172610135713313,0.01547454118091974,0.013723383340194139,0.0113482362351408
0.013275820906948635,0.014368319898554888,0.0182128665004886,0.024753423891541632,0.01999405826647854,0.01806239528470156,0.01555880913422425
0.00017510267363905,0.00019061171735553747,0.000299400141930675,0.00035297421481989997,0.00025611736409740006,0.00023102728545886,0.00018919112122655002
0.010130071846174867,0.013189458850668224,0.01844773832075585,0.0223162366294141,0.012395389912560301,0.01159252159675328,0.00835204907868185
0.008543061048006484,0.009441844219404125,0.012980221617547876,0.015400674515953157,0.00011811601409375998,0.00045758530868252,0.0013391266273337001
0.0002273743624364667,0.0002426341699615375,0.0006247370462293,0.0015587548501981572,0.0003106838511764,0.00014779392719140488,0.00047517242282
0.016132340977990534,0.017653436980501126,0.02168447286176317,0.02837108258739077,0.009214093717878,0.00746070923350458,0.0088058086614176
0.007376966043847,0.007749828565248638,0.01296505538626745,0.015970727919626785,0.008916657330543922,0.00664477181436932,0.008658487440852451
0.00025171169043281666,0.0002841382022992375,0.00038664105699985,0.0004007852324611714,0.00010998368146545624,0.00012299431287627623,0.00010219049883949331
0.0002539813714544667,0.00028990551819395,0.00035972266835665,0.0004479945275620714,0.00017779666855162,0.00018064971183533998,0.00011494227714195
0.00015027063301010913,0.0001767833661074,0.00021157826016315,0.00031015538185314286,0.00016144990544744974,0.00011701008774108972,0.00013946276949689998
0.01758868393356723,0.019186957130408012,0.026173689144450625,0.030338092007378144,0.02343739438710496,0.020573804766252417,0.01788336696163145
0.018732396401790818,0.019141915121661548,0.016605216193707598,0.016373013147175985,0.00176050287439782,0.00045829533577906,0.0020121163141811
0.0018752160643799335,0.0019622570042971627,0.0022887144133855748,0.0025238688889821573,0.00038685178414856,0.00041225199086494005,0.000342317514281
0.00014174061178498333,0.00015945278350431249,0.000189042640744225,0.0002697571694907572,0.00019015459555252,0.00011266164785825895,0.0001903761662149
0.012694398068908064,0.013879254829299999,0.02194938059677125,0.0310759456805634,0.0160866221409506,0.00903301863379726,0.0180515107676591
0.0069924002190621835,0.011112065884603686,0.021563208814660124,0.03012185752290652,0.026846135851931963,0.01807115899891972,0.06576429925319775
0.0008840347684727334,0.0008750648130718126,0.0012085012644946999,0.0012955619440562143,0.00034516815698646005,0.0003154295086563601,0.00034614099750235
0.026696563556019983,0.029128029265660386,0.03395864489591255,0.03192065238319059,0.0133261872334501,0.009433683208796641,0.00209959537268565
0.01078587374515765,0.011507354007586639,0.0152144875947509,0.020977663908062827,0.014986494768029681,0.01014654579588846,0.012740617890123051
0.01262538141371055,0.013845770429169325,0.016738195961757425,0.016197562415180774,0.0037688485017535606,0.0032987704441367802,0.0013693792627987502
0.016857773038995313,0.019185375089324674,0.02354853798550435,0.025104113332329214,0.009641373688089802,0.00808279259427214,0.0063806567158073
0.0006058108169633334,0.0006239494198794375,0.0009235628667972002,0.0012670788226928143,0.00068640564487728,0.00051892245280984,0.0007657645958327
0.0017775564289768502,0.0018404617015701872,0.00305473872970265,0.0035904427392132003,0.00183075397099718,0.00167843328699386,0.0014218548003209
0.00018232398222566666,0.000189667705670725,0.00031127828060679996,0.0003758509161988572,0.00021947297956786,0.00015331686166268,0.0002181922429784
0.00010994508377411933,0.00011836001751639999,0.000229333635165025,0.00023769826231768572,0.0001564792253817339,0.00015900370583712,0.0001310373925776
0.006981726051681449,0.0093683940092058,0.01631291739573685,0.018971698183324132,0.01584827753085532,0.013639543139145161,0.01082862357397785
0.00030432287850486666,0.000294318716954075,0.00043286079722015,0.0004720032956812,0.00014086726715024,0.00015212245000074,0.00011802248898648733
0.0015148120745491834,0.001558770718531025,0.001806594384822525,0.0022934351994055996,0.0001512182381364051,0.00017103032437910509,0.00016434034904705001
0.0006099519880974667,0.0006316717875990125,0.0009548510868732,0.0011481186989157001,0.0004517702126101,0.00034270902645074,0.00023044227866555003
0.0008723164491590665,0.0008517047065248625,0.0013150652248429002,0.0016302986577203568,0.00084396142134002,0.00054083303726998,0.0006681051545577999
0.0021807989118589333,0.0024829338042941878,0.0037358814473767996,0.004269390431523571,0.00200728842657082,0.0012991701772722402,0.00210139299418625
0.0010417711372739998,0.0010320375446036126,0.001719212391720325,0.0020651913075482,0.00105570907724332,0.0008115637873302599,0.0010069453635552501
0.0020851651164817834,0.0025902200589172876,0.00342196060014695,0.003908374066988129,0.0003855993113451077,6.813662196516893e-06,8.508153346519073e-05
0.0006910132766522166,0.0007445289414592376,0.00088242547882155,0.0009034604460751999,0.00018421296765514,0.00018202563676687343,0.00016718836234580183
0.005922884404118633,0.008927566285396826,0.0134195834423845,0.017659282361100228,0.014962345168533262,0.012145595053105881,0.0072653478294612
0.0003148941310975834,0.0003250097529766625,0.00045490629396137503,0.0005925570074919714,0.00032990122103642003,0.00022385623374248002,0.0003437805107718
0.0003364149474325167,0.0004783959079697875,0.000957256064333425,0.0015235803545558143,0.00024385740122351193,0.00026768967501494,5.533577596983362e-05
0.0004913866090814333,0.0006802527790448625,0.0009448603587098249,0.0012799895238158714,0.00062222657565318,0.00044076856898762,0.00030607710549525
0.0001855062393622,0.00018884351545896247,0.0002801191023606,0.0003484684494282857,0.00016001288014052002,0.00014824116107762,0.00015654551313970002
0.00015292142137208334,0.00017678519392961252,0.0002368169704993,0.0003023907664463572,0.00013239068441739908,0.00011712321250123905,8.859243809929074e-05
0.00173921002850785,0.0023019258793687625,0.0041674256100473,0.004951547420397743,0.0027357737142782597,0.00243365986846866,0.00198685197910955
0.0080716713377068,0.008883556532884898,0.013428632531299976,0.015268140481512772,0.0053106214648271,0.00447362327353898,0.00329388867902125
0.0004773466058360333,0.00049962996387235,0.0008053617282466,0.001023294516906943,0.0004665673280631201,0.00032584498733562,0.00036001864110725
0.00012141132708244925,0.0001405912440353625,0.00020911940717777502,0.0002594339523609143,0.000148632846162,0.0001077932250288033,9.829594939787131e-05
0.0007433838480645833,0.0008366890005023625,0.00130133576011245,0.0013204952963822715,0.00051235674203282,0.00053330220053502,0.00043948844960295
0.006747172698103334,0.009509634054005687,0.018211598599279573,0.026722508578557985,0.00991404752870608,0.00564311115448436,0.0111516452164735
0.002935599487833883,0.003518134335636563,0.006340744502151,0.009436614612485128,-4.51240680451998e-06,-0.00024001816173073996,9.167533263398965e-05
0.003567966088267467,0.004920173248570763,0.009844310851420374,0.013256212630314115,0.0004766434751602601,-0.00036029165524982,0.0009833103694627
0.004565992266015717,0.004980338973403087,0.010717203293084225,0.01431706458091513,0.0020708364101323195,0.0013163215019005602,0.0011280517365670501
0.0010997607568954831,0.0013984830881730126,0.00252547431041785,0.0032811334108918144,0.00185596436833814,0.00139193636051144,0.00123970426651535
0.0008211191024172834,0.000893736635926825,0.001416497944101625,0.0019400632733087568,0.0002499160508536033,0.000197152432818399,0.00011784789803280608
0.030474845101636432,0.032940253633102136,0.028781024934462454,0.024305558543614915,0.00357584419271394,0.00123686030782546,0.0036919752827164996
0.04127238124370016,0.044419165601576244,0.03889171860674118,0.03318992412649964,0.00887551878542308,0.00662482399468602,0.008482319057615751
0.00014409439262150157,0.0001487654069419713,0.00019179553296442498,0.0002965073138101143,0.00015512297247007996,0.00011377731249200194,0.0001690849861551
0.0008078419893579334,0.0007898129143057751,0.001137107250683275,0.0014810029391462286,0.0008003547337125799,0.00060313286871374,0.0006439942118578
0.0009541136904146832,0.0011590773673328125,0.0016153548378871501,0.0019523935430138285,0.0007424960386294401,0.00042276479714553996,0.00071933343305875
0.0016510307634088498,0.0017830264041344,0.0022348485534963497,0.0025227823140746,0.0008667383645426799,0.00074127735360312,0.0005261925092696
0.01456892975592485,0.01569359409926445,0.019075402574630824,0.019897722326848017,0.00644199714027454,0.00570891409035884,0.0047966524654073
0.00012211606677165,0.0001363213314112875,0.000273779941772475,0.0003425079570718143,0.00018324938012753998,0.00015775661508716,0.00012038840541247653
0.00016271970937793335,0.00020101661196935,0.00034330499203055,0.0004518668764169143,0.00014589611189524,0.0001473190508232,0.00017272872990165
0.0148041136461606,0.02009421595666303,0.0270435547284198,0.025979738145313357,0.01231783723876376,0.01092400854324608,0.00840493813218885
0.00022000556057828332,0.0002292326806074,0.000327868269768775,0.00045943346774690005,0.00017466452586025998,0.00016804573222335998,0.00016985441114735
0.013175700680172715,0.015588877758023426,0.0139566426576191,0.011717554023654172,0.00290198573053112,0.0022465040741919797,0.00157381874570105
0.0020828650436476,0.0025484836362123,0.003999287602359075,0.005122747664507414,0.00344011029668244,0.00253840668327266,0.0032751345462496504
0.0022679375688318833,0.002151956937296312,0.00324438084408705,0.004308934871817057,0.00261659815753998,0.0022288357629785,0.0015862066467837999
0.00021598887171701668,0.0002104286464734,0.0002868154758516,0.0003677748125746,0.00015924200085244,0.00011269631478920152,0.00013683141829260505
0.013122621027764167,0.013759068916367212,0.0142851154267886,0.014460734154665728,0.0030906777890813398,0.0023460953411648,0.00304262573950485
0.005822050070229867,0.006653142643794286,0.008252112410789651,0.013728722522725657,0.008340286198898799,0.00675625267945292,0.0071985512869549
0.0015056087945307668,0.0017782538418830876,0.0022344468326995,0.0022846580476781424,0.0002707918188590984,0.00019623421779108564,0.00018198089304895
0.015767859464579936,0.01719898058926561,0.02060034835390135,0.018646775490759968,0.007351136743141659,0.004609110056186279,0.0024920305167795
0.0029486582069120667,0.004070368148875775,0.0073280534966151,0.009238861113591887,0.0061692809523204595,0.0061773146470415,0.0041045979337878
0.0006156222762458333,0.0007727919398326124,0.0010678339930791998,0.001239801947320657,0.0004638593694156,0.00034024420353189996,0.0003181115124637
0.00021327513954013335,0.00019246345975018514,0.000337067364276775,0.00039886373268202855,0.00027143320131712,0.00017646467972911223,0.0003100039942353
0.0005285526161322667,0.0006512703013363126,0.00100853195443895,0.0011856018050310714,0.0005383720094150601,0.00031967238792208,0.00056610365432845
0.00023429248920326664,0.0002665458532773875,0.00042094433435937496,0.0005419879088031143,0.00020193725078232,0.00016471871474720001,0.00023781646014175
0.0005805009074267499,0.0006403924650507375,0.001088125372247775,0.0015073531428133429,0.00023134940163644,0.00021793354610596003,0.0002522555029443
0.009275966414638933,0.010404509630109676,0.012346022223105576,0.013045552676452856,0.0027811467329343,0.0022223999654885002,0.00019087115560535
0.006575952135893616,0.0073964795113930625,0.0111440024313555,0.011839773299665615,0.00477460597691478,0.00358962933429918,0.00273618198250305
0.02563043621127738,0.026440394694580923,0.0229328717892633,0.018571071768823215,0.00479684264525746,0.00103812616203586,0.003986790561979849
0.00800909796835485,0.008959419151072762,0.016448395354265774,0.025264475347305016,0.00867242397127054,0.004982825272428959,0.014148224217797701
0.004515823472107484,0.004887727601076075,0.00808949336540415,0.009703276013705898,0.0044451643283928005,0.0035292908301514008,0.00371644829302155
0.0054564127599844,0.0060218609917711,0.008902363062911426,0.009205906829889185,0.00284417478094918,0.002665961016,0.00240397695295305
0.005429052547826367,0.006349546046853812,0.0054960945500005754,0.005096279164755329,0.0005644686072984201,0.0005320932725699,-0.00022028903253370002
0.0007915462447533832,0.0007224892586692126,0.00176102705078185,0.003912077442160757,0.00067568485631678,0.00072104382681152,0.00020181925567084997
0.0003697574600400333,0.0003888115664989,0.0005738987582532749,0.0006862364645727285,0.00027599139941623994,0.00024186312717642,0.00016490014125415
0.003067032378187083,0.0032259065870123378,0.005238638728174426,0.007274624038764914,0.0037100431122806797,0.0033268114322041404,0.00299278929145275
0.00028241079198991666,0.0003208401033121875,0.00059384852310615,0.0007225678250349999,0.0005276709450215,0.00042297819678014,0.00035288711765685
0.008023750801004566,0.008548073263364,0.0125300917776092,0.012872488651672056,0.00488932042869762,0.00398953938228724,0.0031091662411925
