b1,b2,b3,b4,b5,b6,b7
0.0009421860795125666,0.0010873579937635126,0.001770479026313575,0.0025153563656720285,0.00037174403757136,0.00028663607887432,0.0001380020806282
0.00019445973450895,0.0002192336296232875,0.00032891597970034997,0.0003929946633553,0.00020209854484615997,0.00016399945278074,0.0001508664502679
0.007583477330034367,0.008554462126514275,0.011682841162514127,0.014034598101110385,0.00539125306327082,0.00449345522595514,0.0047676689005413005
0.00028053888187271666,0.0003317820768087625,0.000889724388723225,0.0028134063055323287,0.0008245803020784,0.00032590380878038,0.0030065305422302003
9.946394334448462e-05,0.00010132765089851923,0.000154835508032025,0.0002096858216115857,0.00011926962982494,8.895130804148072e-05,0.00014480338574525
0.0007491719971382,0.0008639168785028625,0.001427144929406425,0.0017855334994391857,0.0009094798966745799,0.0007176693976949599,0.0007263045164010999
0.0004451429645261167,0.0005206121269748624,0.0006868746528846001,0.0007931066746670285,0.00023143210564931997,0.00020375444312824,0.00014347831913515
0.0002837232092892834,0.0003073509288362875,0.00047178997101677504,0.0006255112464134857,0.00032833893460340006,0.00023525918513413998,0.00036069755527200003
0.007158586459447701,0.008968952664397038,0.014576513888757551,0.018302807143816997,0.01584448421674632,0.01466223717784644,0.01162198843901935
0.0033574302716513162,0.004792722089133538,0.009639132579631875,0.014335900076907243,0.0013227620945129202,0.000628579450356382,0.0003319560798000366
0.00231418108253165,0.0024124060727345998,0.0034730289888164753,0.004126352780732986,0.00143388167418592,0.00109757965072054,0.0010275842945233
0.0016063959063085831,0.0018984488862618125,0.002893407813340425,0.0033618382514855566,0.00120889688000622,0.00098987003082984,0.0007324023475322
0.005209798662310717,0.0064110879182368114,0.010123388413009325,0.012869800662672386,0.00779979067953096,0.006399748912297021,0.00612676649040815
0.0016661973897080333,0.0026279174439749753,0.008027036108172575,0.017389658888775743,0.008254668330918079,0.0041496118481837,0.02296693808230075
0.0017789528478220499,0.0022771721893131004,0.00341193295950105,0.0041500538126094,0.0002690915633234,0.00019966477942001998,9.491228699942165e-05
0.00017598831611233333,0.00016902216045107502,0.00025199264527055003,0.00032944571657575716,0.00015545971938934,0.00012119372307193999,0.00016565662575610001
0.0179403193785701,0.02041710995922344,0.023163868387560977,0.022352705850978767,0.00544262047664284,0.00459150373420694,0.00334476284076945
0.0010316392986388834,0.0010932110128518125,0.0016661391770472248,0.0022039363394563,0.0011473733569057998,0.0008182756607664199,0.0013963842355827001
0.00059938750931145,0.00061281854026275,0.000894178237436975,0.0011998867652720717,0.00062062356387818,0.00045623709552145995,0.0007090928489945001
0.004918281016936383,0.0067359126484238,0.011802171690358524,0.018390388238768898,0.0029975402610626397,0.0016705808183305997,0.0020767914228275
0.0011666479903541,0.0012640956312086125,0.002070027444906125,0.002744842846495657,0.0016168664813771198,0.00114879955422294,0.00178727787400865
0.0005281615780731501,0.0005994873069595124,0.000873145222858225,0.0010969186847189143,0.0004922636045558,0.00039964485004791996,0.00036421909652585
0.0017179850284565498,0.0019817403275643624,0.0028973844016498,0.002917964422960128,0.0008767317633331,0.0006206454241343,0.00047280873629845
0.0022592410420741835,0.003118650151773962,0.007617961845616925,0.0127842911276405,0.00358626576960566,0.00231978444826862,0.0029339875399064
0.0012260078285881001,0.0013919416267243374,0.00192179010166975,0.0022187424991447287,0.00038630153265141996,0.00033178775009142,0.0002033387328347
0.005219968995302184,0.006351975578665599,0.01048397715842545,0.012565837799589,0.0071591014947556585,0.005884643199065539,0.0050468864740255
0.0006187920571267334,0.0006914123422456125,0.00099739613461,0.0012528927139760573,0.00055113077323998,0.00044197505271935996,0.0004565807020559
0.0046008958191004505,0.0050831316259909625,0.007525089610997275,0.009449848393645629,0.00356600859374528,0.00283867376122868,0.0032010902065978
0.010409033617957034,0.011735969761207337,0.014739868131989176,0.01751535549868343,0.00633621693221874,0.00490542730097922,0.00507401059762795
0.00036110432351068336,0.0004271806537867125,0.0006691188748660501,0.0008112285510217856,0.00043905713284823997,0.00037917032495338003,0.00026990953432355
0.00023119771867825,0.000234656067379675,0.0003337771728174,0.0004384642433926286,0.00020325673762000004,0.0001503619705954,0.00018515327849454998
0.0055109763017076666,0.006897439848741063,0.013972021988494825,0.022070876010768545,0.00679893792219678,0.00365936163004756,0.007575396822490751
0.009802651530490368,0.011507074684487563,0.017820624793927025,0.025001263597733074,0.011302610240592498,0.00788190545661408,0.0119760868843933
0.0001446071026890667,0.0001511825846435375,0.00022904831775875,0.00030097779471744286,0.00016111782253804,0.0001175862940252557,0.0001981484457821
0.019530424137591266,0.021158371012276363,0.021704856512920923,0.02502314833431743,0.0055817948241143394,0.00395100908249776,0.0038503064910638003
0.0003303240547991833,0.00031048412713699996,0.0006587445244189999,0.0017519080650989856,0.00025540460859822,0.0001527836566170368,0.00017181571850675
8.171461297858838e-05,8.970234563691596e-05,0.00012848564736622498,0.00018353336296315714,0.00012089607467991999,9.569068678430537e-05,0.0001467200137321
0.0004586313680544,0.00047205888282442497,0.000656089527865875,0.0007998176274968572,0.00029533757338797995,0.00021833875363399998,0.0002384423185677
0.00022498619229156664,0.00024088587367375,0.000380994061053225,0.0004890664612523857,0.00028847702589874,0.000214919410091,0.0002904075399205
8.054010541259293e-05,0.00013515281695515046,0.0013358241064015501,0.004773099299307672,0.00335460553980142,0.0015729095380816003,0.00866446306857775
0.026106468234869864,0.025916984982780472,0.015760529246763227,0.011158717575962958,0.00141418738703434,0.00089412022644862,0.00079213822705235
0.008559518691881601,0.010012556297475375,0.01460473932219105,0.01993322561270054,0.0023724960758243403,0.0012924478658979401,0.0011635630614842498
0.00014404887071954998,0.0001554943117946,0.00022402274976392498,0.0002899866063243857,0.00015329864656706,0.00011649857105492001,0.00015264596264835
0.0033315882583049836,0.0039279081970725,0.00656581628992735,0.009567180705634755,0.0005657508382680001,0.00040361734900782,0.00020530394472772167
0.00044113168543941664,0.0004927480040910875,0.0006938567549896501,0.0008523121472632428,0.00031051161826372003,0.00025376199983138004,0.00022868888389904998
0.009214860008582418,0.011419580384108525,0.017094948711239,0.019679319410058068,0.009588933978787299,0.00833370421421562,0.0056841547975248
0.009768659127201715,0.010309670462286225,0.0150178937988651,0.01915391760038544,0.01187336506610652,0.009341025583657962,0.0091968195266455
0.01978794587826198,0.021803873486044262,0.027020464780980677,0.028744116253621072,0.01087114919464198,0.0093111381366132,0.0054096699989311
0.0011564399729453165,0.0011826774430155503,0.001676473473295725,0.0020710085347344,0.0006174391775424801,0.0005230300154176,0.0005996205335598
6.958014881050571e-05,7.738385814438434e-05,0.000122346926587025,0.0001668608808392143,0.00010988464346447045,8.500115820574352e-05,0.00013460538129615
0.0019150190447230165,0.0024110368771002753,0.0041381632922766,0.004771705131651242,0.00219918726759592,0.00196046812262068,0.00128372975938195
0.0009045322040135666,0.0009839099156239125,0.0014817077837986498,0.001810155908071671,0.0007169446325492801,0.0005697793835711199,0.0005235653408918499
0.00015463394864623334,0.0001611882410094,0.0002436956666149,0.0003220757086394857,0.00016595927036908002,0.00012114155636817358,0.00016186685968015
0.0033018559531109997,0.004095252618661038,0.008165013838359299,0.012257723383151045,0.0007971891822766,0.00053116028336736,0.0006333240769089
0.00020429984835316668,0.00021088616216063748,0.000316730144739775,0.00039167918837827145,0.00018724995363694,0.00014204054528934,0.000164187494976
0.0001350336361915333,0.00014841552998353752,0.000213929522964975,0.0002866565679470142,0.00016438243692585997,0.0001287659786482237,0.0001682903743782
0.005794423928571883,0.0067934956039606,0.0127004835839749,0.02065618090086167,0.00814899612947992,0.004751127436506559,0.0132119639233215
0.002186556877588267,0.0023176899206242873,0.0032274177129539253,0.003632008996043643,0.0009401065884252598,0.0007246087148549,0.0006965175811023999
0.005217199490008917,0.006511808483877487,0.010831740418375474,0.013527076814679271,0.00709748569912162,0.005658940717404719,0.00456979967007645
0.004205083564443399,0.00496737818803515,0.009585424133958326,0.0131908455808418,0.006001151675560061,0.00469604827355546,0.00509947611213575
0.026046664666925595,0.028952973423968912,0.023923116138350548,0.02054790155365364,0.0035747937139015,0.00418917117128496,0.0023096309677688503
0.00043609758667831317,0.0008261534877323125,0.0049192101189937,0.010399782904612884,0.003941542050390319,0.00212350166411802,0.0039952797061837495
0.017995075011546048,0.019635199844749072,0.025097191853119673,0.0310967033341391,0.0211999629106829,0.018946645148449858,0.01411085201469935
0.00246232735656925,0.0025693061948914376,0.003916047756159875,0.0051677237359619,0.0022018093169793203,0.00168371656172332,0.0022168400543745503
0.00020764198024519998,0.00022092976190565,0.00034013783418090004,0.00047911287153855716,0.0002444462626448,0.00018905416636718,0.0003099192384439
0.008159017470716116,0.009988961346275938,0.011425976194663425,0.01368638319753286,0.00032557650751616007,0.0003824805803117378,0.0002867039897544
0.0004146358378214,0.000427064281477975,0.0005557780193773,0.0006498625648338858,0.00020905304707728,0.00015701849937428,0.00015620458625545
0.0075032575216345656,0.00927117440826325,0.01478295116911725,0.022023567136076984,0.00326522861289148,0.0014031073628112199,0.0025039421959002
0.01104147289462225,0.011699164961327576,0.014892678201639774,0.017472958211904043,0.00643244826647716,0.00480301807812196,0.0049085841351697995
0.0013448886857740001,0.0014896136438365252,0.00224810632745645,0.0028576808700615003,0.00131422326370742,0.0009786671106799601,0.00116112569182375
0.00021201526595713335,0.00022302762668853753,0.00032311537437285,0.0004092552683733286,0.00017746623109114002,0.00013848655583234,0.0001499801821266
0.0016416774015759166,0.0020463709664519376,0.0025480223555577252,0.0027803844714351855,0.00034565651484906,0.00022736936624866274,0.00013750611574245
0.007371982961437932,0.008988528846920925,0.015360733667414975,0.018528297224457473,0.015577216107734482,0.01381000909008146,0.011620750648200149
0.0006036991168291167,0.00063005280951415,0.000893189681854425,0.0012529621450818001,0.00043369285563934004,0.00031826014528316,0.00036537971173175
0.00019987503616216665,0.0002071965636794625,0.0002884040330216,0.00039255878349975714,0.00019399067222494,0.00014157083430262003,0.00020852969264275
0.0007546407033109498,0.000775215364160275,0.001038879672500775,0.0015036686698154,0.00036021245283460006,0.00025547883400236,0.00027868255056375
0.0001526541020418,0.0001510409435742625,0.0002276285547358,0.0003141453166883857,0.00017394976725491998,0.00013418295369182,0.00020141182259750002
0.00012046674190131666,0.000119958058174,0.00018543548086945,0.00047802280566421426,0.0001589371961112,0.00010159559070463003,0.0005563824491871501
0.0006697520074584333,0.0007297599104728876,0.000982232643133625,0.0011729213159349001,0.00040577987018116,0.0003331366620662001,0.00030533260277305
0.00144714745505305,0.0015528037403214,0.002161682165679875,0.0027758928202942282,0.00109078337194694,0.0008412560804516401,0.00094480539291895
0.0016911240516937502,0.0018007154825226126,0.00243537328593095,0.002890343787441643,0.00079671277507414,0.00070091051901046,0.0006179919242087
0.00484164759050245,0.004980947189693413,0.0075851584979365,0.010410126794577531,0.0058400376964112405,0.00432326892879656,0.00603722808960685
0.004503081179906867,0.005813149249265113,0.0088184867149346,0.011587905125998128,0.0007050268083344401,0.00043248481480215957,-0.0001172683576822742
0.03734266439233839,0.040103952609808015,0.04054312550292572,0.03772845856902823,0.01031730419180392,0.00869542974333724,0.00676062474660025
0.007040787043581099,0.009225840432762063,0.018190160007957125,0.029627480225256696,0.017673791214020018,0.011315424216037939,0.04090959333905329
0.00010659227857561666,0.00010680231378615313,0.00017198906058464998,0.0003242165836122857,0.0001288505444473,9.49648444287157e-05,0.0002848054485838
0.0169447976155869,0.018673525004910412,0.024220116308226375,0.029835671667500972,0.019217965650868578,0.015440516463619058,0.02019239775857465
0.0006702392520657833,0.0007003411144109001,0.00095245531177375,0.0012662284908982284,0.00021377074911476,0.00019144313346266,0.0001362907834426
0.004908352033814684,0.005432583671385612,0.004178085502494175,0.0034939141131816428,0.00018244480689436,0.00019152919941654002,0.00014822663430415
0.0003529061072605167,0.00036024046495352496,0.000521791315904175,0.0006975211316882857,0.0003336046831919399,0.00024520132392193996,0.00029109077344155
0.0015164044161937668,0.0015835253340833251,0.00207979139595515,0.002395291539900057,0.00072862342173716,0.00059493459755266,0.0004207593562372
0.00046364629122185003,0.0005156352848621875,0.000794944333751775,0.0010213893716424429,0.00056916684972348,0.00045715283629929994,0.00047272977012560003
0.009029614535553501,0.011940883533556225,0.022819041501717728,0.035062115961396446,0.02418091053236482,0.0168179942980348,0.0542202562886552
0.0020318139571851336,0.0023304797433355996,0.004520657529169849,0.008170747248866685,0.0028897048946664203,0.00190966273039144,0.00302563731837285
0.0018144397818168334,0.0023873092385750753,0.005757383071341575,0.009893371524523072,0.00071560972092446,0.00033892585521995997,0.00035079375579785
0.00273615277742145,0.0031131795146552123,0.00455296413249855,0.0056531730015369,0.00042864643515250005,0.00041403210354790007,0.00013318004010001
0.002217402718437633,0.0027199994028324253,0.00376271408011445,0.004165537319000115,0.00109977313064836,0.0009207613026761599,0.00093266784749175
0.0025485872803433663,0.00333720793620745,0.0060372507764883745,0.0075966034687653715,0.0055311018262863805,0.00496189860674532,0.00379026852407765
0.0007037931931744833,0.00083364112218735,0.001402544766370825,0.001675925746365457,0.00094014060249936,0.0007862186577190799,0.0006692034965716999
0.008783938397725717,0.009927252550879801,0.011919509363850325,0.013484322453588129,0.00010360714727782466,3.9512688026144654e-05,0.00044110027657285
0.0008038884856674499,0.0008825350912537,0.001463139394119,0.0026170889820556426,0.00026177751228098,0.00020369704047084,0.0002004418898898
0.0019752418152297665,0.0020099043345685875,0.00327022361995035,0.0043967250161918,0.00217229400666322,0.00160778984467412,0.00269449991697075
0.00021150216785285002,0.00022567631543855,0.0002960973730186,0.00039818142083574294,0.00018685926544109998,0.00014806636257994,0.00016194331929455
0.00037158629024220004,0.00041107713563839996,0.0008076098741789249,0.0015397085158484428,0.00021908899009596,0.00017120287960068427,9.476964730879419e-05
0.0002852536594407167,0.0002975408687052625,0.000859964932456,0.0025655624765444857,0.00036609245320004004,0.00019812221785640402,0.0004550801111465
0.0008145592605336167,0.0012770560786763627,0.005941897777171449,0.012680055476760243,0.0048930572700964,0.00252528249088972,0.00877724469182125
0.0014554445769467833,0.0016420884394876501,0.002522138435630325,0.0033137402883159,0.0018544519663249402,0.0014348174772526403,0.00182517447594065
0.0013739909434182832,0.00142849511851305,0.0014714278570498,0.0016151721989790143,0.00015370813921600319,7.574251634701563e-05,0.00010336515269914999
0.0036538646204113665,0.003927341339234088,0.005340016523977175,0.006504779365753015,0.00217915395882932,0.0017464945065873,0.00181015619507985
0.0015964038758179667,0.0017614810816224875,0.002653813013649,0.003431161267721757,0.00173984849089172,0.00131129327833612,0.00198540671311825
0.009432185213495467,0.011256583977177922,0.016806667473457024,0.023703928922924,0.00381210754483582,0.0019071697730902002,0.0027933104854444496
0.008100040233587067,0.009056553042828376,0.007533846519293326,0.006767980925889043,0.0009295479023514401,0.0006655710345634799,0.0004952304155593
0.0019988448304844,0.0023790213750954003,0.0035442864022958,0.003955649342420086,0.0013119420161215802,0.00111104494135082,0.00074262100754695
0.00015136589906426668,0.0001814816220711625,0.000246866909379725,0.00026553656513185714,0.00011521825368089998,9.630333460447351e-05,6.978077152443413e-05
0.01727753306344205,0.018684189823165914,0.025298685566853798,0.02906343671182344,0.01851691892621118,0.016159954007435598,0.011590683640359749
0.013689057581902267,0.016276751651153824,0.022068143063162474,0.025972275584783874,0.015384231080615018,0.013577869139709542,0.00964003295051135
0.007173328568856783,0.008577787214879201,0.012542032092381824,0.0142464651969511,0.00522490548812922,0.00472618423539576,0.00418170778624085
0.0006367842856887167,0.0016484326005949124,0.0070933865041741,0.014780227769896886,0.00802494028286848,0.00451238374515032,0.013823960582044
0.0002635535255978,0.0003093731044616625,0.00045265047520774997,0.000574087933479557,0.00021576398314046,0.00017064339915708,0.0001241453256703
0.018734779611008636,0.019928617321577087,0.019932384814153825,0.019148631714202776,0.00291248251162816,0.00239799849287508,0.00195535569278485
0.01899088148577313,0.020183441861834774,0.019341761748708573,0.01834789540798123,0.00324814140817256,0.00235177081571038,0.0013893751297602
0.004122525194973367,0.005012224291174925,0.0071241041103275,0.008937961904262487,0.0011705092873914,0.0007742349588440201,0.0008130287680500499
5.040306382102837e-05,7.889202346238899e-05,0.00032889468102352505,0.001184535253329114,0.00102840554794162,0.00058337504404122,0.00085407940037995
0.00567512747520695,0.006380968386460312,0.008868195040672974,0.011133146997898986,0.004143547700454541,0.0034458802390664803,0.0035458722510916503
0.010852870685973182,0.011854908919680412,0.012560324005424376,0.012345252644837842,0.00242961102143134,0.0019476023133316801,0.0012132417972551
0.00021614043926471667,0.0002373343014440125,0.000353141280513025,0.0004701666268784428,0.00025120297220213993,0.00019002787360905999,0.00026995672050499997
0.0002017309154957,0.000226645903048175,0.000340994629600325,0.0005317120540164857,0.00026632461986236003,0.00020118454064844,0.00043001877765355
0.0007324102282210833,0.000776137806992575,0.00105560027349675,0.0013611385495327143,0.00053065847617778,0.00039525701917566,0.0004983359438268001
0.0007878873357852334,0.0008386328083812375,0.00106546099931445,0.0011424714901324428,0.00030329714329670003,0.00026109929295756,0.0001957569267241
0.00095359715130685,0.0010115549204224375,0.0015480749962115251,0.0020441614464297288,0.001039295702086,0.0007556153153773801,0.0012977961458900998
0.0008076660045764833,0.0008722899763900376,0.00138155888217445,0.0022149449608739004,0.00077462893969306,0.00059537596192704,0.00070555101012505
0.007501356161498767,0.008540036073713063,0.00682105965335605,0.006795216246865943,0.00020134385598932457,0.00035207712614158005,7.240667919526932e-05
0.0017093534257897499,0.0027950866785682624,0.008772705369841075,0.018495531131918947,0.01045626240017074,0.00574448381882532,0.02807008295298795
7.935937385539236e-05,8.830997723969514e-05,0.000142611833162225,0.0001930233296070857,0.00012482522860750308,9.151639855363322e-05,0.00015133385302715
0.0024351177002137,0.003118288506243,0.005250444567029724,0.006242807847142143,0.00371040350053554,0.0033388149055396795,0.00231230585636155
0.00029876731160721667,0.00029715301160445,0.00043737828943825,0.0005836818602626715,0.00029160621665732004,0.00020789183079456,0.000328916042502
0.0001944063612856,0.00022566506633605002,0.00033818039071852496,0.0003838403355254,0.00018444804226412003,0.0001586784931676,0.00011751279824460001
0.0021854747960415167,0.0028905339063843628,0.005281207209452025,0.007402246988440843,0.00011038460188544537,9.806353900700083e-05,0.00015179991072314998
0.025668835264918935,0.027043010319500613,0.026570046430774624,0.02490192546724254,0.00491002861159592,0.00404288373666008,0.00328278358861605
0.0003406855336634167,0.000413830989244625,0.000586893689039725,0.0007013245698234428,0.00031453560563856,0.00025654377151460006,0.00022072098373070002
0.0031914295168770667,0.003632787575718775,0.0045085419141097,0.0050113281570627844,0.0009429865824240799,0.0007931655489718199,0.00047161328984225
0.00034827076844008335,0.000390780064492225,0.0006602333363175501,0.001073946825975543,0.00016069512933960002,0.0001406845170096,7.821160306188316e-05
0.005842646060735917,0.00610889420947375,0.006217251360745175,0.006049761621566715,0.00117315622622806,0.0008133531503525798,0.000724816409815
0.004189003175387251,0.004771205650679438,0.005861616440948675,0.0063290368722961855,0.00044779213977506,0.00052538650093392,0.00015889720303990002
0.011158711557768883,0.013192838736927563,0.022023938773376377,0.03276848813818597,0.018428315472412443,0.012085588462331601,0.03514563215493045
0.013135286268597819,0.014555124001599463,0.019161909589396176,0.022274173836627744,0.01037058902415088,0.00805587848538416,0.00776237790940765
0.0007988843620657333,0.0008245086282001125,0.0012376001192781,0.0016472544378321287,0.0007939895747947,0.0005976093328139001,0.00081417739762255
0.0023669919436188833,0.0028678067913311,0.0045482339994020494,0.005494245602075472,0.0021563425994224,0.0018320818734561203,0.00138309938103985
0.023398793500421202,0.0258640035910443,0.028424784465614226,0.02669992065904386,0.006568894603202679,0.0048402721807613595,0.00463259263284835
0.0010121868485336,0.0010293807719829002,0.001533640851688625,0.0024012386159970142,0.00040262026850784,0.00028567623252711996,0.0002209783462422
0.0004784435015734834,0.0004997390162892875,0.0005733071263589749,0.0007068897882243428,0.00018975625876450003,0.00015580112187956,0.00015980012273114999
0.0007454846437840833,0.0007993697611409376,0.0010805044560858001,0.0013038819028287857,0.00046713263190404,0.0003807849154281001,0.00040329908938085003
9.828389585253951e-05,0.00010077282725900703,0.00015387942189565,0.00021733197380075715,0.00013275045887076,9.773246029498453e-05,0.00015566640990795
0.00029052662496661664,0.00030351780925444997,0.00040900313823072495,0.0005031428877251429,0.00018717668265366,0.00015040306021618,0.00013272856974425
0.00030573658624608334,0.000326379117594375,0.00048256704485929997,0.0006606290565543572,0.00035900693152082,0.00025517101360708,0.00042063636021905
0.0016026614996946832,0.0016853483429257875,0.002445225937263225,0.0032150598948491858,0.0013935325636787,0.0009936271894398399,0.0012690854533022001
0.0036144591614057334,0.004783133466774187,0.008068064020158524,0.009658520827856757,0.00550351344157344,0.00502794935019764,0.00388514162427435
0.003418925196626083,0.004087822970574251,0.0061508880282906495,0.006728951758231186,0.00222004458301626,0.0019017392465680801,0.0011223731696946
0.00017006675594676666,0.0001760333653968875,0.000256840371973225,0.00033245744334561427,0.00015831368763918,0.00011552728092447931,0.00016194315110145
0.0020667477986828667,0.002877685034378188,0.006654052307899375,0.010502420621148116,0.00068040413827356,0.000304346959174802,0.00013053606718145498
0.0021870945065993,0.0025974983685909626,0.004207829007120475,0.004910675718645843,0.00226387426624372,0.0018665099798319002,0.0012151211994583001
0.00058463875272835,0.00064474685619285,0.001001160371894275,0.001325951235768686,0.0007818461790362,0.00060920174170958,0.00083276206617595
0.008435525456447,0.010379834844537087,0.0144800920070694,0.018714342865334688,0.0017984371474976002,0.0009517694661776999,0.000973729043888
0.0034115862455500173,0.0037041356092906,0.0059248058853894996,0.008020605294458829,0.004625227311354239,0.00339705093588126,0.00509506061675105
0.007329236899736301,0.0077397311930074,0.010703710489694577,0.012708475014924314,0.0038430872558150204,0.00307010095934232,0.003376917426035
0.02875276540640828,0.031559922056475925,0.029232988325581178,0.025536329646881885,0.005584367479930481,0.00397200139913198,0.0020726186167895
0.00022183986367854997,0.00023135710553277502,0.0003407128162379,0.0004481841163085286,0.00023992559025241998,0.00017585518248195998,0.00023429742954395
0.0022838676454365165,0.0025745227074780875,0.00520823626831055,0.008345433984125331,0.0011160671937759398,0.0006862854976202,0.00069534232476425
0.014593158352815015,0.01555266391349934,0.02207686153832135,0.02726418042421844,0.018944862861679183,0.016726249976283462,0.01490544711407835
0.00016168323457278335,0.00018625376234355,0.0002780761157868,0.0003349926008999571,0.00019670407811962,0.00017693404011116,0.0001389958467315
0.018764687685121715,0.019625900072853676,0.019313204885758002,0.02263563053092093,0.0034851503752582197,0.0022484991403892195,0.0022859611104291497
0.012662383303324365,0.014376296505743649,0.016003891213012975,0.015377234799348629,0.0027833270927367596,0.0017630481993904002,0.00142248507846135
0.0011127254142517,0.0013202939806838626,0.002111797600747125,0.002543202725337743,0.00118753517405156,0.0010144909467196001,0.00078833915116885
0.0026552418596942,0.0033488088149053,0.0046594648975229,0.005389910663789584,0.00015795736115461733,0.0001395723382791621,0.00029131176028275
0.00023422814311086667,0.00025129543062565,0.00037141952374925003,0.0004785527109000571,0.00026781721340141996,0.00019722302700074003,0.00026316888614264997
0.00025275525489149996,0.00025218234341565,0.000479276775881925,0.001488964404378543,0.00029372822678448,0.0001756041005996,0.00047988104331384994
0.0003323443577505334,0.0003560836576587375,0.0005077108657748251,0.0006868512527616572,0.00034466501139888,0.00025824371098913997,0.00034420013383075
0.0110360312205385,0.0127466340314606,0.019262045055098424,0.022903494820248255,0.016358271735030062,0.013579546751937979,0.011919133635735251
0.005639427410150833,0.00743995264502765,0.013555134989588326,0.019808794770228285,0.0029335890243493,0.0017688480927297,0.00221201884581815
0.004163538469635834,0.005105515657662825,0.007113950379447424,0.009244696883245529,0.0009097504855353001,0.00066853236417768,0.0003857127901131
0.009718304425796699,0.010773357520857738,0.0156983614944157,0.019167192084188028,0.01070178429492888,0.008764854703117619,0.00954752530369615
0.03857426061338335,0.040252410582303264,0.039646193881575004,0.037149135564035915,0.01128420939915612,0.00904122424345804,0.00631152084267405
0.005043379943509667,0.005972458907503963,0.008936948640993725,0.011214732033606773,0.0052019094661214195,0.00399291052913862,0.0038131180009935497
0.002756579583088383,0.0030373368610136,0.003896757506253775,0.004352386954060186,0.0008618853439261202,0.00069252083486954,0.00047188659724244997
0.011250387937965234,0.0116736355176454,0.01362226030710885,0.0156967221960705,0.00248802569796088,0.0018098124184748603,0.0015358280729847501
0.0017854848194779,0.0019368794019341373,0.0029607485788257,0.0036983531771795997,0.0017092864346866202,0.0013447935768148799,0.00158617636295115
0.018667110986096917,0.021007865876363288,0.024817810593601726,0.024001801616039625,0.006447072362210479,0.0056213484231071,0.00324241264400005
0.0015347656574821835,0.0016493553750436373,0.002322066957092,0.0030232814079817283,0.0011529351702694798,0.0009289943340794599,0.0008860533161925499
0.0006476678450831166,0.000675450819183175,0.0010338827199787,0.0012391333021507,0.00042097616273631996,0.0003781978932469,0.00033933865790025
0.00037629505726518333,0.0004088892548392875,0.00061407299874795,0.0008338696851676857,0.00043271838282934,0.00033635055065706,0.0005076635228247999
0.0006900533095334666,0.00079141217344605,0.00119243202450815,0.0015592861453319429,0.00097019074725664,0.00074576952657374,0.0008157689192953
0.009457126586160483,0.011077339781540813,0.016678027216770797,0.02214669862616767,0.0060544669024631195,0.0042331129642215,0.0058924966425013495
0.0008568502190427167,0.0009993863780389126,0.0013853673961707251,0.001596278030622643,0.00053593051630992,0.00043568808380156003,0.0003144091560985
0.0016419910375505666,0.0019830376852143622,0.0031526765045447247,0.0035054461498770996,0.00112316028061408,0.0009509193932638599,0.0007379893503969999
0.012099105239310334,0.015232926899099462,0.0244775352403674,0.038983627575492764,0.029219116482459923,0.01955201708259004,0.0726294347917764
0.01152419435427355,0.013520166030004062,0.024533179818657422,0.037705250564947786,0.027369426361522266,0.01788203297406038,0.073832440421676
0.00023369881187014998,0.0002718852265166375,0.000413868418801225,0.000549831265721,0.00034653969531278,0.00026334494415971996,0.00036074957372229997
0.004053752904960916,0.004207611396907987,0.00599771414696695,0.0075263619322819995,0.00255919753766986,0.00213548133866646,0.0018652705648667999
0.003560825606885766,0.0041629264643066755,0.006842116874710775,0.009083176158431485,0.00582415594405126,0.00481476988672464,0.0063380181791157005
0.00038324240645968335,0.0004302352532214,0.00105210841865285,0.0020598671096362714,0.00017198348215870094,0.00010926806151876194,7.605245971125606e-05
0.02103209084188247,0.023865957909355636,0.02437483094812475,0.021471128440415158,0.0042252489214023,0.0034944835945210596,0.0031536758129807997
0.0043416950739885,0.005018199136405625,0.01051026220161825,0.018603881744673246,0.0102000591323051,0.0059198827043644405,0.02267391967358135
0.0057507900045454,0.005925269136370813,0.008495162833564125,0.010170278020972572,0.0038032643167307,0.00299441486519476,0.00250524950018655
0.0002311087155064667,0.0002424091005480375,0.00037276386453695,0.0008359796666246857,0.0003274710003256199,0.00022354457404508,0.00072211731923375
0.015163631007240198,0.016849351182720525,0.02464249949988545,0.03403593344515357,0.01623269208093304,0.01096968473930004,0.02851962143695455
0.00024011007526231667,0.0002561490506473375,0.000376984967822975,0.0005157991611422428,0.0002759710632252,0.00020316917080086,0.00034301406159395
0.00039488765971680003,0.0004202565184164625,0.0005360996724878,0.0006315596412558286,0.00019709521594474,0.00017254348874006002,0.00013037066759705
0.036771373241520335,0.038558782745395266,0.03544008618258207,0.03218573034492581,0.00823342439589026,0.00625144090164924,0.0026776361962849997
0.00023123729927883332,0.0002536924834215875,0.00036227489253287497,0.0004261381566478714,0.00017936880858126,0.00013712728083676,0.0001404745004013
0.01823674583827135,0.020558059485573713,0.025699451165812875,0.030121565620428014,0.02188131396677116,0.01881714473650494,0.01502325970466255
0.0042547875650328,0.005265048088594975,0.013226963815852248,0.023314947267649704,0.011516273777844917,0.00675860374239628,0.02333849605727035
0.0021739593725869665,0.0024921482370153,0.00413627442405565,0.005397111864495372,0.0033126911998528396,0.0027698407186195996,0.0034052408565734497
0.014841305873316987,0.016722412818988498,0.02285488967583325,0.0276798036668818,0.019034041658532598,0.01634576321731328,0.013687369782581449
0.0010647064409404,0.0011002191097300874,0.0015250699151511502,0.0018650912030730997,0.00058974664776144,0.00046630811509775996,0.0005574969438357
0.002889920740683017,0.0037971317607337373,0.007151759979293875,0.009590954081559572,0.00122878507667198,0.00056124972799616,0.00051949991083415
0.00015262258638073332,0.0001619088172423125,0.00024181968045065,0.0003209394288351143,0.00016905016516222002,0.00012571459326328,0.0001938480269786
0.00454504855441095,0.005881386261925637,0.007012247849349,0.007699162432043613,0.00026413882382964206,0.0001583246208333653,0.0001938854821707
0.0005411519135523667,0.0006443023351680376,0.0010827028241344,0.0013066691615357,0.0008804243912053599,0.00076362657251408,0.00060261294035385
0.0002498548214193167,0.0002683229880086875,0.000423416689198475,0.0005333294501698,0.00027658537694960004,0.00021761145754052,0.000265884767455
8.467122431266147e-05,9.098495718668656e-05,0.000140245004426625,0.00018940928648634287,0.00011480803815092934,8.954136874404833e-05,0.00014270296472205
0.009178583321401482,0.009849110528626425,0.014214941766775374,0.017535364712706215,0.007453112150759239,0.00601885841793586,0.00574485080401645
0.0016791095223796333,0.0018574994477872874,0.003794962223331425,0.006714436774744343,0.00084703730994262,0.0006098136765112199,0.0004346696068621
0.0003015916590078167,0.0003475196888249125,0.0004633868356032,0.0005456719523053429,0.00020443374216808,0.00016836565798712,0.0001324932741228
0.00025956888474904996,0.000293668074438575,0.0008013784723347999,0.0018218696520874572,0.0002782936144833,0.0001876963839662,0.00014140286346034999
0.01703364469186837,0.018540852418772416,0.02529214459281015,0.02972465352602608,0.02025517021525266,0.018375539025215416,0.0134259944900669
0.004274606903676867,0.00528540668802635,0.0090692570698683,0.011197768137392258,0.00573298179480742,0.00474271372274234,0.0032307018895748997
0.0024606258522700997,0.0030506604305760875,0.0050524584958211004,0.006194738036236901,0.00320773799945534,0.0026790865666190197,0.00225724596746175
0.00043207617445868333,0.0004231870024228125,0.0006745017055345,0.0009429120664655573,0.00053247614212992,0.0003895404278615,0.0006463960908603
0.0019119499992801166,0.0022485981283162627,0.0036134233297893,0.004918859635268615,0.00290148181420846,0.0020584124822902996,0.0030888715090966997
0.00011284160272446665,0.0001188829450048,0.0001767997320876,0.0002435559406537,0.0001350596170785,0.00010615120916403513,0.0001410282950876
0.00016433795695138334,0.0001664916956308,0.00023896751302099998,0.0003171919186236857,0.0001530476379487,0.00011265689025393871,0.00014629536952675
0.00012337249260351666,0.000136219068962625,0.00022849184291825,0.0002927036626276143,0.00018221728428770002,0.00015114409874656,0.0001690438956563
0.0002701780952039333,0.00032272827751873753,0.00047842439132922496,0.0005691713004074144,0.00024773670549908,0.00019620588112792,0.00014761188721125
0.0083539284150563,0.010298292760011561,0.01632221921606225,0.01818376857515003,0.00964914541062172,0.00809897214650138,0.0073848152928756
0.007224496866322451,0.008747943969112175,0.013416280817463476,0.017404601750151228,0.01385455854430748,0.012575501334183281,0.009054286892233102
0.0023224851471566332,0.002506194978859562,0.00347501124231235,0.004417462133800429,0.00131741982316206,0.0011609696067489,0.0010104208254432
0.0006763926321053,0.0019331553090901124,0.00813993052143455,0.0171229299513013,0.01298975869722172,0.00826099262084852,0.024379302931120603
0.003246141248037333,0.0032983367014136,0.004541359863724825,0.005484820363671314,0.0019836726267805998,0.00158878359394512,0.00132313492865585
0.004454524052505,0.005734755830568375,0.011032130733884324,0.015740519979444388,0.00921524186050646,0.00681972262834976,0.0095988300197707
0.008576415696497001,0.009278689984449513,0.00739518079190155,0.006116716503782686,0.0009419109393101598,0.00075695814663666,0.00065429179631965
0.010664574489868068,0.012706806356950276,0.018528953220823575,0.02184874250220124,0.012587848486851318,0.01090538750428766,0.0075763411080143495
0.0022831057808009336,0.0025536871409781873,0.004067580819055925,0.004869814815955414,0.0017921273669797,0.00144702689386736,0.0012929101767938998
0.0005900020758617167,0.0006737642059366374,0.0008409749174292501,0.0009964117764040571,0.00015195475661822,0.00012027580384429176,9.397828191300328e-05
0.011834032920232366,0.014519292563600112,0.024016078266908804,0.03832198140131865,0.029555164515273964,0.02086804181520862,0.0794870233980722
0.00848106111755575,0.008928037713542699,0.010836193955880827,0.011374401484673684,0.0026692351523702196,0.00206594901553364,0.0015781073823236
0.0010407852597874834,0.0020749812281909623,0.006542455442140401,0.011444084762795443,0.0019411237714768998,0.0009181078431839799,0.00073336916004205
0.0011737087291330166,0.0013536177768279248,0.00211306269497675,0.0030405936924068427,0.0017194991188022798,0.00125753428521288,0.00206401992256995
0.006280968137198217,0.007053806866819,0.010960677097431575,0.014512786259066043,0.00910492879999048,0.007689459219664479,0.00830278154155575
0.01426795311991845,0.01639977984141865,0.01832472177829495,0.01973190613459427,0.0038584852619420198,0.00324013664425758,0.0024565142607940998
0.03081044322937282,0.0323524034759506,0.031862226381935824,0.032055356387788815,0.008447543321290921,0.006216810005724239,0.005211909551633
0.00014006513781993337,0.00014801427878235,0.00022585489333705,0.0002899402544249714,0.00015519429066012,0.00012072500735526505,0.00016548875581009998
0.0011634675533658833,0.0011983966642197877,0.0016015951656482,0.002326188036990657,0.00052185946085108,0.00041451509116776,0.00030001873803305
0.0007437933125695834,0.0008177108250849625,0.0012719039460122499,0.0017080645104952,0.0009631630947338,0.00071517127387968,0.0011175296719836
0.002658449063948533,0.003201981545032338,0.00423682893075305,0.004404919227492386,0.00099603711635828,0.00072002764375926,0.0006653614407546
0.00943298025170835,0.011191733129331763,0.0170751254350731,0.024983074134369034,0.005049414190784621,0.00273322374415822,0.00512225304963265
0.0027665518529304497,0.0037765005713068745,0.0086819590408348,0.014357238922747387,0.0020278215782436,0.0010326854133292601,0.000924383947552
0.0015133188791696167,0.0015693266931064624,0.002275383286806975,0.0027108770971961287,0.0008361749158825,0.00067027293075186,0.0006693361452603001
8.49656132265017e-05,8.67044650643455e-05,0.000130014390002475,0.00018622634521097144,0.00010815267382999863,8.07908694860407e-05,0.0001335993263991
0.016873383764772366,0.0184401159709064,0.024520678084912102,0.0307277921059521,0.023328951344372843,0.02029200920774134,0.031230084591379603
0.0023918114971336504,0.002450086142987362,0.0037129990596528,0.004947601675667999,0.0024021022499514802,0.0017781487681553202,0.0023606053524838503
0.0022230342854332834,0.0028589117042288,0.0056247635945263505,0.0094253793147399,0.00594200564877978,0.004302982524542,0.00682448510765935
0.009699842556789984,0.010878098722469962,0.015542606289952274,0.020368919194186173,0.013689341572919839,0.01131471259861116,0.01151487551663485
0.00016577117650008332,0.0001759995611807,0.00025503865893865,0.00032499282985370005,0.00016456230295974,0.00012192236372554364,0.0001602791318126
0.0016516003351291,0.0018138495899266375,0.0024731531682128252,0.002974582240849557,0.00090111426158688,0.0007222771932656601,0.0007016178860322
0.005014353366230317,0.005429684390310025,0.007339692893071825,0.008080956084764385,0.00228476368130006,0.0018178047783144,0.0014713536928203002
0.00049354145090295,0.0005200495248583626,0.000694037909513375,0.0010414888323215144,0.00025148706690214,0.00017806167952612,0.0001784790932131
0.008321250763251435,0.009608259069079476,0.01357438030252645,0.015708859192464186,0.00559654176336554,0.0048111071341868,0.00358416878075675
0.00019518377474531668,0.000212206788990225,0.00031805952722105,0.00042129913452438564,0.00019583159211224,0.00015862687307384,0.00016245823771495
0.00171326739913145,0.0019201075602491998,0.0030113788960138,0.0037698234365787717,0.0016102683906391601,0.0013525238658823801,0.00124646549079185
0.00020540929836121666,0.00020830634532515,0.000316903546743775,0.00041626810494848574,0.00020905017518166002,0.0001514172382055,0.00022092011958065
0.004024532325173633,0.004156548263863212,0.0061420047200938,0.008237443145798957,0.0039242659462197195,0.0030643481326249403,0.00413765290776125
0.0031021947885545667,0.0032956884411038997,0.0039389580208034,0.004634568225757857,0.0007394548509085,0.0005804161425846,0.0003831677871311
0.012436924115098882,0.014298632492124876,0.0198924230814038,0.02486229230273247,0.01611433535599894,0.013522433817149921,0.0131886632480977
0.00033139891308925,0.0003253750025876875,0.0005175224892209,0.0007932075189367999,0.00035013939752097996,0.00024515527791641996,0.0004573062996076
0.0018319371848408833,0.0020977802160575248,0.0034569759531805997,0.0045470640231747,0.00264829371488104,0.0020322544355161,0.00242021267994455
0.006422670192492884,0.008020334648470264,0.012392391034572,0.013989282316426316,0.00558605933977236,0.00452752385570912,0.00395713930997095
0.011998498571489933,0.012975296261270187,0.01544260584995315,0.016186359410881958,0.00391339456583662,0.0031860629547924998,0.0025483478686289503
0.0008516378682897834,0.00095116839248175,0.00129744070222515,0.001542126240119557,0.0005532392197283,0.00041774814931680004,0.00037285479127395
0.0123680278320165,0.012942769802396186,0.016068320255081925,0.018471664161893272,0.00583497151065224,0.00449207895550104,0.0029865227431707
0.0002926767453487167,0.00030422120103225,0.0004288033316873,0.0005400563046741856,0.00021846075042211997,0.00016512269845068,0.00018872470676045
0.00010071527737551439,0.00010679869334059147,0.000164456318099925,0.0002188015808796,0.00013729737542603998,0.0001031189033876731,0.00016860386814015002
0.0002163230307799667,0.000271019034504375,0.00038376345802757503,0.0004398472418043143,0.00019334152546490003,0.00016023200466224,0.000128820789616
0.008116566338133617,0.008493544536935287,0.01009059457476265,0.010220067311179786,0.0021817114971317,0.00170529861715834,0.0009026250366206501
0.0003799398215332834,0.00039512774943958754,0.0005676130419282751,0.0007606060749093285,0.00037150391022658,0.00028070135038138,0.00039897751965065
0.003771511045201483,0.004898077705960425,0.0062762494010893,0.007851262242491202,0.00024017231826138,0.0001738774569070606,-5.732394842679233e-05
0.0011706308796221,0.001253295422971175,0.0017235481004369,0.002325709855456086,0.00101792155252756,0.00076696062397872,0.0009224502219725001
0.012668871929976233,0.015109028086728139,0.023122228594631297,0.035237503035397334,0.01946760306711496,0.0125278011490129,0.03349753542784355
0.00022152913874634998,0.0002301712370446125,0.00032248433992029997,0.00042391065266485716,0.00019843995160032,0.00014708147634486,0.0002089637932899
0.0012994314391447167,0.0013157178082788875,0.0015805906603854,0.001700421420881086,0.00041214699783014,0.00032486190840878,0.00024261457916705
0.008331131651085866,0.008854417752929588,0.010416729685520026,0.010250361456122185,0.0020547290632398,0.0015971845841677601,0.0012625405726471501
0.0025372560734029668,0.0031083174743374875,0.005315216630202724,0.006688443247998043,0.00420860785660574,0.0035405903294036998,0.0024492672462843998
0.005669548228799033,0.006546180743597237,0.004890074606051151,0.004318915311051571,0.00026748299280658,0.00012333765856405195,0.00012533072088316647
0.00014103548612603336,0.0001585886256157375,0.000226793501335275,0.00025207154799855716,0.00012271188359769998,0.00010172732756326737,7.622847848988589e-05
0.0013882627119744166,0.0015633743553753626,0.002386853993571275,0.0029288221777001426,0.00115318821308938,0.0009039690929266,0.0007422526843559
0.0023606018063043166,0.0028818673698702245,0.002559521638966775,0.002154699458408686,0.00014104000726235873,5.9339918720356256e-05,2.473394333671373e-06
0.006824669377985066,0.00742077867961225,0.010857413788428324,0.014514943388864901,0.00890095972400034,0.00619019197119562,0.008672442807869649
0.0005406441863609,0.0005691780706616126,0.0007796028670434999,0.0009619693265313001,0.00036872128841966003,0.00029988113741516003,0.00026838229995875
0.0016749889264844667,0.0019502203880360875,0.002797835911017175,0.003240825436999728,0.00105888508286366,0.0009076824113772401,0.00065115432060505
0.005016864751574933,0.0062082512740559,0.012036674424563399,0.019287934474157904,0.0050445840752762,0.0025436653266634602,0.0047592480922055
0.0008544688702788834,0.0009133156859531375,0.0013156192533259,0.0017167538738280571,0.00070553394417184,0.00053252904948186,0.0005932482897116
0.008946786056327967,0.0099640183442972,0.01033548654030405,0.010973324170251885,0.0006401502672770801,0.0004340882520789776,0.0002458289198528
0.004582744996778966,0.005104354978692975,0.007735002316754825,0.011029199698954615,0.00746273495073034,0.005512108681547059,0.00748889216375795
0.0026608922851554836,0.0028715964243953124,0.004634187879521474,0.006523099865930144,0.00337347449674648,0.0025807314448897203,0.0038538522474932
0.009249313176438933,0.011127961598384188,0.01506237389078215,0.01895971392623047,0.0009290460261612201,0.00028497092501324,0.0003907736043167736
0.0004755737762605834,0.000516492624373425,0.00077904425696025,0.0010785917124311,0.00057606093931296,0.00043874268310386004,0.00068236011486595
0.008344537287626434,0.00941380945957979,0.0136929762229442,0.0174967982630145,0.01006312400251702,0.007958305288906259,0.0075711651938059
0.0029771436710711,0.0037041913013239496,0.00673014005135,0.009506737366136843,0.005202384798588559,0.00402799787216146,0.0038810154366486996
0.007309287097198501,0.007828541225691862,0.0109208167891857,0.012986164804902072,0.004342303604232359,0.0032400321164415802,0.0029281557935994
0.00017382166259696666,0.00020905946674317503,0.0003116424576287,0.0003897638633633429,0.00022595990382816,0.00019099293870412,0.000176558222737
0.0051010056966004,0.006254361400923063,0.011082470282070375,0.013370790568889273,0.01002941983240948,0.009198826621206541,0.0069218104098082
0.0008471495033609667,0.0010676584492166877,0.00185961489278915,0.002283794268466714,0.0015424887792402798,0.001421672118106,0.0009713584718477001
0.0016030098547150332,0.0017157905745802376,0.0022356655698614497,0.0024815849580957713,0.0007234376243685401,0.00052536099449194,0.0004409258573433
0.00041380659849306664,0.000485301668365325,0.0006794632891113749,0.000739121118139743,0.00022655788866160002,0.00019501207709772,0.00014639644112859998
0.0006963446017026167,0.00076311317302015,0.001223867145344275,0.0016615364412547716,0.0009047595119561,0.0006800925804815401,0.00080455779214915
0.004241857619408499,0.0045370716457841,0.0060189244904665,0.007188705711995173,0.00225041762383616,0.00172880441560598,0.00171811336616815
0.009370205939928834,0.010455932475784038,0.015444055676219474,0.018976947870023488,0.0107140231516865,0.008707237486007201,0.0090449051328756
0.0009700595576142332,0.0010482122356853501,0.0015961953775406501,0.0021129885327774,0.00107974166408436,0.0008042971033032,0.0011579795165306
0.00038118242870189997,0.0004251000287156375,0.00054820655877075,0.0008038380276497143,0.00021625182787286001,0.00016239457507584,0.00016995807892605
0.0002296481065217667,0.000240838242970475,0.00035088016895990003,0.0004404765324828286,0.00020654344771131998,0.00015673189300676,0.0001905101692589
0.00021230969083258332,0.0002269094102837,0.000343031574916575,0.0004716705237331,0.00025115273298002,0.00018014511217778,0.0002567239115907
0.00044960903528023334,0.0005041091766524625,0.000690273945890825,0.0007771204057501286,0.00030956953754648,0.00023754619667026,0.00019880532141750002
0.00034274205201465,0.0004108198114151875,0.00070816187457125,0.0008731150597616714,0.00060583742657994,0.00053444804115524,0.00041643259594000004
0.00013619126066788333,0.00017198335637964998,0.000261728515916575,0.0003114165513528286,0.00018932682615980002,0.00016542221275376,0.000127646324882
0.012579613206213034,0.014585461003865485,0.0243697821488681,0.034726108816690145,0.018587123316663862,0.01161751433583754,0.03387928418846055
0.004554161734987767,0.005613063029747438,0.011769343885489801,0.019678713142732417,0.007970393359954258,0.00484836836117156,0.0143657932077766
0.0002001781672572167,0.0002113960446338,0.000285644333234475,0.0003653384614701714,0.00017638155112346,0.00014167410739382002,0.0001668404968385
0.03304527113817412,0.03524726632992106,0.0322144275686862,0.0290336701136065,0.0069505137171208195,0.00583208500545512,0.0038662878334433503
0.010544185639145484,0.012094284723598402,0.0152084955978796,0.015096807260109257,0.00384419273552642,0.0027690247262931802,0.0026521418860698497
0.00019257064915701664,0.00019888242775101248,0.00028220417828880005,0.0003645770556730571,0.00016080292401912002,0.00011527664050270648,0.0001586939788838
0.006852487315650967,0.0078050368415850495,0.010581446641169551,0.011337329693572542,0.00324002986020814,0.0025437344464748998,0.00213289319144335
0.00336271636742535,0.005412554768267975,0.013595255692459327,0.021740737305970332,0.0090850510592769,0.00563947947902834,0.01068177380229225
0.012313194016653865,0.014405064538946138,0.0204501005515236,0.022513105080515232,0.01000972204675794,0.008862184410318922,0.0062086612222409
0.00439186137324605,0.0055597790674672635,0.009457705186248425,0.012123330331315357,0.00877722126327542,0.007666191831307701,0.006166231561493251
0.00017695187202415,0.0001944245667754375,0.0003001933113917,0.00041024897641979993,0.00025352335480356,0.00020245015786673999,0.00031008977718605
0.0131279291743684,0.014236247687558537,0.018428274842855624,0.02104618520522957,0.008220702584291641,0.006734694309441699,0.0068899787211974
0.0002493350983301833,0.00029019352815806254,0.000367879370966125,0.0004332384929318,9.954715040591706e-05,9.1292597105853e-05,4.600485777368708e-05
0.00025956254504825004,0.000286605482373225,0.000431233880309425,0.0005237261475578143,0.00024774007229262,0.00020015287544637998,0.0001980561549336
0.014738274290254068,0.01624501785092284,0.02015189389759193,0.021051060019467927,0.005837589719538099,0.0054077003459871206,0.00355882870327275
0.0002791385869226666,0.000294803162264475,0.00047070663289150005,0.0006196131339943429,0.00036710190238659995,0.00027586887305323997,0.00039842726674115003
0.00044057639981768333,0.0005320982350187,0.00085731061953905,0.0010946607220732002,0.00067509991808806,0.00054863011080294,0.00056665970222585
9.244714108401572e-05,0.0001111867301578875,0.000157462545199375,0.00020045081005087143,0.00014545666422671998,0.00012020056877113999,8.347928232168487e-05
0.0006925122967151,0.0008078264421832,0.00122099441148045,0.001628086120298343,0.0010225390663281,0.0008573312458130999,0.00098940350829755
0.010029067990308617,0.011081536073764138,0.011964876556533,0.011134288467023929,0.00218535866651106,0.00214821623167762,0.00135992107445925
0.005927140301864133,0.007296827454974762,0.011454899235261424,0.014810187713932457,0.010042334952425281,0.00851831032905154,0.00707084821282045
0.0143108723324117,0.016265294598911413,0.021637844629751525,0.0254420661717343,0.0122669141110291,0.010545522825382219,0.007871908454115499
0.0020116425416706833,0.002488005075692487,0.00420121433699165,0.005398675715918742,0.0030247317313733405,0.002507953763052,0.00231501940961455
0.004787294149254284,0.005867888451899287,0.00816333003529375,0.0089082429086482,0.0025651965626159205,0.0020449167681778,0.0014487023097142
0.0030709429376867166,0.003537450802067875,0.0054818841730551755,0.006363454147041343,0.00247182620287454,0.00203688300180654,0.0014853301455178
0.005510160662673516,0.006706244318166413,0.011789235751573174,0.017888518101248956,0.0035757473192058005,0.0016255542169369397,0.0028103031349471
0.0003618765785700167,0.00036577674858025,0.000506449148439925,0.0006388263323404142,0.00029167658682167994,0.00021775246730518002,0.0002475396238712
0.0019216716999174667,0.0021761293918795875,0.003020655331854025,0.0038622926311907856,0.00046203328150476,0.00046245752780514003,0.0001771543767748
0.00013233964747145,0.0001414564482562875,0.00021252997201990002,0.0002916357382133714,0.00016071775124238,0.00012390615279686692,0.00018017995281735001
0.016870460302511332,0.01870338342334509,0.024803123249399303,0.02855323571044983,0.01702089009023366,0.01529361257067996,0.01230324541489205
0.00017251220003961667,0.0001833615250225125,0.00047127496392395003,0.0018556438520112284,0.0008291760147633399,0.00036204213730803997,0.00154195597679435
0.0036454181219317994,0.005201007287171237,0.01261648179582665,0.0216546945535917,0.00702651555860644,0.00344751416160044,0.010468677040541951
0.018078179277603863,0.020107646364265902,0.020713978925300726,0.0193380630171014,0.004627865585957699,0.00361803710155868,0.0016793369603131
0.003579677067388184,0.004099092021856137,0.0040919061195398496,0.004099726418456143,0.00017897123679995065,0.0001827782224606524,-9.704711951077422e-05
0.0001601747883562,0.0001696635461662375,0.000271632168764725,0.0003554139088189857,0.00020243516377640002,0.00014878786095399998,0.00025224765357375
0.008196179308999818,0.009489382706551875,0.008953053844642624,0.007544271519136629,0.00135012894250654,0.00119748875390146,0.0006565702682768499
0.0016558431922694334,0.0018521991952705375,0.0027884915046864998,0.0035090008009623997,0.00022296434570284003,0.00020587281634779886,3.502341830247969e-05
0.00019541437287435,0.00019788306660657498,0.0002892973518747,0.00036120661626447146,0.00016229101144636,0.00011447249939311292,0.00016347156917185
0.004381467566378083,0.005199529816689062,0.0041188591535651,0.003617470198825043,2.8955345673322807e-05,0.00017474040716815574,9.05493584150772e-05
0.02868298581962565,0.03173476086839165,0.031378922221098775,0.030207399704723255,0.00865093328680114,0.00752818514475242,0.004908808187169799
0.00048536210200733333,0.0005157301066475,0.000683730710938225,0.0007765835706778713,0.00023731866244894,0.00021602644172673998,0.0001526294870829
0.002935074176373133,0.0034931565463680748,0.005433244320398925,0.0071240292893561,0.004245679993986199,0.0032757111811348,0.0041766228460892
0.00189405174182495,0.0019790474954265377,0.0030000952373404,0.0041201711314673714,0.00238694613041458,0.0017631883945607798,0.0027449066259364
0.0005742208444340667,0.0005881162219468625,0.0008337370898315999,0.0010678611879163856,0.00044371505273639995,0.00036196974753077997,0.00042475135824739997
0.0003550515575077501,0.000402995064027675,0.0005124467397532001,0.0005870317678045715,0.00012195830804178,0.00010991496438033758,7.173532649353455e-05
0.0011474109929286334,0.0011970905771765375,0.001523648680222025,0.0017554088583242855,0.00045322702015714,0.00036043157475322,0.00032765233171414996
0.00273225873207195,0.004692321887474612,0.011468073105856425,0.020976934137698886,0.016396451862607082,0.010192523666785181,0.047869051754348954
0.017235446429919515,0.018254118648361798,0.02570663282718785,0.029667848085719203,0.020984780168350696,0.01853716995683058,0.015134110243439
0.0015998726020617162,0.0017057762669011873,0.0025291428179865997,0.0034668573857051283,0.0008537685977077,0.00067063719574776,0.0004801931766766
0.00013786825835743332,0.0001481408881453625,0.000217937108823525,0.00029018006072811423,0.00014620548754290001,0.00010616888878832529,0.00014988497402415
0.004563300651691284,0.005291848150010038,0.0053299960033814505,0.004511034643248429,0.0007007344438826399,0.0006329562074268,0.00047044870667895883
0.0017968167800505666,0.0018927581332660874,0.0027393073357410997,0.003774662469362728,0.00043520247040284004,0.00032352053073488003,0.00012912149726895
0.002683481544926317,0.003219343141819413,0.004898205192880924,0.006305594883184328,0.0016838494530982203,0.0011637114880513398,0.00118066260472585
0.007286272650514816,0.008770348311779025,0.011481664165363,0.015019269727391784,0.0007398923466906,0.0005130935957101,0.00024774739057800005
0.0003527398248916167,0.00036448961312191247,0.0005164870437959,0.0006596442943664,0.00027638103944388,0.00020308558360774003,0.00024863732266149996
0.01587871312676992,0.017380021501843337,0.02336733825054898,0.028589231334906685,0.01922417184078856,0.017572432468554923,0.013916405732376
0.0023678339621325834,0.0031548993612753123,0.00530435665341125,0.006842478697597814,0.00033922814867068,0.00019395529034954627,0.00020659223690884998
8.821239788367198e-05,8.958619853460045e-05,0.000137067414740825,0.00018955682664455715,0.00011167899261009301,8.403131206794262e-05,0.00014491634029325
0.0012567080661536499,0.0015247364388628623,0.0019409218218971497,0.0019662595788088144,0.0004895100960389401,0.00037332615521766,0.00027423463330365
0.00017384895692801666,0.0001874145636188,0.00028565178230442495,0.00044720209066101424,0.0002435735096557,0.00017605356010513997,0.00034323675110644995
0.0002773722095666833,0.00034748121582556246,0.00058822092566285,0.0007559510976303572,0.00052090337733604,0.00042836213901181996,0.00041988576444685
0.00040780784437943334,0.000510972637247,0.0008531405657381501,0.0010553013515226144,0.00074250428736246,0.0006206659702823801,0.0005070252708762
0.017254781268126167,0.019462379403571903,0.025003542759785124,0.029606758333162446,0.01675752575311572,0.01463941065711972,0.0108880209573547
0.0045300731113987,0.0051591362638472756,0.006843507184780775,0.0072209136192004,0.00183036904823324,0.00139873082449964,0.0009771581142333
0.015901111754987936,0.0172436179025157,0.022559689586758427,0.0265267942675755,0.01502489221231346,0.012882106074223318,0.00961003300048135
0.0086726027701909,0.008823588133367626,0.0115050499288108,0.0123324771330201,0.00306798726968208,0.00234729973114754,0.00207110385577925
0.02266206018108798,0.02363020837342946,0.026517820115578152,0.02817037261324607,0.00821924497209528,0.006262776017323039,0.0064592174490373504
0.0003843849054431666,0.0004479721144705625,0.0007394989871699501,0.0008572569715486,0.00046919760557636,0.00039194892914876,0.0002979911903768
0.0125312808236309,0.013882739199862,0.019775703499590874,0.0232915964201523,0.013344428630339519,0.010326535017496339,0.010210003405863699
0.01592646266691733,0.0157142950380807,0.009374428944521274,0.007470268824279042,0.0011068641430215,0.00114129487253728,0.0005195382857082842
0.0011799299343556002,0.001463515690426125,0.00416434402685425,0.0083255754793627,0.0022888903228207406,0.0011731739674096,0.0026200989422256503
0.0002230041627865833,0.0002585714267437125,0.00036125673244577494,0.0004144120461778001,0.00014297841528671998,0.00011298249882639533,8.288231001240558e-05
0.0004313511612133167,0.0004886070749268375,0.0008147903291625251,0.0010244174199500143,0.0007610582817995199,0.00064322861075482,0.0005004877634195
0.01565697247333885,0.017905652466477903,0.02471181273427255,0.030488126731194626,0.016506396386429763,0.012517754622568562,0.0211461435833687
0.0002280972667981333,0.0002342755028891125,0.00034821566377745,0.00047010865703978576,0.00023104402117491996,0.00017272552639098,0.0002318138843974
0.004958232024167251,0.005859759118044963,0.012657064340669875,0.0211380185575731,0.0053931380349409004,0.0026701335810764403,0.0070052001483931
0.01722439368892933,0.01912731365187786,0.024044578929974702,0.031447187848813514,0.01099465160680908,0.00784467872707394,0.01344480344982105
0.0018831235585370497,0.0022298924100775126,0.00342110342124995,0.004444999209069571,0.0001195124130489397,0.0001909890820237899,4.0703260641204284e-05
0.012168912961388367,0.01458882025936395,0.01757856856987065,0.01672549151897804,0.0035124707729663196,0.0027810515799182,0.00158961695015565
0.0007918077130860834,0.0009594951375940126,0.001895854775828925,0.003610481743298443,0.0006560734788125,0.0004083370686901,0.00039794752991439996
0.00010556472483587752,0.00011268781855696251,0.000169490724939575,0.00023252179328227138,0.0001328728510082,9.51204535979422e-05,0.0001711272277291
0.0011151391002478667,0.0012776689043398752,0.001763712484916875,0.0019771044347216284,0.00051606369512106,0.00045845780373924,0.00035027478159535
0.004266597713917534,0.004850281277649862,0.007573796954721325,0.010253470029124427,0.00597102082871534,0.0044100423628920605,0.00639346825141965
0.0012046034208455167,0.0013015048616363877,0.001590721459444425,0.0017044733476763716,0.00037817968729948,0.00031538816432044,0.000263830513387
0.0011024354237884834,0.0011264114896216248,0.001219222661375725,0.0012633821776756858,0.00026536584544788004,0.0002110528968648,0.0001612157531348
0.010486259264874084,0.011144317935764536,0.014099092177282627,0.015822108082176385,0.0044521145607152,0.0035084213221838003,0.002981044600801
0.0077120005700561335,0.008388623198971563,0.011159014782196575,0.013112501951984943,0.00438323815702868,0.0037729876061775797,0.0032586396281351
0.006121837785878233,0.0071917235377297875,0.0059137091506585,0.005248270739610614,0.00020008410085238694,8.640805910005257e-05,6.865010523373289e-05
0.00013518691107375,0.000136049439962675,0.000204271247376025,0.0002699282927160714,0.00014414152658944002,0.00010505481266369304,0.00015368260060585
0.0008165706289915501,0.0011628697679288624,0.005878078243591125,0.013607078806768244,0.008751843118105198,0.00511155074483248,0.021145511500867402
0.0024656545976105165,0.003147658445995712,0.008433870949527075,0.014019365868162086,0.00669884312313492,0.00415502708515688,0.00793484147141565
0.0003027216947966833,0.000312613586955225,0.00041213103411235,0.0004842532472821857,0.00018798493681652,0.00014641229364253998,0.00014311865695295
0.004123853116350233,0.00451600129533155,0.0064958295636213005,0.007525704802040629,0.0025743829170477004,0.00202952669351504,0.0016696931008052
0.00016983264085010003,0.00018383594616988748,0.000263578461927875,0.00036646055956587143,0.00018835684058632,0.00014317870108371999,0.00021345656028345
0.0148268821229268,0.016036374890981274,0.021407124272158223,0.024577307105478445,0.01148192500007256,0.009368019963639462,0.0060232458605042494
0.009165173142851283,0.009791501123071363,0.01221510316600075,0.013709922319646699,0.00394263322857542,0.00313681840892562,0.00303706438493875
9.154910224672294e-05,0.00010888823748618987,0.00017349766889335,0.0002146201982640286,0.00015014278733556,0.00012360131646868,0.0001084349594485
0.0001744596816087,0.000178615778528225,0.000260913308118275,0.00035345517388337143,0.00017524584535843997,0.00013058246499148002,0.0001704619417388
0.004123258764481566,0.00500481588165055,0.0061896340211105745,0.006496000344781858,0.0006447719484795599,0.0005079885068597001,0.00033076989499665
0.00018349364099133332,0.00019016563373864997,0.00027393087741395,0.00037977928026158576,0.00018481823544704,0.00013606351249808001,0.00021194410243475002
0.00025505730395795,0.0002951964263305499,0.000429070903846825,0.0005149355730363714,0.00022522916396636,0.00019698556469168,0.00016493922367289999
0.002562728033862817,0.003155653935103275,0.0056274695830955,0.0068145415627294,0.0035585313067412203,0.00301059220043254,0.0024078076627658002
0.00957237973324075,0.010821214455937088,0.015552286319822925,0.0192274833706828,0.010421135448806459,0.00831196001898882,0.006010558742697651
0.0098492510871899,0.011033532716555185,0.01646238181028315,0.020185145341334445,0.01132468885592642,0.00935282037482534,0.0073929013956797
0.00030405725311506666,0.000336866600276725,0.0005581587846007,0.0013810685383837712,0.00046884395565906,0.00028456747956018,0.0008248677066833999
0.0003815987259739333,0.00045201273952724994,0.0007242394832196501,0.0010471895962516858,0.00035009798223783995,0.0002994904998326,0.00020092459747315
0.0015011992444827666,0.0016665155221538624,0.002366302970699275,0.003017904960980314,0.00114982942501628,0.00097412093156836,0.00109017175837275
0.0051865220471731,0.006783432782703612,0.0105764836847233,0.011869754269661999,0.0047003122945433,0.0039020502656988802,0.00296603406385975
0.00018391980638818336,0.00022995842338354998,0.00032504124165897504,0.0003765884130876714,0.00018701026158109997,0.00015684045539402,0.00010374795370862975
0.01358089160912885,0.015971006601961435,0.02146552911133975,0.02321238181839263,0.009896273793873723,0.00781320038318804,0.0070042575575394
0.009438095157171884,0.010738946785050989,0.01459672128398185,0.016843705030411986,0.005416593539061001,0.0046786495775778605,0.0039906114568974
0.0036309732760508,0.004384986057466263,0.004250798005196275,0.0039018194206729426,0.00023566067465782,0.00021078465900136,0.0003209931831051
0.015370805670862136,0.01755540161204633,0.018644261406450875,0.017121597081762887,0.00309401899951432,0.0023454822119689,0.0018976797821869998
0.02010188673158995,0.021689067246507626,0.023552496960998426,0.02195119059905667,0.00495456202451042,0.004273162969290421,0.0022459689503549498
0.0011457020446565666,0.00114880654498375,0.00172203871905735,0.002254521245137014,0.0011347181047126,0.00081642153165434,0.0011846643089084498
0.0034896818314534167,0.004248374551323837,0.0072163709483732,0.008561022649939687,0.0040857571837502205,0.00343798538421032,0.0026966309194551502
0.00026863794713421666,0.0002887357051496,0.00037858468619884997,0.00047562991487595715,0.00018603112871492,0.00013755912078477998,0.00014890256040365
0.017612130688666832,0.0195445634291681,0.024660688888957852,0.028882347583170327,0.01593977086977732,0.01418359094980454,0.0102523111358138
0.0026239951517037,0.0029652814455181247,0.00394155650175075,0.004142778335956457,0.0010817026829202,0.00086929983213244,0.00054712911169025
0.00028200213531423334,0.000297509515339925,0.00044474806356785,0.0005983488207645714,0.00032294568578980005,0.0002411043779245,0.00040105006168655
0.0010337470609379665,0.0011576427836533,0.0017357669810297,0.0022023811445702284,0.0009817965985179197,0.0007429327552378,0.00085387776072705
0.0007540572675142332,0.000761271667476525,0.001105146849841725,0.0015719576969757429,0.00053821255285414,0.0004188179355905,0.00046867189315725
0.008772740954489752,0.010754242465191974,0.016601909122651526,0.02186685341126746,0.01921491013705528,0.01755597340452006,0.014793323860938
0.00312753638298135,0.003982839298339325,0.004041962790369075,0.0038737235960861283,0.00023546888148793998,0.00022385941006735965,3.0888666417468904e-05
0.011206100120125599,0.011740268713371298,0.011187182754604875,0.010676764409499412,0.0016960471790313802,0.0013912504373914801,0.00129845753275035
0.0011398859966451668,0.0012956790568200128,0.0051212641345511,0.011449317879737629,0.00506213117931194,0.0023397398310052797,0.013286577734518051
0.0007108071680661166,0.0008689755521535125,0.001395695268060925,0.001760033478149,0.0009581749120033199,0.00083907406228184,0.00061407883914445
0.0007851106497411333,0.0008464229692082251,0.001308315800227825,0.001758181398854757,0.00092631790493476,0.00071463459620268,0.0010641539500096
0.002941357601883717,0.0033596404171326623,0.00546614120000585,0.007171446970804757,0.0035708677332610397,0.00278777631977176,0.00281616032423805
0.021620226113834167,0.02421642665931324,0.027077826091615548,0.027857589305180473,0.007065243186387819,0.00616440988196932,0.0038391632521133
0.004320477745263267,0.004568564538289962,0.006359519561376825,0.008532702123505017,0.0035020828230514405,0.00269722686175764,0.00293871471381255
0.00014053550312801666,0.00014855512968205,0.000207242204293325,0.00028696792270702863,0.00013669438747434002,0.00010381158306613895,0.00015896533928075
0.01322283687368305,0.014834797562739201,0.0214323449013012,0.025946155240524956,0.01701108382700414,0.01446140914930646,0.014194877530151799
0.0013886376743156832,0.0014076678914741628,0.001901313217103475,0.0025356584871680282,0.00067938081634952,0.0005433066598332,0.00048564476270299996
0.0005066222932602666,0.000578417059144175,0.00076497634426215,0.0008683291947762856,0.00025659057038154,0.00022040706299322,0.0001373689792877
0.00044068320942893327,0.000539074383412175,0.0011158043164539,0.001955158551467057,0.00026496914167088004,0.00019355881256796,7.55066301205097e-05
0.004978231646716716,0.007482790321094325,0.01464599221862235,0.022805959716735498,0.0084580414721227,0.005033033191499599,0.010515038792860549
0.0021020008307984337,0.0024107599812414004,0.005208027303679575,0.0084429958834203,0.00070467354591496,0.00044914931311508,0.0001514668394011327
0.0003265607519100833,0.0003423651895995374,0.0006118936130585001,0.0013728171668615,0.00020400549275558,0.00016548501235376002,0.0001832713557241
0.0010895005858706666,0.0013231701846302373,0.0026186375236898498,0.0040360444565082565,0.00159851918918048,0.00119967399365224,0.0009563051481875501
0.0007183819006828999,0.0009071996449139376,0.0015583803862059499,0.0018341854070314573,0.0011588583272648801,0.00103646472222684,0.0007022976074286501
0.006485309013309616,0.0082916992693644,0.015342766317007227,0.0252073140421267,0.00868930937697498,0.00462479554510784,0.0116226987227779
0.00019543145963296668,0.00019921253324150002,0.00028774361367875,0.0003639821271839714,0.00015878293385704,0.00011919553045292,0.00016980659909669998
0.004879101441378301,0.006066767674504338,0.0094749078776648,0.013158647957930699,0.0002586201235385486,0.00038657457462816004,0.00011023526766008079
0.0001093298098207,0.00012948258372955,0.000207994836073625,0.0002658294375717857,0.00017856884633425996,0.00013805676100512,0.00014760489954734998
0.0012437656511307168,0.00135982469651885,0.0020992945713579,0.0027990728070712003,0.0014750502633302399,0.00113225845833586,0.001743234986992
0.004629567313008817,0.006359443682283187,0.011093008254744125,0.015381023827999813,0.00107157080678492,0.0006197576219057999,0.0005033598437346
0.0158358526440917,0.018031055232926575,0.023800599765981353,0.028778720657766845,0.02098034137844212,0.01798129413205198,0.0158119188949746
0.00015404311394784996,0.00016571207773899999,0.000251453578547875,0.00032340426084898576,0.00016450377622036,0.00012469836691694002,0.0001507366804578
0.00018964817342478335,0.0002008595502984125,0.000264717954433225,0.0003649723642888,0.00016111642281636,0.00012693592464234,0.00017510974273370002
0.008709437126080483,0.009717574871959114,0.013763214672775475,0.019886902907678417,0.011413750759710819,0.00799857806403828,0.0154448342341179
0.0008415936900149666,0.0009857488973215125,0.00122362217024755,0.0013295920802896856,0.00022994322470096,0.00019763814555540002,0.0001358069847819
0.0002587526717523833,0.0002872704871596625,0.000433671355227025,0.0006891890109054857,0.00018188811245484004,0.00014927255378788,0.00011742271977
0.0006493237598109167,0.0006554647439751123,0.0007170595880548,0.0008036940067928284,0.00017974833763478,0.00013747823540966,0.00010517805731489473
0.019091564921750768,0.020364331360277127,0.026957583696090498,0.03233450863274663,0.02330684210074082,0.02098995520487138,0.0176736871059225
0.00012641055465655,0.00013566345319237502,0.000201471394800975,0.0002690899097418572,0.00015520976453562,0.00012211641650857998,0.000149045450621
0.0006825729114389166,0.0008333369981355375,0.0011317758239885252,0.0012841649205786142,0.0002955066448115,0.00026670285743624,0.0001898703549194
0.0014723883215946997,0.0015589493227322,0.002008903057868275,0.0023129297620748,0.0006100687332275601,0.00049827831920556,0.0003533184818911
0.0131459319201546,0.014917429727711713,0.014807440546722849,0.014240591282478442,0.00209553623633998,0.0015484313207681402,0.0012291276001185
0.01803392571859687,0.020045427805470698,0.026012658442847576,0.029468986867754173,0.01479175134371046,0.012935714577522097,0.0084996005291624
0.0014972040391649833,0.0017512307727261126,0.003187952045688275,0.0038517757028679856,0.00282042815912188,0.0025261536916428,0.0019503067760419002
0.001689571753342183,0.002070317801243075,0.004892757830157575,0.010099288709442827,0.00603228104476126,0.00327907062971722,0.018492700369266202
0.006367087964766517,0.006920492632649687,0.007007602822357575,0.007353359985735843,0.00060842253448784,0.0003650835768812594,0.00045533687823640003
8.184416873982578e-05,8.717265382905908e-05,0.00013966353149999998,0.00018874757290757141,0.00012505187372654,9.312213904530212e-05,0.00015275858394834998
0.00027455236693936665,0.00028350241047422496,0.00042579047536105,0.0006733649047084714,0.00019841342589574,0.00015483580664304002,0.00015316106638585002
0.0010140366943186,0.0010866988111035377,0.001574352376399225,0.002174869312511286,0.0011897913611094602,0.0008530548832504601,0.00143058696729915
0.00379824296691275,0.0044377888693710125,0.006623147939092626,0.008013935222638258,0.0025971375473473196,0.0021746874019085197,0.00151390926949025
0.01644553953052415,0.019138775443809576,0.023466443518775373,0.024333540110631675,0.00757638021514784,0.006797656803702081,0.0042480751896252
0.00015209865846269998,0.00016863021104655,0.00023822005868054998,0.0003216521539232143,0.00016742046117904002,0.00013433465864409999,0.00015076699954535
0.0004674470365573333,0.0004929136485071749,0.000719809033493825,0.0009556147477174712,0.00042832918147942006,0.00031762520491536005,0.00040841618888135
0.008491377079297402,0.010080201594356263,0.012986478649652725,0.012993235977537614,0.00291813846658356,0.002357869179586,0.0013573179183147999
0.0173143384594432,0.01886248682056705,0.015449722093006,0.013482698876771884,0.00198327368791854,0.0015290073324868401,0.0010801741156373
0.00061027094041045,0.0006395463850879249,0.0010168863274709,0.0013028989500858572,0.0006222154722521,0.00046979800279942,0.00050866939322445
0.00028655158833938336,0.0002828970548321,0.00043421358279865,0.0005795546513813856,0.00028668917687754,0.00021682042212534,0.00030927264926194995
0.00035266673497769997,0.00042290776896477503,0.0014504707913095501,0.003822738456740829,0.00261266612336646,0.0014507383611139602,0.0025024412530673
0.021186999368399018,0.022448360969346225,0.027201552407069327,0.0290190281622146,0.010314034792919482,0.008062157624459821,0.0060999498874709495
0.0005422418431047833,0.0005565072613182375,0.00113751244109475,0.0023267559848439714,0.00026482512538104,0.00020134523384858,0.00018482228885735
0.0054708832774254664,0.005787640219943201,0.0046879119876623255,0.0041554389506353855,0.00039984104434225996,0.0004713422422609,0.00020406087163725
0.0006073258529740999,0.0007030028451209875,0.00115082393420665,0.0014887753417496855,0.00093202006698936,0.00072653830843628,0.00090588058656605
0.016112223466412886,0.018530425119377636,0.022807847466168575,0.022364799025186143,0.006594765844798079,0.00574133082191378,0.00405255281003635
0.007106124394607001,0.008857047353863624,0.01072548595436995,0.012627247886487687,0.0008465294715671,0.0005825331961687599,2.8830013273949953e-05
0.012545408898236314,0.014551342924421949,0.020044772122670848,0.02232413016228457,0.00858892807221548,0.00690165613200064,0.00688925970294285
0.014258333054171318,0.0148175443014061,0.0165247311506379,0.01919621576658922,0.00303546647273248,0.00216201653925122,0.0022620001514655
0.005962666991212749,0.006966782458876362,0.010732011482896025,0.012539925330874686,0.00506090615721142,0.0041469104426015,0.0033602464307392003
0.007970749421379401,0.008845514586588174,0.008669742849512099,0.007289002211400529,0.00131227094234634,0.00080951210301224,0.0009647558137233999
0.0026409585754342164,0.00343337434550505,0.009916379266238999,0.018141093514629284,0.0066868058661044005,0.0035662148169740802,0.01270088436279095
0.0009920142880205333,0.001021043867076175,0.0014996719443973502,0.0019044842313438429,0.0006970377215501399,0.0005120029119946599,0.0005259197480826
0.0079642210164404,0.008333589573115202,0.006128440840556375,0.004965188305349914,0.00045561547958932,0.00031762901463220706,0.00041964674330725
0.00011734116018714999,0.000126618413554175,0.000194218466357075,0.00024890541284914284,0.00013466248663274,0.00010562080182242,0.00014738665544905002
0.00979210002755805,0.011097187015207063,0.0118025743736513,0.011542938018918814,0.00193577254021128,0.00137655421093814,0.0011424580558055
0.00023940003416704999,0.000281541568255075,0.000400229331539375,0.0005533860095503715,0.00017227706701218,0.00015312906851332002,0.00013056225256975
0.007931888922863417,0.009378285191298413,0.014707873868687826,0.0180855276892019,0.010431093873473801,0.00888678673609644,0.0078680913243183
0.00183710680606395,0.0020107040517508123,0.00295811201385385,0.0036445560102343006,0.0013436392359022,0.00106011063266414,0.00107139950753425
0.0005803533084434,0.0007231110265163374,0.002137645501695775,0.0045481376421713,0.00035646660607149995,0.00010864433664682259,0.00014638840232884999
0.0128094366996122,0.014520446034031912,0.02502040349496945,0.0375542389981388,0.02836227812291566,0.019021048256614978,0.06876071648312335
0.0008584730880471333,0.0009383312738826248,0.0012670177390348,0.001437601133215,0.00045290823008326,0.0003996997917458,0.00032295909293645
0.0007056869340838666,0.0007685604278569125,0.0011837743535641249,0.0018763170934377143,0.00049982360516814,0.00039279830135897996,0.00041612750601680004
0.00016188596075068334,0.00017704102756041246,0.00026338804602335,0.0003352774088891714,0.00017781331283922,0.000139072147733,0.0001700898974073
0.0047942434005484825,0.005963918686984812,0.0093652394824578,0.010722734741350671,0.004227747751728139,0.00348771434789306,0.002526899480807
0.00039915550488673333,0.00041175199458896253,0.000617179925474975,0.0008292451960919,0.00039600700968980005,0.00028237673391477995,0.00044332654945304997
0.01310379217199815,0.015807048014185626,0.022117672520551898,0.03180833548094667,0.011311706182017258,0.006525642543865039,0.015208276397077499
0.00080235174187785,0.0026657491812975623,0.00977755340534745,0.01875334215615623,0.0154291279016948,0.01040210473993072,0.03173922455190075
0.04047932306848143,0.042293002504466076,0.03578732330985325,0.032029997183640024,0.00625681271979236,0.00536889662037274,0.005937122438767799
0.0002512208436999,0.000269329437296875,0.0003619651106777,0.00045838421414609994,0.00018807694651708,0.00013842517897152002,0.00017148614970545
0.00108798679929175,0.0013622693379216125,0.002285521083630325,0.0030156703483356713,0.0015605087573211799,0.00126897942226014,0.00080562352553405
0.008169394886141067,0.009734196760189325,0.015251256503453076,0.0190486187678578,0.012762763896296239,0.011135663131441341,0.009052866245737451
0.004034288685787351,0.004418094977072313,0.006456592825586025,0.007687566466398329,0.00265298916907182,0.00210802175211438,0.0020736944545739003
0.0013888417212345,0.0014212258651978376,0.0021190012892716003,0.0027217654036490284,0.0013462272482633601,0.00106202910499896,0.0014333022685531
0.00022843747909406667,0.00029797017995438754,0.00064649309878085,0.0014723295723637999,0.00052050122333718,0.00034179460147738003,0.00022475315000775
0.0023533977719899335,0.0023783611983869374,0.0038350109050064004,0.0053629158086652,0.00297262819680186,0.0022545490570591398,0.00368485789174905
0.014802937078030168,0.016503501463681125,0.022232990316333225,0.0274846406340503,0.014707915070328079,0.01110189233925086,0.01488555021375735
0.0012660314240601834,0.0017203475543136248,0.00402282982513365,0.006425628671916186,0.00040808190159064006,0.00031549437699736,0.00029225816970585
0.00012918765128353332,0.00013035339157336248,0.00021282713772980002,0.0002851777016497143,0.00015666532103314002,0.00012047783097302001,0.00019510235330665
0.0003291310415860333,0.00034280307251677495,0.000517284908118925,0.0006842729437960429,0.00034313083959283994,0.0002597046919759,0.0003730882071202
0.00022401055994013331,0.00024243139449295,0.000344948927359475,0.0004827973377190143,0.00022907445601647998,0.0001661612617638,0.00025852729053704997
0.00433135325424515,0.005791322607901675,0.0078910062774263,0.009070568983037887,0.00038962851118905993,0.00027830319226062,9.170332446836873e-05
0.0008386883424338666,0.000906713036365775,0.0015709799105691502,0.002483455642828957,0.00030041320820384,0.00024650098776748003,0.00021136203214145002
0.0033923551458433505,0.003640924352591175,0.0052192093358121505,0.006292067179842585,0.00212441414492958,0.0015815339674091398,0.0015132490028052499
0.02115665874972818,0.022512226938081397,0.02111930880819195,0.020660276752139942,0.00308895213300368,0.00192403048543648,0.0008336278064514
0.00312141997889335,0.0032022336357411755,0.003467181291122875,0.003536301252863286,0.00063880686157104,0.00046856209024152004,0.00014616906111080698
0.00026840529103619107,0.001116593155369225,0.0065919900841356245,0.014228768128467557,0.011529046185891682,0.007335557560815239,0.01961463638764995
0.00020734826113213335,0.00023934200686377498,0.000343403456230475,0.00041589517627138573,0.00017629185412377997,0.00014738265629508001,0.0001129022064774406
0.016906003608608066,0.018415597475499538,0.022328657258554926,0.02365090726360201,0.00651504722464826,0.00544745335914586,0.005577944782087551
0.009734736908721583,0.010893264252481013,0.01656428476009905,0.020105934383661542,0.010660376081147038,0.00848916051969478,0.00742809577800565
0.0005393855746443667,0.0005777907800377625,0.00086982427279375,0.0011934002817772429,0.0007176429924980799,0.0005188036446421,0.0008607003007575
0.004525723573358533,0.005747408238506951,0.009521744030163325,0.013047943393783928,0.0005279475505828,0.00017139911001712226,-4.74294919005213e-05
0.0004994280992009834,0.0006003122462363875,0.0010316553018046748,0.0014769265573030572,0.0002629129717211,0.00021344407382734,0.00015112327893105
0.00019479190690009998,0.00020635255530466247,0.00029114286226822496,0.0003787953420996715,0.00018198114188145998,0.00014836802797582002,0.0001538974876901
0.005340625351267901,0.005900407230341625,0.005158356690172,0.005224847700892842,0.00029585220696972,0.00011476460717214636,8.404071286902209e-05
0.005986371109012567,0.007659885244620937,0.01384307478278015,0.020030870806136726,0.00277274343294168,0.00143555313553766,0.0019270771840984
0.00144675434671675,0.0018816194929771376,0.0025576556609758746,0.0028432703963311434,0.00018267087002793672,0.00016402500308592,1.7778292473488643e-05
0.0004186956287671833,0.0005290449675107,0.0019453898360669753,0.004174591118515586,0.0002514499750604,0.00020081522758852002,8.782940401434576e-05
0.0020110948465538,0.002098400325111975,0.0028919933554605497,0.0035283978802319567,0.00122082512436636,0.0009262120809105,0.00108271248926395
0.018269472675652685,0.019855245296787113,0.024793395972922825,0.02798018102709973,0.014038380695066138,0.01247453649440382,0.00822781419325965
0.0019324811950158834,0.0019683674552473376,0.002567568843378725,0.0029854864183363,0.0007974784159221999,0.00061381075021948,0.0005292289983635
9.07739330190547e-05,0.00021539075401086208,0.002098656422234325,0.005973189856384413,0.0033064013127231595,0.00155034664483544,0.00587043852969135
0.004294128632463334,0.005109985414693625,0.008388429132760226,0.009865966013411201,0.0045775419418813395,0.0037001939850430203,0.0029832077356279
0.0135447868217819,0.016039417792216,0.019684069586486826,0.019678270814245575,0.00550359305712768,0.00434870431977218,0.0032391376863252497
0.00044179310945823333,0.000476725956627075,0.0013749703303342,0.003454887877376557,0.00042166940957158,0.00026834610945016,0.0003630222380797
0.019204663079226567,0.020833025328308226,0.024422655099316425,0.02601314197488231,0.00902969265207014,0.007659221786146239,0.00469421316593965
0.021418141620087913,0.02501099870283374,0.028634409336082797,0.0316945308424186,0.01319956152684226,0.01048930391862474,0.01173125373213255
0.006137152918164217,0.0065069561922889005,0.009066292136254374,0.010992161061303388,0.0043740868807683395,0.0032001944755523,0.00341481037366545
0.0030658903707463663,0.003335157441987025,0.004430766239575825,0.005347176216444643,0.0014012097970599597,0.00116081016342524,0.0010734127551006501
0.0021080420461861834,0.0038277064956599126,0.010520964420837301,0.01792664097994264,0.00474620336382074,0.00245560502024934,0.00421354086831165
0.034935075936898353,0.037379316036471016,0.033818070421386154,0.029242021168741084,0.00449222097527662,0.00423047596837908,0.0047421958392412505
0.001967692796799167,0.0023744525362315505,0.0052183552530104,0.009042802244952243,0.0006231982391811198,0.0002072899067705432,0.00012049287649665001
0.00067495012360585,0.000711487308310575,0.001036303721016425,0.001664840357756686,0.00032516441476944,0.00027535424192822,0.0002591171420528
0.02024455773338965,0.0220537184060514,0.020517209370261476,0.018155102778508025,0.00274816246914436,0.00255282556674778,0.0023026852832697996
0.00010056706281830842,0.00010428545859367471,0.00015583145196125,0.00021230796028015713,0.0001173884403843857,8.690377651902366e-05,0.00014151041179575
0.00014451614074436668,0.00014203204676130002,0.000210093109535875,0.00028623810676147143,0.00014555737725562,0.0001101513976526891,0.00015573992617355
0.0009514727681818,0.0009752312378944251,0.0014170966274169,0.0017975600594353856,0.0007229009255260599,0.0005618369925409001,0.00059899850500265
0.007158903395945301,0.008177773871529901,0.009305030163219576,0.0087976630518729,0.00181290920392442,0.0015618552742461401,0.00112026291898065
0.0037803716110741507,0.0060631902086193505,0.013138945625171825,0.020978501468912104,0.00559479397664648,0.00285445131856128,0.00579517855470605
0.007103267969491134,0.007452958518672725,0.010408720119087275,0.012988736741026144,0.00530384550380684,0.00442407834659622,0.00394702219437035
0.0003469356819886,0.000379327484904825,0.0004937586308087751,0.0006142843326519571,0.00024431883992806003,0.00020025887442972,0.00019368479864749998
0.017613080186595933,0.01995790870342254,0.02551441393628455,0.029664385570922373,0.016526543156386783,0.01513551195577526,0.0111750387942903
0.0002644171786795333,0.0003044112742733625,0.00046962544760425,0.0005634319599376714,0.00030977462474988,0.0002602664777591,0.00021936335266279998
0.008192515129818933,0.00950650569459865,0.01582382878317755,0.01987983189276893,0.01842271381119784,0.01681337049971706,0.0134182272868502
0.002580602490213017,0.0026865192775172744,0.00399409432752115,0.004937952296111757,0.00195610172229872,0.00157180434469486,0.0017626190460504
0.013383139870495449,0.01471193666170995,0.01461334225661955,0.012462430387555642,0.0024823133464258,0.00208116829498948,0.0012413271233673
0.00021920768978625003,0.00025414799335518747,0.00036545717994035,0.0005432596836212856,0.00010225539308604995,7.78612998828045e-05,5.1405476000797636e-05
0.00069353352319335,0.0007562574789220248,0.00117921201573965,0.0015550072210487001,0.00081541940249796,0.00063206284785822,0.000873243166378
0.0021490424293405335,0.0026797908559546123,0.0044606967530455505,0.005313041405878842,0.0024279008934716003,0.00201008612612998,0.00174220784405925
0.00021478438923071668,0.00021380551830421247,0.000317984790088675,0.00042052469656639997,0.0001896912454311,0.00015015526070542,0.0001791029987836
0.0017619297843040167,0.0019298428442759252,0.002474866330469075,0.0026946679693826857,0.0007400112226300598,0.00062884591213812,0.00054367759119235
0.0077515090206925,0.008259043268019425,0.01147222451155955,0.014623304197708884,0.0053901043349915394,0.00377485638170758,0.0043207608872148
0.0035394548283412333,0.004879324289992,0.008353506876784749,0.011134685197044301,0.0005783780008524,0.00022714855721694,0.00022993688464130002
0.003519800299639717,0.003951105147620375,0.0058924100931539505,0.0077403768751413,0.0035630995711424403,0.0027414035655365598,0.0037402191919693
0.0012914998446091166,0.00138604762731205,0.00221527191082175,0.003453754154961429,0.0009836091861224199,0.00072366210517592,0.00096679365925535
0.012320168679284751,0.012484680915660337,0.007460110125825599,0.005550520572387329,0.0009518778723623999,0.00067354259101424,0.00049488575090995
0.00057253340867835,0.0009989779824762376,0.00548229204778,0.012144445029288227,0.00637378896063182,0.0034820241432168796,0.015394720088477
9.761651192710696e-05,0.00010470312033200856,0.00015033509383595,0.00020802547738995713,0.00011652183891755113,8.477692376769349e-05,0.00014306283014755
0.0004131812820595167,0.0005049978619542751,0.00083357731267695,0.0010428685170667427,0.0007296766366047,0.0006119349396539601,0.00048627055131815
0.0004233213924702667,0.00046484479861783745,0.0005994018308078,0.0006995140170812571,0.00025387464427602003,0.00019390317390145998,0.00017993432457035
0.018955758895202717,0.020659677334934113,0.026633384200076677,0.030607406655778317,0.018601171714140618,0.01648618094739786,0.012311254164139949
0.0005299199370812334,0.0007560149869453376,0.002907696014764225,0.0055347591479189,0.00041589983383294,0.00018008281658858001,0.0001899522069050034
0.0079870736925141,0.009748458856611323,0.013699296406160449,0.014279988453585185,0.00445106158263118,0.0036033018494927597,0.0027095486929939
0.006483315891461251,0.00779974426244375,0.0128621534564745,0.016255877688830432,0.01220418369262702,0.010396835076061359,0.010025791057037249
0.003220036786479384,0.003774156969366487,0.0043552589276849,0.0047195590759839005,0.00032652959429722,0.00031234285191628,0.0003737117158541
0.0007943589028639665,0.0008388766969774876,0.001165076075728225,0.001472918082573643,0.00051213603285594,0.00040481820365737995,0.00049383927735455
0.0199546189270171,0.0208925846407447,0.021898938710501473,0.02096736744412147,0.0046012271839626995,0.0036427234759599803,0.00315722915061875
0.0037029910009682334,0.004437436139964538,0.00735413913206765,0.009748259319111028,0.0005231147292841,0.00027242766728350466,0.00011857492750838908
0.0005109722974815834,0.000549035259855575,0.00073771267833165,0.0009241691904502857,0.00033287922579565996,0.00025887099718096,0.00031585122194060004
0.0016972906243730497,0.0029644265676699,0.007732808027471149,0.012135992642546372,0.00106832313682372,0.00039059849746192,0.00055215403608405
0.0004531772274280834,0.0004825956723346125,0.000654708292557325,0.0007722906355804999,0.00026262028261834,0.00019574337172495996,0.00018784550467535
0.00018242433588481666,0.0001910942550752,0.00029134177363419997,0.00038357383713908576,0.00021262170720035998,0.00016592755551143997,0.00025608258729449996
0.00374311476311265,0.004358485301711325,0.007322625668818375,0.008353314286940972,0.0038393418982637802,0.0031662349909411204,0.00251738058779345
0.0007482774776075167,0.0007492315255976624,0.0010629898099018,0.001357643830667243,0.00060117993479048,0.0004786697177432401,0.00056022128034145
0.0004177466399251833,0.0004943318639424499,0.0011530189106961752,0.002019275827565757,0.00014322030772825998,0.00013284873491278,4.9282788027148133e-05
0.007363301119145284,0.009259368777518949,0.017040710350621276,0.024151465534579152,0.00771342649041412,0.0044794158437340805,0.008209620993564551
8.675390932678538e-05,9.406301354587986e-05,0.000148262074943925,0.00020558306476164287,0.00012597897504557998,9.820407114954472e-05,0.0001429718004722
0.0028508362871651,0.0041946689723092005,0.011136766436275826,0.01911225352378473,0.00558194531799866,0.0030544042250882798,0.0065538768160324
0.0019157482072216165,0.002308245254569025,0.004766919628663275,0.0073255612015526855,0.00036298040268960155,0.00018475691938070154,0.00028555564063255
0.022050115346216367,0.024536443174987252,0.02526592160919415,0.027075655573060273,0.0070957734585366,0.00507635991026474,0.004562668206646451
0.00077032288087855,0.00095337426749045,0.0019952034559744,0.0030401821103883857,0.00016666635297661999,0.00019415660559507999,0.00011955868256560001
0.0009517054464811169,0.0009631162871670375,0.001483852583834225,0.0019634859420937286,0.0009650960072370599,0.00070296769285882,0.0009457893806715
0.00042185403447709993,0.000532316982446375,0.0012717603743553501,0.003694683107777657,0.0008707888717679601,0.00041417401670547994,0.00156456765154105
0.004135673295204417,0.0046300144859658865,0.0073761521633018004,0.009970801624820827,0.00643567620079864,0.004933450475309841,0.0054922460136364
8.541395524698767e-05,9.369080610710693e-05,0.000146067508657725,0.00019845027552261427,0.00013177422964538,9.983231310818481e-05,0.0001447549379127
0.0002810936652057,0.000309728456484975,0.00044898368984432497,0.0006029171092253571,0.00020546238514801998,0.00016980879371482,0.00012836490355075001
0.00014699341955955,0.00015319805724379998,0.000227134468721275,0.00031376176172032854,0.00017005217083696005,0.00013746932455816,0.00022147105862565
0.006413776355725533,0.006495828669157263,0.008939515407216051,0.010827333023730585,0.00424598676523636,0.0031241144434189,0.00267122182564455
0.00039809321552648335,0.0004580018544642125,0.0007689202699645499,0.0012478830163214286,0.00015666350974882,0.00013200333092898355,8.538715889893375e-05
0.005326381454731583,0.0063777440842629,0.00899586929261465,0.009468926119359043,0.00249078426149308,0.0020445737363575,0.0012977495252957999
0.00063111543054755,0.0007172854003410124,0.0010610832489248,0.001774991037151643,0.00029835583978273997,0.00022943784228965998,0.00029959800441195
0.004378425294020949,0.005351473295583813,0.009012377919445525,0.0116001676547644,0.00876029027692004,0.006806247009702421,0.0070369512958257
0.009094513076210333,0.0120669857845856,0.0209583114670018,0.032280582989724554,0.01953352710677402,0.01195423393536898,0.037927549515810746
0.006025670203656917,0.006297937346591575,0.0099910478228484,0.013485499803910828,0.006638346799891601,0.00519300154982694,0.0062214743442105
0.000652224462454,0.0007938806490160501,0.0014549997570813002,0.0018685896924041853,0.00140685901000168,0.0011689514322314799,0.0009104260050337501
0.0008078117822561499,0.0008552814790355999,0.001031463252446275,0.0012112025266423428,0.00024574899179286,0.00018976234361774,0.00015540124668425
0.0021777032489373334,0.0022400707701176626,0.003479526073074475,0.004706750762096543,0.00226506121869232,0.0016258522605363999,0.0028359261950826
0.0005368904580590833,0.00058770968098295,0.000861278794619125,0.0011582918268770999,0.00058741568148604,0.00045251254786480004,0.0006563263117582
0.01512590542311275,0.0163990889962546,0.023002113660301172,0.026585493844465475,0.01766816872756276,0.015176294705700042,0.0133992383344013
0.00027402007548991665,0.000348396281351475,0.000583492491254275,0.0006807425788096571,0.00039598127884404,0.00035389997060576,0.0002500685040147
0.0076210315883623,0.008646234056795214,0.018325970132579302,0.030204289878402298,0.02247870581898544,0.01392116166047196,0.0620994103237102
0.003706522805062567,0.00447611380456345,0.005304002908326175,0.005053109902492586,0.0008668612502116599,0.00073485947049122,0.0003854692385889
0.003470080034312933,0.0037545777646842376,0.006012851074240525,0.00808988239723137,0.0044085515788255805,0.00323248651783518,0.0045174670798921995
0.0001480123029999667,0.0001467824026233375,0.000216393376898225,0.00028731343796265717,0.00016163450023251998,0.00012285512695964,0.00018840639317630001
0.0008893905847771499,0.0009312583045073252,0.001377692690515625,0.0017948659242084143,0.0008748504306791,0.0007004045692334401,0.00094945970993725
0.0005126906716967667,0.0006283442568808125,0.000972230819459475,0.0011145406012477287,0.00044634436884652,0.00039464145115694003,0.00029214153666324997
0.0009393913387841998,0.0011314477287251877,0.0017088558536571502,0.002183847220200686,0.00062320847934856,0.00046672130387407994,0.00033418670544225
0.010184957457431166,0.010838458711473474,0.01170776932380815,0.0116467242582485,0.0024993000137591,0.00221323495196128,0.0013052483777034499
0.00740892419021985,0.008784002172841901,0.0094903125258079,0.009068655467008527,0.00131194519107844,0.00097952402610746,0.0007435323113433501
0.0008022844722380333,0.0008251069592755375,0.0011826712985031,0.0015036474380366001,0.0005874312669439401,0.00046120113671382,0.00053047278927195
0.006342624914900517,0.007047176057503799,0.01112632043895265,0.013991133994211858,0.008197955949286762,0.006917136338450039,0.00665287686478005
0.00016195078964678332,0.00016857483560339998,0.000250667835769175,0.00033179256894261435,0.00016535377824183998,0.00012036623138216,0.00016739867292505002
0.0010836111220249001,0.0010986963884365999,0.001689112445367075,0.0021708267942728717,0.00106164422376814,0.00082138571618612,0.0011447414462429002
0.01684385855779995,0.017813401845269226,0.0197413121706085,0.01984913550442,0.00552154432322092,0.004512894746389461,0.00229678949069715
0.00020123486139905,0.0002085656481256625,0.000284320730829875,0.0003651170354902429,0.00016919935274636004,0.00013392442669696,0.0001626128874707
0.0009205664278542832,0.0009390833522516625,0.001409990434015325,0.001779736413333757,0.0007554600490923401,0.0005881493380205599,0.00066009448579535
0.016736302690475335,0.01782147588030241,0.014207396887627226,0.01304366660917,0.0013667537945146802,0.0011072390215288,0.00136746766205895
0.008346549259895168,0.008751305614200513,0.006336004513505975,0.005678564980899414,0.00028301710139883994,0.00037462537800360965,-0.00011862755578797386
0.006418225112436267,0.006973174998679538,0.0086577705069607,0.010128687688490142,0.00293452246391692,0.0024236888290734204,0.00197184342332765
0.00071996217764645,0.000762689158141,0.0008965702180751751,0.000969778215977,0.00021872552110702,0.00019170958827348004,0.0001416413974236
0.003924243012530733,0.004585514087697438,0.0036541158473895503,0.0031244300146245282,0.00027693648769906,8.619146162430057e-05,0.00012039036223229068
0.00016256891710276667,0.00017463536525082503,0.00023652365601545,0.00032262078976631433,0.0001598077510097,0.00011017535262325311,0.00016273288996395
9.430271382947573e-05,0.00010044134960420811,0.000150283279752025,0.0002053157069433,0.0001136453716490511,8.581726919052973e-05,0.00014466625418869998
0.0009595762632551167,0.001183907485715075,0.0019184029949081,0.002248833021210257,0.0008389638756611799,0.00072467316095316,0.0005272524239149
0.024401804154258033,0.026797043166020086,0.02656198641796245,0.024678521285857742,0.00529321029194732,0.0039283605585885605,0.00213908341651515
0.001587213089481633,0.0016261018439907124,0.002372638722979075,0.0027942944634689855,0.0009841728883700602,0.00074675581047868,0.0007076614743788501
0.0003547232091379333,0.000385793358162075,0.0011191233994249249,0.003170313014631628,0.00225434510284482,0.0013774508123194002,0.0026188116848651
0.010447874424809898,0.011543397808318211,0.012503063476317675,0.012569255036352558,0.00249866918201498,0.0021160550109757003,0.00110997986284805
0.0008776574162434667,0.0009813159475814,0.0014235691498384,0.0018067787396794,0.00085350579393724,0.0006485709264824399,0.0007071017793596
0.013297284421226782,0.014488487510999001,0.0206656179407428,0.025340208602332874,0.01915847130532978,0.01774458546189786,0.012689022860220101
0.0005053236683452166,0.000538536388815375,0.0006514260979594,0.0007508304353370142,0.00020393420657296,0.00017527609559834002,0.00010924778959100001
0.01460106783697155,0.01741653661513401,0.023458917900301673,0.02504340603614067,0.01105156243059872,0.0095100281788343,0.0065700117712915
0.0012266414339816834,0.0013634854424254747,0.001584984865103375,0.0016735598438443289,0.00020080208233274,0.00020997190686904,0.0001182174752131
0.01809880657656368,0.020247302691633523,0.0265639549191747,0.03170648440231987,0.021919775306076777,0.019838499876742837,0.015537141834037801
0.0089673924802102,0.0112061348729796,0.0209714691803811,0.032420704110749016,0.017136162738329484,0.011283793931545138,0.0363804870461659
0.0079039366076209,0.008453570263670888,0.0104544473926513,0.013315909302061332,0.0027559415806771804,0.0020126654750523996,0.00215193587277875
0.0002496588855824666,0.00029458548418908746,0.00039963806988137495,0.0004642075714187857,0.00018268440945595998,0.00015398626135162,0.00012180482843545
0.013321199175338784,0.014521382228394863,0.019772859597821102,0.02334141138721179,0.012162440247035639,0.01005864525910426,0.0074662528717212
0.0009377768182613666,0.0010880078375711,0.0014228745717898249,0.0014791182533734142,0.00034111449731474,0.00027715543559283997,0.0001683802139292
0.004057671318663184,0.004327870473300488,0.0039153443314173,0.0038528014127690714,0.0003128078190031,0.00024979576379025964,0.0002659060326951
9.445038431289178e-05,9.798589207944794e-05,0.0001488729281648,0.0002032357027745429,0.00013147903981854,0.00010181287004684843,0.0001551061044237
0.00016065579124325,0.00016455691923918748,0.000245216208877325,0.0003373105936818286,0.00018291473799708,0.00014639960685878,0.00019828742252535
0.0045955048437052335,0.004873562066382912,0.006891228760499975,0.007992460384955843,0.0025050636350682797,0.00193774544275876,0.0016636747466560499
0.00015151815376828333,0.0001525895026663875,0.0002238291576265,0.00030145484500058566,0.0001452290504187,0.00011057166426190542,0.00015506184257440002
0.0024259186057541664,0.0025096467044301,0.0025398949347893002,0.002470095023577771,0.0002943811117737,0.00024465688493882697,9.648506333270221e-05
0.002202150050503567,0.0023002628409039124,0.003490514292724875,0.004604322797172214,0.00210856412728856,0.0015079406851969397,0.00200235952106055
0.00020256487975909998,0.00023695479786926252,0.00035065392178387496,0.0005695118592364,0.0002671610900527,0.00020804261386192,0.0002234023049457
0.0010946966792745,0.0012926299372036125,0.002007603147831725,0.002601095458206886,0.00136555329270678,0.00110046143624986,0.0012347083461842
0.0033987824438443657,0.003779737597948137,0.005055223846177275,0.006100368069235486,0.00096033020137804,0.00081903402947376,0.00057283834759765
0.0157875865422219,0.016271172232755,0.0140214905947002,0.0126617459342367,0.0016929440516009,0.0016791102695496401,0.0009700156055147001
0.00015084244238748333,0.0001670178388552,0.000268688137080075,0.0003194426722315286,0.00021626111596880003,0.00018911055335258,0.0001334306091111
0.009528509586751032,0.010425141604360264,0.014892871621583252,0.018190994387497716,0.009246944223611081,0.00706688974153606,0.006320498599701151
0.012900268138053901,0.014238282803613236,0.015828122853412573,0.01724472940970164,0.00313303336291164,0.00228275480525856,0.00160237591691565
0.0220954084218557,0.023828632263900824,0.024091453409042625,0.02210690202726927,0.005472571416623899,0.004117066959356259,0.00314210362464515
0.00017100929337108544,0.00033960504835663747,0.0019376571810694999,0.005269762428651071,0.0015176190671175,0.00066703299289954,0.0019867074228249
0.002359199306248134,0.002479636248098275,0.0027030543894169252,0.0026749736794745857,0.00054463143371302,0.00046458507701815997,0.00041215214129494996
0.006588893856867732,0.007280489904640674,0.006481615553189875,0.005345667142615028,0.00064376888912232,0.00041284064895406,0.0003960460603123
0.011029612996131184,0.011932038284246561,0.015501800325289423,0.016758603226142515,0.005875381296884181,0.00455011482405726,0.0037234977825049
0.0056271808281100994,0.006604241334718938,0.01100394452421315,0.013014902967022542,0.007108326172577839,0.0059506506173772995,0.0043613365668085
0.00012200625932766668,0.0001380612951916625,0.000210752124995925,0.0002574246800405429,0.00015263377568674,0.00012917646436915998,0.00010966806897443667
0.00024870337050371665,0.0002911677856486125,0.0003959836176807,0.00047781043249494286,0.00019223446927854,0.00015351395167502,0.00010138965586962254
0.002329012139693517,0.0029977167034242755,0.006691038759573624,0.0108474604601725,0.00069921019256902,0.0002292359725324438,0.00014254272681865
0.0002615963036119667,0.00027076574053477506,0.000404839819316775,0.0005415268326746,0.00027721145520526,0.00020952622967873997,0.00031394492617755
0.0001984655777356167,0.000226977903954275,0.00046374091908637496,0.0011923399977317429,0.00094693939375566,0.0005859878124820999,0.00066089768004945
0.00028287387055834996,0.0003232961319927875,0.00046040501983024996,0.0005972879732901715,0.00027967003522882,0.00021892410345412,0.00023993964686394999
0.01187852593660445,0.013984172321279537,0.019562292004618648,0.020337907846890657,0.007385519469047261,0.006348488301002921,0.0045169280883541
0.0025357388623074,0.00283026425436195,0.005332096133276475,0.009888437477915343,0.0035690825252629793,0.0020175744689585598,0.0068978736361944
0.0016649248956391999,0.0017385264576735124,0.0025850235431237748,0.003321888455712571,0.00124193255267014,0.0009467632870146599,0.001044775328957
0.0025343906877118502,0.0029226793055134506,0.00452126878572045,0.005716797657846142,0.0026087907401660597,0.00209558226301968,0.0022737359323578
0.0029333323335114666,0.003463583995944975,0.006300478493577326,0.007871425568308487,0.0055978466959631995,0.00499221682833852,0.00365497873875275
0.00016189146086591666,0.0001901891395970875,0.00026851823907125,0.0003273301844773428,0.00013475673989879998,0.00011654474972209883,6.036021479136404e-05
0.0007888113465573666,0.0008446398455735001,0.001276711263220225,0.0015924390281861285,0.00079140557578148,0.0006404878211994201,0.00079939325664345
0.009953712812286884,0.01207370905931175,0.0161554647574393,0.02216944450522517,0.0031256678366663,0.00229006269298566,0.00138732553868385
0.016897633771818334,0.01831171034769415,0.023310077287675,0.030074399199362997,0.01121210316462198,0.00717418625464068,0.011951556231461949
0.025236152063499283,0.026971364812875896,0.0262888135895204,0.022220353669160215,0.00437999875298156,0.0035224675011750806,0.00259569640097805
0.006316252502757934,0.007971184950318587,0.0131008125521668,0.017192562348991528,0.00695835268654172,0.005220510288740041,0.00571965109212215
0.0144112016824315,0.015401233125029874,0.023792650286678298,0.037704648433043116,0.02523667583683542,0.0164669781426297,0.0563702845458526
0.009353788675432401,0.012017139905216611,0.020755465356540173,0.029662372640407244,0.011729583220728021,0.007191669052015839,0.0165438433094229
9.038983533305752e-05,0.00010737505095542332,0.000177319146236575,0.0002166283120507,0.00014830393859148,0.00013168338194360002,0.00010848701337935
0.007812773297971634,0.009201965609915111,0.0102366221030507,0.011872232660487342,-0.00010186853822627504,0.00013001159449832,0.0002280735765118
0.0002914869398247333,0.0003016567999518375,0.0004511326047712,0.0006038148669633858,0.0003019075311067,0.00022698439541342,0.00036954219672475
0.01655563081158965,0.019495669198138162,0.022790904482058325,0.023227441424842676,0.00587617499168944,0.00480516523944116,0.00324459121707425
0.007218413273612816,0.0081518570378276,0.011568198102382575,0.014992642824110242,0.008222923381681981,0.0062023410570614,0.00638428667679945
0.005519944445097117,0.006965478011355801,0.00904692699470405,0.0106959915225745,0.0003435324377681477,0.0002706248888636278,0.00046615649704165004
9.300314680606111e-05,0.00010698243665000652,0.00016632348779115,0.0002166459199056,0.00014164168772380002,0.00011295357710670966,0.00013827444732725
0.00024643677742398337,0.0002925262392737875,0.000448821303080425,0.0005847537107713287,0.00025692870542370005,0.00019879976315922,0.00017616087242814998
0.0011404223907278,0.0011938063168283376,0.001828123969352825,0.0024933794083850714,0.0013101468166159002,0.0009540704328871799,0.0015651320118546998
0.008350729374377282,0.009634485066918889,0.01787694844637875,0.024905946332356144,0.01713168051286318,0.01211972888688008,0.0276289466026041
0.00237165077829635,0.0026967242103663,0.0036795253877908753,0.004045919323916343,0.0011778713283179803,0.0009571589092039401,0.0007167598056129
0.023895334254354864,0.025704766635425282,0.028074981808418276,0.028438701494656014,0.00799393516216016,0.005946873455459799,0.00465156577993995
0.005784525113237401,0.006366869136146361,0.009308299322213475,0.011338956505438483,0.0043738123747383605,0.00340013819503152,0.0030526021979582997
0.0001870822627577333,0.0002150562983895875,0.00031239667300165,0.0003588381953754714,0.00017650164865286002,0.00013867888138084,0.0001120434090229
0.006306487397627767,0.007113876668920013,0.010811999751120951,0.014695891574790657,0.00889784900428528,0.0067529073152459195,0.0083933010994359
0.0007178014296884667,0.0009128174279510375,0.0016269543673342248,0.0026405001998960572,0.0006205562297943399,0.00047095086861777995,0.0002909701045193
0.004942928500987283,0.005305592371491013,0.00876481766541515,0.011430690238012159,0.00644417095694236,0.00471959611900978,0.00555003217784775
0.00025789287330843334,0.0002995193011475875,0.00044245334197325,0.0005150197016099143,0.00022137238711487998,0.00018390714284138,0.00016415041235985
0.005908372823231017,0.007027825435936013,0.00989551619122505,0.01081566088300837,0.0032435599911779197,0.0027997792195157403,0.00211071596445675
0.0016502224329016,0.0017352980816554872,0.002648328752990575,0.0035815515360050425,0.0017371101617458602,0.0012424004042579002,0.0016888099216563
0.00016645927591891663,0.0002015456329187375,0.00036321097922632496,0.0008156885997161429,0.0001538125355596016,9.71102247676147e-05,6.762990472501887e-05
0.007499110077846833,0.00828079719041236,0.005743425017334925,0.004702946331242443,1.8419298692540002e-05,0.0001792415158779134,2.2538056396450003e-05
0.0133118951040568,0.014109844464264311,0.014744845998891625,0.017858665447403856,0.0014614248376278401,0.0012469597633509998,0.0009060506474170499
0.0016845700084078498,0.0021485111645656377,0.003510679734879025,0.004142888661895672,0.0018251375897474602,0.00153817678289646,0.0011211603338305
0.0001476216163408,0.00015565910275312501,0.00022888414396837498,0.0003076000091354857,0.00017002191676938,0.0001284642539303,0.000205494275966
0.002293355099804833,0.00275018125369755,0.0028677221606986498,0.0027362840983703425,0.00021494758870855998,0.00017334466210736,8.631118462196688e-05
0.01117657188850125,0.011780644729501914,0.016560026089400673,0.021493710344984714,0.014059950614062719,0.01112798300513386,0.012114669656936451
0.0012703981059528169,0.00144461755937745,0.00166868059371295,0.0016835246933164859,0.00031858050929428,0.00026398612196528,0.00014993803002165
0.004624795722615167,0.004932214337626188,0.0076622637263589,0.010491642669457056,0.00605377105356882,0.004507573814949819,0.0066297066172704994
0.0002330337100554,0.00024335526948856252,0.00035685092284815,0.0004408744643199428,0.00020331131922856003,0.0001574741514404,0.00014842883178265
0.0002475226643242667,0.000274562879542675,0.00037225676742565005,0.0004424189389636,0.00017659879066008003,0.00013108515138766,0.0001225006718179
0.00783870352160685,0.009493444578845437,0.016176586531108577,0.02256632673478314,0.004252848531670661,0.0024813528993910803,0.00380537282189905
0.00015520750986628331,0.0001586679087801125,0.0002280671939602,0.0003115556071685428,0.00015714566221234003,0.00012070909909084001,0.00016138327883355
0.00018499435787806666,0.00018547894581766251,0.000281908507134925,0.00037132114865587144,0.00018240039827154003,0.00014068719637912001,0.00017091387347075
0.0011487677061810333,0.002187695923048975,0.007439275850721251,0.0150005078290003,0.007097808347199801,0.0039266325767564406,0.01120320738053035
0.0040360079209817165,0.0054256636987739,0.008646593907943001,0.010620291809179986,0.00037346903305994885,0.00013185847142315718,0.00018606912060125982
0.0001201415574051,0.00013416139377646252,0.000204902413577275,0.00026866752675004283,0.00015784842333447998,0.0001191376358829,0.0001796289305547
0.010242501164622733,0.01083609465862935,0.011686475966164725,0.010848246409893385,0.0020605204285451,0.00168466406632766,0.00125374429379465
0.008700956662068167,0.009813744567795338,0.014815222805187,0.01669852721588033,0.006484919948553621,0.00505285610016398,0.004526438621140201
0.00038652735435305,0.0007023446725030376,0.0034171517149317,0.006629068057637244,0.00065864595222742,0.0002592828278828261,-6.979654593185e-05
0.0005893094374884167,0.000654612197569525,0.0010465403201502749,0.0014285057433352857,0.0006426618648150801,0.0005264731197261,0.00050130630506865
0.00354709424938915,0.003987927824298513,0.004406099916364325,0.004683219927217601,0.00018208581667684707,0.00023171914283154002,3.518182506965e-05
0.00023603213290761664,0.00025809519976362504,0.00037620423279995004,0.0004814127818601142,0.00022509006521054,0.00018127011726348,0.00017332808910265
0.0020930562145195495,0.00232221597555085,0.0034579117839965002,0.0044169338260348434,0.0018834884456983801,0.00144199766117982,0.0016819656018497
0.0030428435013058496,0.003772481379710775,0.006217732481624324,0.0078035467004548,0.0036760875208734197,0.0031712229094284,0.0023062713007040497
0.0153536804533242,0.01655482629388091,0.021387236257002798,0.0254260531723146,0.00995018095125018,0.0070638335952628,0.009913003837070899
0.0001521512796110667,0.00018003770470257502,0.0002932442841612,0.00035854082403425714,0.00021855041141542,0.00018772346810166002,0.0001438382288208
0.00020728394727371663,0.00023219061426952501,0.000345322191642825,0.0005558741159875714,0.00020407460969876,0.00015445774399046,0.0001842425270585
0.018265017144867234,0.019919138972160386,0.024407039640523,0.03031179818961699,0.02208036215358162,0.019387762224620842,0.0153855633652951
0.00013381911449881668,0.0001441097591032125,0.000221718722104575,0.00029910666800810005,0.00017734063109034,0.00013355839673082,0.0001843081329378
0.006633383720925683,0.007759000232293001,0.012490009088280225,0.017273366707023757,0.0015899507127645,0.00077711450260574,0.00097528193188695
9.916208633855017e-05,0.00010600558354170306,0.0001535304536671,0.00021223726663164287,0.00011657164416802,8.825016082507634e-05,0.00013793209622854998
0.0021604894149164834,0.0022561207983855377,0.0034000399433635996,0.004494021898322814,0.00219221100584284,0.0014796957795897999,0.0024000420790547
0.0010315267180925334,0.0010434512699992499,0.0012079740155489,0.0014252333769006287,0.00026800854897249997,0.00021956427309596,0.00013773731550280002
0.03195465438216493,0.034219842048994524,0.027850400984106446,0.02440126089941327,0.004385687978493559,0.0036255375310566803,0.0010682525936257
0.004954584996667233,0.006340170521135199,0.010238957429617826,0.013940938917823944,0.00194652610090672,0.00130601447004816,0.0011341190800505
0.0055710010378609,0.006780631048298425,0.010127604928645825,0.011548331861717444,0.00407628313743758,0.0031705867910976197,0.0026080847795903
0.0008576816198464168,0.0009254772960815624,0.0014106074480235752,0.0017817602234958,0.0008207526500338999,0.00060150250603252,0.0008617562931461
0.0090702996277199,0.010147607013517074,0.013097555153693098,0.013335994759083415,0.0033182449056711203,0.00284695570898004,0.00165904067006605
0.0003989744029721666,0.0004764315967098,0.000788078410341125,0.0009674530267585571,0.00058825941553574,0.0005045257306797799,0.00037091219294415
0.006474304024171416,0.007240688488074512,0.01082536086367375,0.014704751054445584,0.00932836352485782,0.00704387693340934,0.00877731580696925
0.009110182137803284,0.011399635464418877,0.020422118493137277,0.0338963890443045,0.025679629622127796,0.017513972767186782,0.06265656474091005
0.024922992255576135,0.027032604090333777,0.023540012087787276,0.020642858371749284,0.00374960985263764,0.00217121765378418,0.00226207517201415
0.004406766691742533,0.00544909545163765,0.0099581089128343,0.012368815525892586,0.009597281436442,0.00864104137663478,0.0064124766026272505
0.0003250996025064167,0.00038975640449892497,0.00056674002883515,0.0006610660975959143,0.00028216674753821995,0.00020592450560902,0.0001599684679373
0.0005797863237868334,0.0006967229701169627,0.001271244975645025,0.0015323431687815,0.00111001509630122,0.00097707715704052,0.0007233774004695
0.0010354846061227166,0.001122313396857875,0.001328199081546725,0.0013927178815840574,0.00024484687680052005,0.00020412976840066002,0.00011821139709189475
0.0006395415297815499,0.0006950654524894251,0.00101430992315375,0.0013170271853388143,0.0006230667132391401,0.0004590684917522,0.0007168022598422999
0.00010929560004269998,0.00011943615535315,0.00017016768437225,0.0002403158028844857,0.00012992849772672,9.95928779481642e-05,0.0001414264655892
0.007854385857464067,0.00948834102203835,0.0119552041854419,0.014496776167359313,0.0010537202693694401,0.0004967121168617547,0.00010905988019925
0.01207769485108092,0.013279487297229026,0.020370683250492398,0.025071848557564645,0.01932547055513236,0.01687997940873976,0.01444731892016775
0.007974678907810484,0.008954637322859862,0.013114404698990174,0.019198850503315816,0.0061713860142986,0.00412517617900756,0.00612731076770285
0.0002861253128257833,0.00030401684217533755,0.000463182004212325,0.0006187007263267428,0.00031456229600886,0.00023459310036592,0.0003344580519289
0.00017073558086086666,0.0001779166739236,0.00025880254582555,0.00035656727419157143,0.00018962463546936,0.00014245376597847998,0.0002134506878754
0.00013681372949149998,0.00014544775611605,0.00022888900915209997,0.0003052490776665143,0.00018439241427980002,0.00013795228548756,0.0002027583067967
0.00023933279905143332,0.0002426282938560875,0.00035394997769419995,0.0004747113708710571,0.00024267467413531998,0.00019296614682668003,0.0002215017107689
0.0011099832355462335,0.0012037089163676,0.0018017779878745752,0.0022511868433576715,0.0009145994927582,0.00071329925730496,0.00078775828142695
0.01629669558822915,0.019211215294338724,0.0251091521606522,0.02606443294680576,0.0080974179450538,0.00670606216915252,0.00466129708822035
0.006886779035393434,0.009184833794257625,0.017500279476082375,0.027651908854634772,0.011393192536971599,0.007683587318951339,0.02009759481585545
0.00018783590174368332,0.0002014404149391625,0.0003055492713509,0.0006510645396806142,0.00020503766535170001,0.00013964707287488003,0.0002356025286586
0.0039793365635078,0.0045098609339115124,0.006809194831886476,0.009073830211306186,0.004494085508739721,0.00359684251051928,0.00433464318400775
0.0003319033035431166,0.0003986331605983625,0.000627998955898825,0.0007280480825455286,0.00039173069720033996,0.00034076731196486,0.00024531109829245004
0.0006632585006916,0.0007732559860797875,0.0013321781560831749,0.0016650513142953572,0.00123856948075208,0.0010184618431554,0.0008814824693365499
0.00014574377737065,0.00014503416795527498,0.000220515921139825,0.00029988821477762857,0.00016761841937086,0.00012715498030806,0.0001997688393698
0.0009493254775927001,0.00097819220467875,0.0013347747153495248,0.001625960939401429,0.00055368915952722,0.0004386103638462,0.000475273343015
0.00059979743121825,0.000630872816210775,0.0009618588799300751,0.0011501267408655855,0.00046525277098756,0.00037648983430106,0.00035152097373055
0.00019153319023955002,0.00018719884006467501,0.000337945004143,0.0009367636847416571,0.00039912322479699995,0.00022535414057664,0.00061928221088605
0.0034514237812968505,0.0036935858575978496,0.0055744705047251,0.007144729659061386,0.00342519592641264,0.0026513353620608603,0.0035958459717761
0.00964201729296875,0.011404456689551324,0.017581384269663675,0.020971041896183755,0.0164549034585285,0.015066422403815857,0.01274415962828715
0.0004276120729351333,0.000474753725109,0.00100217576867925,0.0016492009015071283,0.000121971960777357,7.883002053904233e-05,6.474411440424e-05
0.0008297074461216333,0.0009882747663364998,0.0015421600562011,0.0019366311397916,0.00111978174209322,0.00088557336520678,0.0009610429718737
0.008919858158360716,0.010627566104508612,0.01445116645546415,0.015475865994998313,0.00491002798910536,0.0042807460144708796,0.00334867510274835
0.00056939249487945,0.000632343032244375,0.0009344639457366,0.0012200303674555003,0.0006850599430649801,0.0005366954120625601,0.0007159834912267499
0.008294566689275364,0.008713037112545875,0.01264004578489235,0.0170301101116539,0.009321884677533221,0.007263270502338781,0.0074935491954178
0.00013407779385561668,0.00013254365025461252,0.000202800936696125,0.00026571642820399997,0.00015048327893966,0.00011342683811297133,0.0001654976705281
0.002192779084888283,0.002321001035347525,0.0029836277880635254,0.0034689792762368716,0.00094641287039224,0.0007696618716782399,0.00061459221268315
0.002090593283968883,0.0021761126294575625,0.0029775909346876498,0.0036535036147909566,0.00113832792732298,0.0008813480810025999,0.00094120169629525
0.0014565498946597834,0.001558772534738125,0.002375551312303675,0.002985325629692314,0.00133599156053626,0.0009813039488426598,0.001297041809475
0.00974821578010115,0.010707279026071225,0.0131960255232196,0.014027897773608156,0.00357745537486144,0.0029091731296627403,0.0018917323325842001
0.0005258251524895833,0.0005547869479388625,0.0008428406471639,0.0011265085185858715,0.0006032075653580599,0.00043970095633037997,0.0005758323240614501
0.008415121889425984,0.009254167555761663,0.010564387974734475,0.010635823115201615,0.00193037020097316,0.00149756481682616,0.00136584983056175
0.0043208907956232495,0.0045391832843482876,0.005450498861851226,0.005836454381631599,0.0012567413738028403,0.0010186479206698601,0.0007401531944911
9.424344876701095e-05,0.00010163415747616932,0.0001590898732955,0.00021248530552375714,0.00011435396214611706,8.616925205099976e-05,0.00014358140284884997
0.0005633818313289166,0.0005640194955292375,0.000800975091574775,0.001011456237262443,0.00039216340748926,0.00029295875739303995,0.0003432408512724
0.00014277711210053333,0.00015931620659899998,0.000232910626717075,0.0003019815414039714,0.00015500500706696,0.0001240980556247,0.0001607527221222
0.0002696295678275712,0.0005439351596981125,0.0025247487741949,0.006800249883999957,0.0022278213754178197,0.00104669511212632,0.0035614846300376503
0.0003613922634681,0.00037065836112186256,0.0004989261095119501,0.0006374547497803572,0.00026329320564754,0.00019090745293078,0.0001893388407606
0.00030857208919496664,0.00032661229936325006,0.0004550402103062,0.0005588792635651714,0.00023154688226504003,0.00018126104003212,0.00019222230231889998
0.0018770554374428832,0.0022543754507144877,0.003286637911941375,0.003526886690102657,0.0010274033689809399,0.0008758313312868001,0.00059620667462615
0.019715149836096,0.02251539184870461,0.025263689160568526,0.025614465247452842,0.00649144044398664,0.0057895066215279,0.0032486804991302
0.00011901102903261666,0.000123284937520875,0.0001700972042037,0.0002420272368274,0.00013950397391958002,0.00010135531313002855,0.00016883522549005
0.0009956457251152665,0.0014551961615342376,0.00404679031469945,0.007331487487313343,0.00180622841539506,0.0011086014027050198,0.00107091474437555
0.00019752645422482307,0.00028984559259467505,0.0010436215387352,0.0031584265956827286,0.00203771659958428,0.0012476874061467399,0.0016692087555547
0.008116432380682184,0.008377099210906038,0.0054926140600834,0.004593042307341386,0.0005170899884120895,0.0005363989926640801,0.00021782315284500628
0.0035404047323781673,0.003923831360415963,0.006187856935126751,0.00852305309367173,0.005077965345611319,0.0038246400861158803,0.0046876107934274
0.004824462704973667,0.005271562934066675,0.008786029537952874,0.011995491107025844,0.008179908237813581,0.00643000069615924,0.006674845502140149
0.0015921143817241334,0.0017180788720850002,0.0019909322214293,0.002108709939660857,0.00038381101798171997,0.00036283465368,0.000231784231152
0.018435414863785082,0.02058187469361231,0.025178306705229997,0.03014912888193667,0.01593251362373396,0.013689224450406018,0.0102191022385351
0.0013196320192663165,0.0014142102805142125,0.002003437667176375,0.0025861103662522997,0.0010434729443277399,0.0008610005092566601,0.00108673757703625
0.0030022296372754,0.00349049599378795,0.004623006745766325,0.005020003535046872,0.00111516179980366,0.0008751911004307,0.00063190493564485
0.010792626841587216,0.012391109402940912,0.018124981624990398,0.021918959722905,0.012863325437916278,0.011215975762436341,0.009276220691997749
0.0007197159008659001,0.0008134399370568874,0.001909652368479,0.004461363166514428,0.0026420524368715005,0.00141204723339904,0.0074672995923777494
0.0043727669380578165,0.0049052921135637004,0.007827840325537724,0.010450986073485087,0.0055488752244688,0.00431485498062968,0.00459009499340975
0.0017006262664426503,0.0019496225018257752,0.003107781224058575,0.0043891825176604286,0.00049408426990216,0.00036211356134978,0.0003360063655781
0.0017330816052593498,0.0022323313497066375,0.004005989877374751,0.005036376278923171,0.0036335253978424,0.00316586406043706,0.00231903470901165
0.004843070836587484,0.00526626630947505,0.00783994786721195,0.010824428409224512,0.006381881228962839,0.0046183824570307395,0.00655063426402255
0.01120272927355815,0.01328728934091995,0.018069943503362926,0.0188525889272461,0.006231266370024799,0.00496639615109488,0.0032634460934685998
0.015074846855109117,0.0167849948453841,0.021824712360457577,0.025735606825191916,0.014161209276296341,0.011359048356307059,0.0096922951770554
0.034940980242028435,0.03563971729620741,0.030336180199788197,0.02621155520046367,0.00490795324826048,0.004051719220732,0.00254603071356995
0.0017826139599560833,0.001908362694426375,0.0030702527873440752,0.004058420323121971,0.0021635793403778597,0.00154704507976648,0.0023058174005994
0.00048381149441031673,0.0004979215480935501,0.0007360688937237249,0.0009528787477456285,0.00044911442226396004,0.00034049658989880003,0.00044773699358635003
0.00015438710397939998,0.000191992063613175,0.000291482011925125,0.00038771153986202856,0.00022857560528792,0.00017507411162096,0.0002481402619248
0.009175795288374802,0.010454645663602814,0.008555315317377724,0.008132889425982172,0.0007415026202487599,0.0005367923817872525,0.00040657836506814997
0.008088057803806335,0.009989887872953337,0.015220098233076277,0.019315468235702,0.012684584647141981,0.011357915242934481,0.0083502758808124
0.014422446191941383,0.01514487084594705,0.015803554740872673,0.014595223187053299,0.0031877353830233796,0.00275123825224086,0.00117118404970115
0.017318937921894605,0.018889294216896526,0.025844413517813976,0.03596188056135102,0.02331116607372648,0.0173471717410782,0.04986481745673925
0.004220846469133634,0.005039163936801588,0.006253463671413175,0.006152730822500915,0.0014173221638905799,0.00127039509167736,0.00070010416200645
0.009031721067278417,0.011340599754033863,0.016626296972820174,0.02092617249383973,0.016561903834603698,0.014568824579672878,0.0128434157823695
0.00023715745480106667,0.000276243580860075,0.00039764492087160006,0.00045457305835512856,0.00021572650227527998,0.00019004793410168,0.00014403501128760002
0.00020027390069568335,0.0002288354667873,0.000367375414028225,0.000987513549635143,0.00025714834472450004,0.00016952856005546,0.0003442874043199
0.01119045934176085,0.012868619531649327,0.01361949100097545,0.013153614274634715,0.00195564937931288,0.0015019163957079203,0.00054842919618455
0.00017817238536721667,0.00018595465496841252,0.0002671007542389,0.00034450513393337144,0.00015998944273764,0.00012843128507643997,0.00015540599790410002
0.0004731879991431167,0.000574674378516825,0.0009472147106414251,0.0011263238308685858,0.0006466046596991001,0.0005776831586133,0.000403399324779
0.025668787294494583,0.02862818987266818,0.029487529035626528,0.02827098811607792,0.006691715664207521,0.00524512269236342,0.0053552913335559
0.0039962887296728,0.0050429589254777875,0.0056967958253740245,0.006365064611677786,4.980847562367362e-05,8.86341673444339e-05,0.00016860188490755
0.0008166693803322834,0.0008567443508139751,0.0010683599326070249,0.001245474680889257,0.00016429512989814,0.00011690710558418325,7.568843920967283e-05
0.00240591744782805,0.0031875503273247497,0.0052390869258997505,0.006286003209840443,0.00309324268478764,0.00273631823746438,0.0020588614572008
0.0012928965427711334,0.0015735357840121124,0.002734600987280975,0.0032311249582522286,0.0017945025956817601,0.0015290514191660801,0.00114627554238305
0.00045193520163645,0.0006749290290149624,0.0027229310149925,0.0070712255565700865,0.00146321117742878,0.0006164514409103199,0.0017733367487111
0.00095389725736315,0.0010129378437668001,0.0015075233990378251,0.0019355097668492,0.0008289551583767201,0.0006643839888827001,0.0006962050096418
0.009604183081030835,0.010350052880702,0.009235070661754476,0.008674376691946841,0.0005899496315105799,0.00029135921055925996,0.00043967157220415004
0.003143855284141133,0.0035975280380623875,0.0056594528466762505,0.0065490387185522,0.00229301685509626,0.00179625837278762,0.00172757714241145
0.0017498639863136663,0.0020717955261984624,0.003424004944253525,0.0043482720586921,0.002879408497765,0.00255576072638678,0.0017533893105638
0.00012089428436418336,0.0001357067911383875,0.00020514288544165,0.0002737680533111715,0.00015568803569708002,0.0001165891092237,0.0001670637366499
0.013052041370913483,0.014271825962510363,0.0195990922839743,0.024158625703197472,0.01225768536265808,0.0100490830989066,0.00873581472026035
0.0021442701559393497,0.0028710598175696626,0.004611012025084975,0.006077070332710571,0.00030063992681046,0.00028960388635069996,0.00018465303569625
0.0083285316355708,0.01058019410443585,0.019559304972823873,0.032410829117817015,0.022948262301476063,0.01554038626572754,0.0459985230511962
0.00014370543366423334,0.0001579464088028375,0.000233584900338425,0.0003073348772288857,0.00016826446760066002,0.00013210650785092,0.00015540087769845
0.0011130718628669168,0.0011453280660908124,0.001591152909934475,0.0019846987019973145,0.0007453634482305,0.0005964613719806399,0.0006346885361660001
0.00398405910906125,0.0041801007134679375,0.00621932402563735,0.007713067708391029,0.00215866042912902,0.0016743272868595602,0.0018677375028656501
0.00114377220566775,0.0015104305333005375,0.0025779152013521503,0.0031475645603968143,0.0021480664246235,0.0017652963117376803,0.00155456232733955
0.00012326584178601666,0.0001334430313936125,0.00019629578799390003,0.0002875926368752286,0.00014913290634644,0.00010629007571719745,0.00018276314208465
0.0002896333550924691,0.0002905015705487159,0.0020367432167654,0.0058248196784959575,0.003774726559232,0.0021553098625066,0.00408287177838195
0.00036769386008589995,0.00038338019547204996,0.000557372810512025,0.0007435914636026,0.00036329370297226,0.0002922979787210201,0.0003683587683304
0.0003781698132599833,0.00043547437658130004,0.0005414009143237,0.0007809262352704857,0.0002204692676348,0.00016552098217323998,0.00017312756694755
0.018609084656308485,0.02028578622707835,0.020532387252557575,0.01851847784627243,0.0038685360483196596,0.00345457327281926,0.00260107798359755
0.0008895378721553333,0.00093579220803405,0.0013734256722549752,0.0018138503596947283,0.0009129189770459999,0.00066175819958526,0.00105311003625335
0.0026169000118571664,0.0026584669821808128,0.00409940391546855,0.005290217254800114,0.00234067394784042,0.0018245973156547802,0.0026064775460316
0.0013432723458329332,0.001438317717121675,0.0020378313515881,0.0025773690423136143,0.00104190957269078,0.00077724726374304,0.0009522333601514499
0.0035122003472859166,0.004226676593360488,0.004511310277893825,0.004040630815423643,0.0007490324160398399,0.0006762571603712599,0.0002516399936562433
0.00024257138488906663,0.00025670415469515,0.00034065669925384997,0.00043547773034875714,0.00017625306431714001,0.00013692088357911998,0.00015854896019720002
0.0001245977795531167,0.00013192110191886252,0.00020137558679380002,0.0003203994039012143,0.00014186909730134,0.00010471987539274376,0.0001796476198804
0.024271332332548436,0.02762145763136473,0.03218799806574753,0.031201321772150025,0.0106051110879247,0.00924262468775538,0.0067000691729331
0.0007907475602182,0.000894253175392425,0.0013517200155435,0.0017531335297554,0.00081336364387026,0.00059850103489746,0.0007551753988911
0.004464361976093933,0.005521975630572274,0.0090035971768214,0.010680274577879458,0.004754208878639421,0.00421435219794552,0.003285458090978
0.01974299827268868,0.02189536778016724,0.022778346364758353,0.023304736179267843,0.0055534342224577,0.0040637003569232,0.00381155554263775
0.0002863600156919333,0.00031432131276130004,0.000436964161218825,0.0005296920223789144,0.0001988751800416,0.0001574320090452,0.0001606479053849
8.255185687062304e-05,8.993800022666866e-05,0.00014642974849250003,0.00019089779989042856,0.00013130435148268,0.00010702687291712937,0.0001477950519283
0.0009780399311803167,0.0010992810769056877,0.001762508368690775,0.002414479632986372,0.0001944195094272,0.00015990132802177156,0.0001530932904388
0.00083937524722395,0.0010636093302791626,0.00190547889256845,0.0023792565537480714,0.0016977249222440399,0.0015229245169941,0.00117230465003015
0.0012932012700892332,0.00136692303316445,0.001575608990571975,0.0016867326679216286,0.00034663092487918003,0.00030219970133756003,0.00022825434447544998
0.00019046740652976668,0.0001877941005757625,0.00029037896391655003,0.0003879096329485429,0.00020374351633484,0.0001509703395003,0.00023202243883000003
0.0028493974550600834,0.0032114170601805127,0.00532161363373785,0.0068203744625610135,0.0037603132571417397,0.00280508833400082,0.0034204914821921
0.008852280724572484,0.010258783716661475,0.016587216749523473,0.024692390711065097,0.00531141885621696,0.00237337208805546,0.0057824052153216
0.0010730002445286,0.0011126027503529999,0.00166996530863275,0.0022550724824856,0.00112451874982534,0.000871408916449,0.00111157829544915
0.0008423190183048336,0.0009126136417419001,0.001190679837463625,0.0013228399912444285,0.00037330081375126,0.00031891441276772,0.0002255203064535
0.0001195291591305327,0.00024919553596030165,0.001011373011778125,0.0032736154233979713,0.0016572228875924798,0.0008635024786245801,0.0021104443768815
0.003295325077170934,0.003994683312316663,0.00541971187078805,0.006023096102424985,0.001384450815257,0.0011194345040029402,0.00081179709678295
0.0005114094658452334,0.00055512667298965,0.0009087526872375001,0.0011735983076604857,0.0007359642336611,0.0005877510708173401,0.0007115091877338
0.0009301066715011666,0.0009602375345211126,0.00131809010054905,0.0016146814160293715,0.00057667196892598,0.00044752851824762,0.0004634959434765
0.00023656849663531665,0.0002332307517898625,0.00034428497318774994,0.00041542081330009996,0.0001713689195162,0.0001336242917729,0.0001597283445806
0.0003240706943852333,0.000361424545551225,0.000535048744548825,0.0006848907576982571,0.00030702078100236003,0.00024591487564608,0.0002345080713809
0.007060877632449166,0.00927803722906215,0.015996996356615625,0.022526379399857487,0.0040988617726957,0.0020827311601919604,0.00326395122293365
0.0096614819222653,0.011191762260755564,0.017411483498035202,0.021281083196470412,0.016952503520395002,0.015364499050461139,0.011467162593419001
9.19388613158817e-05,9.041904638240793e-05,0.00018562294043582498,0.0006524406906795,0.0005873489088303,0.00033840123969316,0.0004020044813575
0.0008418623277785833,0.0009104175158005875,0.00140569203083565,0.0019298198694248287,0.00109041918365104,0.00081611502207174,0.0013227414177747498
0.012849824389799834,0.014749509506560187,0.021199568345795776,0.024757640552534488,0.016452201664210915,0.01459501760657562,0.012415117734889451
0.01235978378979135,0.014528128591885963,0.021377977868052248,0.026301752589237972,0.018855992635917262,0.01680372553236336,0.012974439784675999
0.00014740163242098333,0.0001687538331606125,0.0002872503305575,0.0003577960338001428,0.00025808620052708,0.00020629604350990002,0.0002002749729658
0.01163335767496467,0.012912450980358186,0.01819296357964635,0.02230144777625533,0.0125663055009964,0.010206431422196221,0.009534136698076751
0.007864129782441267,0.009040144610383062,0.0121300446130184,0.014965562187786585,0.00044786807649628004,-2.2861651018384218e-06,8.014480663248646e-05
0.0002478517849049333,0.0002506362036931375,0.0005447555826383,0.0015975658556194143,0.00030669293903350006,0.00014264539175131916,0.00044422047544925
0.015245122776088584,0.01672284484118086,0.0225841989130248,0.0297618655467786,0.008684528799253102,0.00541252105094288,0.00836193077922285
0.006832543922843,0.007361475851989788,0.011298807928082499,0.015204646004238955,0.008902354573962202,0.007098066447614201,0.009221187944599
0.00023234006818088332,0.00027602761155631246,0.0003841608742798,0.0004062290983086,0.00015059108741628002,0.00012187638881972164,7.095058183461563e-05
0.00026447810643325003,0.00029291209743003744,0.00038795208760750003,0.0004664969736689,0.00017635458762556,0.00014093136015652,0.0001321282968178
0.00014849816952709999,0.0001611519446272,0.00024407817360265,0.0003128052331980143,0.00017507896587181998,0.00013819484036329998,0.00014943532494065002
0.017305564099279733,0.018841570634978287,0.025468012136305403,0.02957905846798884,0.02167875237126274,0.018777546083201802,0.01522556288358475
0.018844891344567752,0.020081207179764388,0.0175919896693915,0.015357146208148343,0.00226611555187752,0.0019177084913037199,0.0025473752481635003
0.0019019803930557667,0.0019872507790034497,0.00237903256815785,0.0025417631938640718,0.00053468163031742,0.00045705427305364,0.0004351822358433
0.0001349517196699,0.00013846252287905,0.0002080779501661,0.0002827257446451429,0.00014829602909188002,0.0001121442447344383,0.0001979434153143
0.011673132273151867,0.013793987529542813,0.02122232676396995,0.03243898735324889,0.01367920199793814,0.00879175082940664,0.02227283939028985
0.007441914079857766,0.009225129402363225,0.0196926929382837,0.03221460252699337,0.026003232746173298,0.01780078544021376,0.0647362623593455
0.0009197465818790167,0.0008953995079542375,0.00118176962953375,0.0013136713251179,0.00037348620392721997,0.00026559809190583995,0.00028517511730315
0.025924006196279232,0.028853803926596602,0.03217587031716368,0.0326269881280418,0.010843193895889239,0.00961304693008674,0.0064950603629776
0.009958203962639451,0.0107599337325259,0.01683443519354772,0.020994390472337986,0.0138623872139261,0.010769193694498918,0.0142820152658269
0.012459707362356133,0.01442052757249506,0.016028565402462877,0.016664004888299257,0.0032528247127981804,0.00247315971011476,0.0016176349953679501
0.017211497994474967,0.020053024791175524,0.025884308624940025,0.027387583580479175,0.008356228336735879,0.00797468258069936,0.005966938986045851
0.0006423085435092001,0.0006382338570563625,0.000972761991160075,0.001269832685940357,0.0006595192721157601,0.00050650426365258,0.0007690239906126
0.0017442053578401165,0.001986753094674863,0.00307286118805645,0.0038837583249981,0.00166173257327558,0.0013751983799623001,0.00136162614690215
0.00018914337717286666,0.000204523144247525,0.00030091227343405,0.0003925312142268857,0.00020893189317143998,0.00016068287796546,0.00020968848252535
0.00011101950759226577,0.000127871947360775,0.00020392603680610002,0.0002507258342039286,0.0001577414826512,0.00014450782387814,0.000130543710106
0.008476630177555367,0.0098428310076269,0.0148930786467831,0.01908104670920146,0.016042445276977742,0.01420637378464622,0.011486806276783
0.0002833110894708166,0.0003147707632303625,0.000404299917566375,0.0004861598986813429,0.00017927183163681998,0.00013940518684967999,0.0001280480843691
0.0013857595420611003,0.0015081730388211124,0.00193513319385645,0.0022319841208291572,0.00029401288761916005,0.00019487879700246001,0.00022917330200119998
0.0005779630784977166,0.0006396016687716001,0.00089069543811215,0.0010556244321435143,0.00039578900016568,0.00030972940631294,0.00030656238452605
0.0008137137934329501,0.000837064530292025,0.001227430279231725,0.001613487959048957,0.0007752211648064001,0.00055674255377308,0.00069890702816025
0.0022364856793963502,0.00227566521983185,0.00343812932264995,0.004525085161487758,0.0018021272181155997,0.0013277523745953,0.0019315962883804001
0.00114175254038225,0.0012209346676546875,0.001746202213999775,0.0021697977874116712,0.0008436288722418999,0.0006667104413826,0.00075309093453495
0.00203965719743915,0.0024004303486601123,0.003410509941311375,0.0041107508677694134,0.0004886458303026799,0.00043546498511578,0.00025134500703785
0.0006450239985996499,0.0006815671797502876,0.0007925231027556501,0.0008940036906399001,0.00020987881741784,0.00018396341313179997,0.0001300516463074
0.007248478486336917,0.00881753489297395,0.013354086301094775,0.01743019021405724,0.01317789110653402,0.01162241616547558,0.00894020422203305
0.0002443124400501,0.0002830597645724375,0.00044278940765424995,0.0005979023333607715,0.00035528108977288004,0.00028088156865599997,0.0003960003023876
0.0004262398511345,0.0004965440074874875,0.0008831743322895,0.0014726345944325286,0.00015421745908142,0.00011671772576314,0.0001015964292163
0.0005380717030356,0.000648402505964275,0.001048586664651175,0.0012434022341374,0.00061944201384094,0.0005365435459881799,0.00030259608280780003
0.00018844217048188334,0.00018421356151360004,0.000263113473130125,0.00034789997900485715,0.0001567296710918,0.0001261846872191436,0.00016578502988235
0.00014726094872511667,0.00017133233827187498,0.0002381815202012,0.0002983152121094,0.00013725186064804,0.00011214145075178229,8.121458715167548e-05
0.0018323861767558334,0.002334217992921137,0.0038469939314613,0.004637322601179929,0.0027654637546102798,0.00236488552735674,0.0017317333298687999
0.007597622663282949,0.009048168120915136,0.01350353030347495,0.014796303252709071,0.00608276606359622,0.00480535872153924,0.0038121171777403505
0.0004824059284860333,0.0005484371052430125,0.0008224799965391,0.0010332008896182143,0.0005429741108528601,0.00043655548375884004,0.0004071617164037
0.00011374107640168333,0.000128330946951125,0.00020016173250827498,0.00024187480234574285,0.00015434379919622,0.00013660221093758,0.00010090055182945703
0.0007438639321936665,0.0008640769139261626,0.001282139927646525,0.0014645574884054428,0.0005153659330195,0.00043752781623222,0.00034590626775905
0.00877046859017165,0.010458221093984399,0.018304652897296724,0.02660379213358279,0.00925146599172152,0.0053364833958687,0.01157920764826655
0.0024511605876688164,0.0035581825840658252,0.006496257333777325,0.009400724769476143,0.00034945019289777995,4.732403954818001e-05,0.00023192392730218996
0.004452674673188717,0.005553674644902862,0.009528357031450824,0.0134520773097041,0.0006055535874993383,0.0001832400512012383,0.00010270595470943111
0.004484571403296684,0.005474807003432425,0.009407401901143374,0.014102254204407286,0.00255790628849432,0.00147485502082612,0.0014272863005745499
0.0012830894705920667,0.0015528635295072,0.00259607743807515,0.0033953174951937572,0.00193219075519536,0.00163814006625728,0.00147908977709805
0.0008462876279919833,0.0009108914919560751,0.00137653197387325,0.0019929202557357286,0.00026948084709554,0.0002590327353143,0.00016027802682634998
0.0308346791646912,0.033116327620753234,0.028105503979145175,0.025616787274103856,0.0048743653576573,0.0041391405616827805,0.00324463149369905
0.041075539870517104,0.04348447675126586,0.03788607966376087,0.03330942232023174,0.008906743157550742,0.00788016464864644,0.00530421450690295
0.00013729487415756666,0.0001370626226732375,0.0002032936977875,0.000283247496519,0.00015365011375394,0.00011724708034284727,0.0001709832541382
0.0007565832807115499,0.0007683281048168501,0.001144686024065675,0.0015041605877131573,0.0007287093300870401,0.00058400257094664,0.00078714723711775
0.0011329524591533332,0.0011480219244007124,0.0016075280401832248,0.0020394653467608,0.0007872199109129399,0.0006321997287493,0.00064738686990395
0.0017046423281301666,0.0017836455362245124,0.0022495429615735,0.0025572165218615286,0.00070024321777714,0.0005461905689301999,0.0004489392081892
0.013913188708059599,0.016009258840575424,0.020054052703139078,0.02103706246285269,0.0063555884084969,0.00508156492688374,0.00395464631326055
0.00015882894989883333,0.0001809638161917625,0.000276643588246925,0.00033868990476181433,0.00020112984776284002,0.00016203919627172,0.00014695002643905
0.00021163602035243333,0.0002317611945190875,0.00034285762152947504,0.00042758844367732856,0.00019497103896574,0.00015407431316352002,0.00015802362583475
0.016491198107495667,0.018855134704842437,0.0259137682315803,0.02697836441363436,0.010385416328628699,0.008988120801015919,0.007583049342073199
0.00021920892650346665,0.0002251071145805125,0.000346280159996525,0.00044362224830174284,0.00021924692170578004,0.00016829618846658,0.00020455871733560002
0.01435938768485225,0.015709442379163135,0.01444136099360345,0.012653007292838385,0.0023144141359838196,0.00197919405952726,0.00032801304144035
0.0022446550165557667,0.002496450590195775,0.004038176298684025,0.005187119386668187,0.00299898191667164,0.00247187798262902,0.00314152082606265
0.0016778620462472502,0.0020175770336281003,0.003259335295262925,0.004345219375897972,0.0026478342661910396,0.00213001684447324,0.0018548973762337
0.0001829333578256333,0.00019038474451445002,0.0002696259478156,0.00035047963879397144,0.00015156671390774,0.00013011907882008,0.0001480683211772
0.011690035884714,0.012970315830671014,0.014892986439262776,0.014780777983443358,0.0024084741344518605,0.00213442064645884,0.00191338243966795
0.005807624926855601,0.0065335573142423255,0.010031215168473325,0.013274468072867099,0.0069461514131633805,0.005612646828006379,0.00707834736729895
0.0015211290028151333,0.0017929887269997125,0.002232792219056,0.0024477143260100143,0.00018541138424773998,0.00019705353031810002,0.00020997340184975
0.01648865569837023,0.017388460751888237,0.018773333486998924,0.019167023358379942,0.00409334256622094,0.00302315931779636,0.00253584201959825
0.003307181903147183,0.004025844514480988,0.007250676087043475,0.009147464034110599,0.00588401261597966,0.00518080249697028,0.0043188406210522496
0.0006222310422602334,0.0007158614410336749,0.001109430304694175,0.0012501893972304283,0.0004404282274986,0.00035471468166812,0.00029701386413535
0.0002018380556776667,0.0002136447183964625,0.000325268354895375,0.0004312706631726571,0.00022738350340285998,0.00017387874749134002,0.00028700231581705
0.0005772941115123666,0.0006337565870789,0.000971133242244375,0.0011895957268314998,0.0005639315810222199,0.00046429625520266,0.00044119599901690004
0.00027826507497780004,0.0002813183111697125,0.00040012794053224997,0.0005507514865624143,0.0002493536236812,0.00018122157952646002,0.00022059622325545
0.0006723818670201499,0.0007565923362589625,0.00105518785076705,0.001536960623839943,0.00017960646971186,0.00011567388878087678,0.00012633496218485
0.009751598496147117,0.010067495430924887,0.01233281297438185,0.012956370377702628,0.00320847390083448,0.0024263403817965804,0.00184064987797225
0.006772043727762367,0.007168782381078149,0.01042014851243665,0.012425658989616714,0.00449014668468102,0.0035301188841077207,0.00325319677081065
0.027157045510297722,0.02859320887059335,0.02342842160156425,0.019891369481772513,0.0034126483933996795,0.00277251918247042,0.0017049799022901
0.006427979743010716,0.008018263929578813,0.0157445513561747,0.025535790337671373,0.00992713789864626,0.00602986491829526,0.014908331254102099
0.0042925652402830165,0.005010078378198137,0.008006980733378176,0.009998231709097014,0.005136498994757981,0.0040104332101438,0.0037692964001161504
0.004920508156237634,0.0061201060397308125,0.008949567413754375,0.009571712625703372,0.00297105995802958,0.0024826681918517198,0.0017175221750847002
0.005653973918615766,0.0066362119490690746,0.005574833122888925,0.004862032466112657,0.00049831034267896,0.00042732623570258,0.0002509183719260326
0.0006297805662089333,0.0006963024482835125,0.00164293694449295,0.0037911891492797283,0.0005370174933536399,0.00040804472973042006,0.00032152059068705
0.00038189218651015,0.00039829700661384997,0.000553079707987975,0.000658772206641457,0.00023686183175866002,0.00019157824637676,0.000219126320926
0.002821758126521167,0.0032737929175337003,0.005167674941663275,0.006886424622254657,0.0039025255954270996,0.00304153857255136,0.0043001908861275
0.0002912894622954,0.0003632488976565625,0.00059351976268525,0.0007285438431972857,0.0005127912049313999,0.00044237531213975995,0.00035994748125605
0.008541384406437065,0.009275520875863825,0.01147287490794365,0.013867046171513044,0.00443399309259346,0.0033734850747402594,0.00341958579865755
